episode,reward,steps,success,epsilon
0,-55.4556,999,0,1.00000
1,-55.9889,999,0,0.99900
2,-57.1444,999,0,0.99800
3,-54.9222,999,0,0.99700
4,-55.1000,999,0,0.99601
5,-52.6111,999,0,0.99501
6,-54.7444,999,0,0.99401
7,-55.9889,999,0,0.99302
8,-53.3222,999,0,0.99203
9,-54.6556,999,0,0.99104
10,-54.4778,999,0,0.99004
11,-57.4111,999,0,0.98905
12,-54.9222,999,0,0.98807
13,-55.5444,999,0,0.98708
14,-55.1889,999,0,0.98609
15,-52.9667,999,0,0.98510
16,-55.2778,999,0,0.98412
17,-53.7667,999,0,0.98314
18,-54.6556,999,0,0.98215
19,-54.5667,999,0,0.98117
20,-58.2111,999,0,0.98019
21,-56.6111,999,0,0.97921
22,-53.4111,999,0,0.97823
23,-56.4333,999,0,0.97725
24,-52.3444,999,0,0.97627
25,-53.8556,999,0,0.97530
26,-54.1222,999,0,0.97432
27,-54.2111,999,0,0.97335
28,-53.9444,999,0,0.97237
29,-50.8333,999,0,0.97140
30,-54.5667,999,0,0.97043
31,-55.7222,999,0,0.96946
32,-53.0556,999,0,0.96849
33,-53.7667,999,0,0.96752
34,54.0556,847,1,0.96656
35,-58.1222,999,0,0.96559
36,-53.5000,999,0,0.96462
37,-55.4556,999,0,0.96366
38,-52.8778,999,0,0.96269
39,-54.1222,999,0,0.96173
40,-54.3889,999,0,0.96077
41,-55.7222,999,0,0.95981
42,-53.9444,999,0,0.95885
43,-52.8778,999,0,0.95789
44,-51.9000,999,0,0.95693
45,-52.7000,999,0,0.95598
46,-51.5444,999,0,0.95502
47,-52.2556,999,0,0.95406
48,-52.4333,999,0,0.95311
49,-53.4111,999,0,0.95216
50,-52.9667,999,0,0.95121
51,-51.4556,999,0,0.95025
52,-51.1889,999,0,0.94930
53,-55.2778,999,0,0.94835
54,-54.6556,999,0,0.94741
55,-52.2556,999,0,0.94646
56,-53.5889,999,0,0.94551
57,-53.6778,999,0,0.94457
58,-52.1667,999,0,0.94362
59,-53.2333,999,0,0.94268
60,-51.9889,999,0,0.94174
61,-54.3000,999,0,0.94079
62,-54.1222,999,0,0.93985
63,-51.9889,999,0,0.93891
64,58.3556,780,1,0.93797
65,-53.5889,999,0,0.93704
66,-52.0778,999,0,0.93610
67,-53.5000,999,0,0.93516
68,-53.2333,999,0,0.93423
69,-51.6333,999,0,0.93329
70,-51.6333,999,0,0.93236
71,-51.3667,999,0,0.93143
72,-51.9889,999,0,0.93050
73,-50.0333,999,0,0.92957
74,-53.4111,999,0,0.92864
75,-52.4333,999,0,0.92771
76,51.0000,906,1,0.92678
77,-52.0778,999,0,0.92585
78,-53.5000,999,0,0.92493
79,-51.4556,999,0,0.92400
80,-52.7889,999,0,0.92308
81,-52.2556,999,0,0.92216
82,-50.7444,999,0,0.92123
83,-50.5667,999,0,0.92031
84,-51.0111,999,0,0.91939
85,-50.9222,999,0,0.91847
86,-52.8778,999,0,0.91755
87,-52.4333,999,0,0.91664
88,-53.7667,999,0,0.91572
89,-50.0333,999,0,0.91480
90,59.3111,758,1,0.91389
91,-51.0111,999,0,0.91298
92,-48.7000,999,0,0.91206
93,-51.2778,999,0,0.91115
94,-55.0111,999,0,0.91024
95,-53.9444,999,0,0.90933
96,-49.1444,999,0,0.90842
97,-51.5444,999,0,0.90751
98,-50.4778,999,0,0.90660
99,-50.2111,999,0,0.90570
100,-51.4556,999,0,0.90479
101,-48.7000,999,0,0.90389
102,-51.5444,999,0,0.90298
103,-52.6111,999,0,0.90208
104,-49.7667,999,0,0.90118
105,-49.9444,999,0,0.90028
106,-51.7222,999,0,0.89938
107,-49.9444,999,0,0.89848
108,-53.5000,999,0,0.89758
109,-52.5222,999,0,0.89668
110,-52.4333,999,0,0.89578
111,-51.6333,999,0,0.89489
112,-50.8333,999,0,0.89399
113,-50.2111,999,0,0.89310
114,-50.1222,999,0,0.89221
115,-51.9889,999,0,0.89131
116,-51.8111,999,0,0.89042
117,-50.3889,999,0,0.88953
118,-50.0333,999,0,0.88864
119,-51.0111,999,0,0.88775
120,-50.0333,999,0,0.88687
121,-49.6778,999,0,0.88598
122,56.7222,831,1,0.88509
123,-50.2111,999,0,0.88421
124,-49.0556,999,0,0.88333
125,-48.4333,999,0,0.88244
126,-52.8778,999,0,0.88156
127,-52.2556,999,0,0.88068
128,-49.5889,999,0,0.87980
129,-50.7444,999,0,0.87892
130,-49.0556,999,0,0.87804
131,-50.7444,999,0,0.87716
132,-49.4111,999,0,0.87628
133,-49.6778,999,0,0.87541
134,-49.1444,999,0,0.87453
135,-48.7889,999,0,0.87366
136,-50.1222,999,0,0.87278
137,-52.6111,999,0,0.87191
138,-48.4333,999,0,0.87104
139,-48.9667,999,0,0.87017
140,-48.7000,999,0,0.86930
141,-49.4111,999,0,0.86843
142,-48.6111,999,0,0.86756
143,-48.4333,999,0,0.86669
144,-50.3889,999,0,0.86583
145,-50.4778,999,0,0.86496
146,-48.4333,999,0,0.86409
147,-47.3667,999,0,0.86323
148,-49.9444,999,0,0.86237
149,-51.2778,999,0,0.86150
150,-47.5444,999,0,0.86064
151,-48.8778,999,0,0.85978
152,-50.1222,999,0,0.85892
153,-45.9444,999,0,0.85806
154,-48.8778,999,0,0.85721
155,-49.6778,999,0,0.85635
156,-50.5667,999,0,0.85549
157,-50.9222,999,0,0.85464
158,-47.2778,999,0,0.85378
159,52.3667,975,1,0.85293
160,59.9889,825,1,0.85208
161,51.2000,976,1,0.85122
162,-49.2333,999,0,0.85037
163,-48.4333,999,0,0.84952
164,-48.7000,999,0,0.84867
165,-50.8333,999,0,0.84782
166,-48.6111,999,0,0.84698
167,-48.4333,999,0,0.84613
168,-47.2778,999,0,0.84528
169,-47.6333,999,0,0.84444
170,-48.4333,999,0,0.84359
171,-47.2778,999,0,0.84275
172,-48.2556,999,0,0.84191
173,-48.6111,999,0,0.84106
174,-51.7222,999,0,0.84022
175,-47.3667,999,0,0.83938
176,-48.8778,999,0,0.83854
177,-50.3000,999,0,0.83771
178,-45.0556,999,0,0.83687
179,-49.5000,999,0,0.83603
180,-48.0778,999,0,0.83519
181,-47.9000,999,0,0.83436
182,-48.7000,999,0,0.83353
183,-46.6556,999,0,0.83269
184,65.1889,717,1,0.83186
185,70.6000,590,1,0.83103
186,-47.9889,999,0,0.83020
187,-46.4778,999,0,0.82937
188,-46.9222,999,0,0.82854
189,-48.1667,999,0,0.82771
190,-48.6111,999,0,0.82688
191,-45.1444,999,0,0.82605
192,-50.2111,999,0,0.82523
193,-48.6111,999,0,0.82440
194,-47.1000,999,0,0.82358
195,-46.9222,999,0,0.82275
196,-47.4556,999,0,0.82193
197,-47.3667,999,0,0.82111
198,53.3111,938,1,0.82029
199,-45.9444,999,0,0.81947
200,-47.9889,999,0,0.81865
201,-48.2556,999,0,0.81783
202,-48.7889,999,0,0.81701
203,52.0444,996,1,0.81620
204,-50.5667,999,0,0.81538
205,-47.0111,999,0,0.81456
206,-46.8333,999,0,0.81375
207,-47.8111,999,0,0.81294
208,-45.1444,999,0,0.81212
209,68.0333,669,1,0.81131
210,-50.4778,999,0,0.81050
211,-49.0556,999,0,0.80969
212,-47.4556,999,0,0.80888
213,-48.4333,999,0,0.80807
214,-47.3667,999,0,0.80726
215,-49.4111,999,0,0.80645
216,-47.4556,999,0,0.80565
217,-47.8111,999,0,0.80484
218,-46.5667,999,0,0.80404
219,-44.7889,999,0,0.80323
220,-47.1889,999,0,0.80243
221,-47.5444,999,0,0.80163
222,-45.5889,999,0,0.80083
223,-45.4111,999,0,0.80003
224,-45.8556,999,0,0.79923
225,-47.3667,999,0,0.79843
226,-47.4556,999,0,0.79763
227,-48.0778,999,0,0.79683
228,-47.2778,999,0,0.79603
229,-47.0111,999,0,0.79524
230,-48.6111,999,0,0.79444
231,-45.0556,999,0,0.79365
232,-46.2111,999,0,0.79285
233,-45.8556,999,0,0.79206
234,-46.2111,999,0,0.79127
235,72.0444,612,1,0.79048
236,-46.8333,999,0,0.78969
237,-46.3889,999,0,0.78890
238,-46.0333,999,0,0.78811
239,-45.9444,999,0,0.78732
240,-46.3889,999,0,0.78653
241,-47.0111,999,0,0.78575
242,-44.1667,999,0,0.78496
243,-47.7222,999,0,0.78418
244,-45.8556,999,0,0.78339
245,-45.7667,999,0,0.78261
246,-47.6333,999,0,0.78183
247,-47.0111,999,0,0.78104
248,-48.1667,999,0,0.78026
249,-47.1889,999,0,0.77948
250,-45.8556,999,0,0.77870
251,65.3889,715,1,0.77792
252,60.3556,856,1,0.77715
253,-44.8778,999,0,0.77637
254,-45.5000,999,0,0.77559
255,-43.6333,999,0,0.77482
256,-46.1222,999,0,0.77404
257,-48.0778,999,0,0.77327
258,-47.8111,999,0,0.77250
259,-45.9444,999,0,0.77172
260,-43.8111,999,0,0.77095
261,-45.8556,999,0,0.77018
262,-44.0778,999,0,0.76941
263,-46.4778,999,0,0.76864
264,-46.0333,999,0,0.76787
265,-46.2111,999,0,0.76710
266,-46.7444,999,0,0.76634
267,-46.4778,999,0,0.76557
268,-43.2778,999,0,0.76481
269,-45.3222,999,0,0.76404
270,-44.0778,999,0,0.76328
271,-43.6333,999,0,0.76251
272,-44.0778,999,0,0.76175
273,-46.7444,999,0,0.76099
274,-42.3000,999,0,0.76023
275,-45.3222,999,0,0.75947
276,-45.4111,999,0,0.75871
277,-47.5444,999,0,0.75795
278,-46.7444,999,0,0.75719
279,-45.3222,999,0,0.75643
280,-45.2333,999,0,0.75568
281,-43.2778,999,0,0.75492
282,-46.1222,999,0,0.75417
283,-42.2111,999,0,0.75341
284,-47.2778,999,0,0.75266
285,-45.5000,999,0,0.75191
286,-45.8556,999,0,0.75116
287,-48.7000,999,0,0.75040
288,-43.7222,999,0,0.74965
289,-46.1222,999,0,0.74890
290,-44.1667,999,0,0.74816
291,-44.8778,999,0,0.74741
292,-45.2333,999,0,0.74666
293,-46.3889,999,0,0.74591
294,-47.3667,999,0,0.74517
295,-46.9222,999,0,0.74442
296,-45.4111,999,0,0.74368
297,-42.9222,999,0,0.74293
298,-45.1444,999,0,0.74219
299,-43.1889,999,0,0.74145
300,-43.6333,999,0,0.74071
301,-45.8556,999,0,0.73997
302,-43.0111,999,0,0.73923
303,-45.2333,999,0,0.73849
304,-43.0111,999,0,0.73775
305,-46.0333,999,0,0.73701
306,-45.8556,999,0,0.73627
307,-47.7222,999,0,0.73554
308,-43.7222,999,0,0.73480
309,-44.7000,999,0,0.73407
310,-43.2778,999,0,0.73333
311,-47.1889,999,0,0.73260
312,-43.1000,999,0,0.73187
313,-43.1889,999,0,0.73114
314,-44.8778,999,0,0.73040
315,-45.4111,999,0,0.72967
316,-44.8778,999,0,0.72894
317,72.7333,566,1,0.72822
318,-44.2556,999,0,0.72749
319,-44.0778,999,0,0.72676
320,-43.9000,999,0,0.72603
321,-47.9000,999,0,0.72531
322,-45.7667,999,0,0.72458
323,-42.8333,999,0,0.72386
324,-45.0556,999,0,0.72313
325,-43.2778,999,0,0.72241
326,-42.9222,999,0,0.72169
327,-42.7444,999,0,0.72097
328,-41.4111,999,0,0.72024
329,59.8333,895,1,0.71952
330,-44.9667,999,0,0.71881
331,-47.0111,999,0,0.71809
332,-43.5444,999,0,0.71737
333,-44.6111,999,0,0.71665
334,-43.7222,999,0,0.71593
335,-45.0556,999,0,0.71522
336,-42.4778,999,0,0.71450
337,-43.3667,999,0,0.71379
338,-44.1667,999,0,0.71307
339,-44.1667,999,0,0.71236
340,-43.9889,999,0,0.71165
341,-42.3889,999,0,0.71094
342,-46.0333,999,0,0.71023
343,-44.5222,999,0,0.70952
344,-42.1222,999,0,0.70881
345,-44.4333,999,0,0.70810
346,-43.7222,999,0,0.70739
347,-42.2111,999,0,0.70668
348,-42.3000,999,0,0.70598
349,-46.2111,999,0,0.70527
350,-45.6778,999,0,0.70456
351,-45.2333,999,0,0.70386
352,-44.3444,999,0,0.70316
353,-44.7889,999,0,0.70245
354,-42.9222,999,0,0.70175
355,-41.7667,999,0,0.70105
356,-44.2556,999,0,0.70035
357,-45.8556,999,0,0.69965
358,-46.1222,999,0,0.69895
359,-43.4556,999,0,0.69825
360,-47.3667,999,0,0.69755
361,64.9333,772,1,0.69685
362,-45.5000,999,0,0.69616
363,-43.8111,999,0,0.69546
364,77.7667,521,1,0.69476
365,-43.2778,999,0,0.69407
366,-42.1222,999,0,0.69338
367,-42.4778,999,0,0.69268
368,-45.5000,999,0,0.69199
369,-47.0111,999,0,0.69130
370,-45.7667,999,0,0.69061
371,68.0556,723,1,0.68992
372,-42.6556,999,0,0.68923
373,-44.2556,999,0,0.68854
374,-42.3000,999,0,0.68785
375,-42.1222,999,0,0.68716
376,-47.3667,999,0,0.68647
377,-41.5000,999,0,0.68579
378,-43.2778,999,0,0.68510
379,-43.9889,999,0,0.68442
380,-46.6556,999,0,0.68373
381,-45.5889,999,0,0.68305
382,-43.8111,999,0,0.68236
383,-43.5444,999,0,0.68168
384,-42.3889,999,0,0.68100
385,72.4333,625,1,0.68032
386,-43.9000,999,0,0.67964
387,-43.2778,999,0,0.67896
388,-44.5222,999,0,0.67828
389,-45.5889,999,0,0.67760
390,63.7778,836,1,0.67692
391,-44.5222,999,0,0.67625
392,-44.7000,999,0,0.67557
393,69.2444,672,1,0.67490
394,-42.7444,999,0,0.67422
395,-41.8556,999,0,0.67355
396,-46.3000,999,0,0.67287
397,-43.6333,999,0,0.67220
398,75.3222,557,1,0.67153
399,-42.2111,999,0,0.67086
400,-44.4333,999,0,0.67019
401,-43.0111,999,0,0.66952
402,-42.3000,999,0,0.66885
403,-43.6333,999,0,0.66818
404,-41.8556,999,0,0.66751
405,-42.1222,999,0,0.66684
406,-44.3444,999,0,0.66617
407,-45.6778,999,0,0.66551
408,-46.3000,999,0,0.66484
409,-43.9889,999,0,0.66418
410,-42.8333,999,0,0.66351
411,-42.6556,999,0,0.66285
412,-41.0556,999,0,0.66219
413,-42.7444,999,0,0.66153
414,-43.5444,999,0,0.66086
415,-41.3222,999,0,0.66020
416,-44.9667,999,0,0.65954
417,-43.2778,999,0,0.65888
418,-46.6556,999,0,0.65822
419,-43.9000,999,0,0.65757
420,-41.1444,999,0,0.65691
421,-45.8556,999,0,0.65625
422,-47.2778,999,0,0.65560
423,-45.4111,999,0,0.65494
424,-42.9222,999,0,0.65429
425,-44.1667,999,0,0.65363
426,-43.2778,999,0,0.65298
427,-45.5889,999,0,0.65232
428,-46.0333,999,0,0.65167
429,-47.8111,999,0,0.65102
430,-46.8333,999,0,0.65037
431,-48.0778,999,0,0.64972
432,71.8222,624,1,0.64907
433,-44.2556,999,0,0.64842
434,-46.1222,999,0,0.64777
435,75.2778,553,1,0.64712
436,-45.8556,999,0,0.64648
437,-46.2111,999,0,0.64583
438,-46.3000,999,0,0.64518
439,76.8000,512,1,0.64454
440,-43.7222,999,0,0.64389
441,-46.2111,999,0,0.64325
442,-45.4111,999,0,0.64261
443,-44.0778,999,0,0.64196
444,-46.1222,999,0,0.64132
445,-45.2333,999,0,0.64068
446,-48.7889,999,0,0.64004
447,-45.6778,999,0,0.63940
448,-47.1000,999,0,0.63876
449,-49.1444,999,0,0.63812
450,-45.2333,999,0,0.63748
451,-48.9667,999,0,0.63685
452,-44.5222,999,0,0.63621
453,-44.6111,999,0,0.63557
454,-39.9889,999,0,0.63494
455,-42.3000,999,0,0.63430
456,-43.6333,999,0,0.63367
457,-45.5889,999,0,0.63304
458,-44.4333,999,0,0.63240
459,56.3000,885,1,0.63177
460,-46.8333,999,0,0.63114
461,-46.0333,999,0,0.63051
462,-45.4111,999,0,0.62988
463,-45.6778,999,0,0.62925
464,-48.0778,999,0,0.62862
465,-46.3889,999,0,0.62799
466,-45.9444,999,0,0.62736
467,-47.9889,999,0,0.62673
468,-49.9444,999,0,0.62611
469,-50.0333,999,0,0.62548
470,-49.8556,999,0,0.62486
471,-46.4778,999,0,0.62423
472,-44.1667,999,0,0.62361
473,-44.5222,999,0,0.62298
474,-46.1222,999,0,0.62236
475,-45.7667,999,0,0.62174
476,-49.0556,999,0,0.62112
477,-48.4333,999,0,0.62049
478,-50.2111,999,0,0.61987
479,-47.3667,999,0,0.61925
480,-47.6333,999,0,0.61863
481,-49.2333,999,0,0.61802
482,-47.9000,999,0,0.61740
483,-44.4333,999,0,0.61678
484,-47.7222,999,0,0.61616
485,-44.5222,999,0,0.61555
486,-48.0778,999,0,0.61493
487,80.9222,421,1,0.61432
488,-46.3000,999,0,0.61370
489,-41.9444,999,0,0.61309
490,-46.7444,999,0,0.61248
491,-45.8556,999,0,0.61186
492,59.9778,834,1,0.61125
493,75.1111,480,1,0.61064
494,-47.3667,999,0,0.61003
495,-47.2778,999,0,0.60942
496,-44.7000,999,0,0.60881
497,-44.3444,999,0,0.60820
498,-42.0333,999,0,0.60759
499,-38.9222,999,0,0.60699
500,-47.1889,999,0,0.60638
501,-48.5222,999,0,0.60577
502,-38.4778,999,0,0.60517
503,-40.8778,999,0,0.60456
504,59.0111,849,1,0.60396
505,-42.9222,999,0,0.60335
506,-46.9222,999,0,0.60275
507,-47.6333,999,0,0.60215
508,54.9556,982,1,0.60154
509,-47.8111,999,0,0.60094
510,-45.6778,999,0,0.60034
511,-44.7000,999,0,0.59974
512,-44.7000,999,0,0.59914
513,-46.2111,999,0,0.59854
514,59.4778,855,1,0.59794
515,-48.8778,999,0,0.59735
516,-44.4333,999,0,0.59675
517,-46.1222,999,0,0.59615
518,-47.9889,999,0,0.59556
519,-46.3000,999,0,0.59496
520,-45.6778,999,0,0.59437
521,-46.7444,999,0,0.59377
522,-47.1000,999,0,0.59318
523,-46.4778,999,0,0.59258
524,-47.1889,999,0,0.59199
525,-43.2778,999,0,0.59140
526,-39.1889,999,0,0.59081
527,-45.9444,999,0,0.59022
528,-46.9222,999,0,0.58963
529,-48.3444,999,0,0.58904
530,-45.9444,999,0,0.58845
531,-46.6556,999,0,0.58786
532,-47.3667,999,0,0.58727
533,-47.1000,999,0,0.58669
534,-46.4778,999,0,0.58610
535,-43.2778,999,0,0.58551
536,-44.2556,999,0,0.58493
537,-41.5889,999,0,0.58434
538,-46.2111,999,0,0.58376
539,-40.7889,999,0,0.58317
540,-49.7667,999,0,0.58259
541,-47.7222,999,0,0.58201
542,-47.1889,999,0,0.58143
543,-43.7222,999,0,0.58084
544,-45.2333,999,0,0.58026
545,-45.4111,999,0,0.57968
546,-46.1222,999,0,0.57910
547,-47.5444,999,0,0.57852
548,-47.7222,999,0,0.57795
549,-48.2556,999,0,0.57737
550,-45.0556,999,0,0.57679
551,-45.6778,999,0,0.57621
552,-41.6778,999,0,0.57564
553,-47.1889,999,0,0.57506
554,-49.2333,999,0,0.57449
555,-44.7889,999,0,0.57391
556,-45.9444,999,0,0.57334
557,-41.0556,999,0,0.57277
558,-46.4778,999,0,0.57219
559,62.9889,867,1,0.57162
560,-41.7667,999,0,0.57105
561,-45.1444,999,0,0.57048
562,-47.3667,999,0,0.56991
563,-45.5889,999,0,0.56934
564,-48.3444,999,0,0.56877
565,69.2111,635,1,0.56820
566,-45.0556,999,0,0.56763
567,-44.8778,999,0,0.56706
568,-44.7889,999,0,0.56650
569,-46.2111,999,0,0.56593
570,-45.3222,999,0,0.56536
571,75.4222,524,1,0.56480
572,-48.3444,999,0,0.56423
573,-45.9444,999,0,0.56367
574,-42.6556,999,0,0.56311
575,-49.0556,999,0,0.56254
576,-46.3000,999,0,0.56198
577,-49.3222,999,0,0.56142
578,-46.9222,999,0,0.56086
579,-47.9000,999,0,0.56030
580,-49.1444,999,0,0.55974
581,-45.5000,999,0,0.55918
582,-47.5444,999,0,0.55862
583,-44.6111,999,0,0.55806
584,-47.2778,999,0,0.55750
585,-45.5889,999,0,0.55694
586,-46.5667,999,0,0.55639
587,-44.7000,999,0,0.55583
588,-46.7444,999,0,0.55527
589,63.2111,767,1,0.55472
590,-47.2778,999,0,0.55416
591,-48.6111,999,0,0.55361
592,-45.4111,999,0,0.55306
593,87.4556,249,1,0.55250
594,-47.1889,999,0,0.55195
595,-47.0111,999,0,0.55140
596,-45.9444,999,0,0.55085
597,-46.5667,999,0,0.55030
598,-47.3667,999,0,0.54975
599,-46.3889,999,0,0.54920
600,66.6667,720,1,0.54865
601,-46.3889,999,0,0.54810
602,72.1111,510,1,0.54755
603,-48.3444,999,0,0.54700
604,-45.4111,999,0,0.54646
605,-49.7667,999,0,0.54591
606,-47.1000,999,0,0.54536
607,-48.3444,999,0,0.54482
608,69.4222,640,1,0.54427
609,66.1000,723,1,0.54373
610,-46.6556,999,0,0.54319
611,-44.6111,999,0,0.54264
612,-45.8556,999,0,0.54210
613,-46.0333,999,0,0.54156
614,-43.8111,999,0,0.54102
615,-45.6778,999,0,0.54047
616,-45.5889,999,0,0.53993
617,-47.0111,999,0,0.53939
618,-44.7000,999,0,0.53885
619,-46.0333,999,0,0.53832
620,-46.7444,999,0,0.53778
621,-47.9000,999,0,0.53724
622,-44.1667,999,0,0.53670
623,-43.9889,999,0,0.53617
624,62.4889,824,1,0.53563
625,-44.8778,999,0,0.53509
626,-42.3000,999,0,0.53456
627,-44.3444,999,0,0.53402
628,-41.9444,999,0,0.53349
629,-46.1222,999,0,0.53296
630,-46.6556,999,0,0.53242
631,-47.1000,999,0,0.53189
632,64.8333,717,1,0.53136
633,57.3556,934,1,0.53083
634,-43.9000,999,0,0.53030
635,-44.0778,999,0,0.52977
636,-44.6111,999,0,0.52924
637,-44.8778,999,0,0.52871
638,-45.8556,999,0,0.52818
639,-41.5000,999,0,0.52765
640,-43.3667,999,0,0.52712
641,-46.4778,999,0,0.52660
642,-43.9000,999,0,0.52607
643,71.4333,643,1,0.52554
644,-45.1444,999,0,0.52502
645,-42.5667,999,0,0.52449
646,-42.9222,999,0,0.52397
647,-45.1444,999,0,0.52344
648,62.6889,838,1,0.52292
649,-44.5222,999,0,0.52240
650,84.1556,314,1,0.52188
651,-46.5667,999,0,0.52135
652,-48.7889,999,0,0.52083
653,76.0778,529,1,0.52031
654,-46.8333,999,0,0.51979
655,-45.0556,999,0,0.51927
656,-49.4111,999,0,0.51875
657,-42.7444,999,0,0.51823
658,78.0556,391,1,0.51772
659,86.4667,250,1,0.51720
660,79.2000,400,1,0.51668
661,-46.5667,999,0,0.51616
662,87.1667,243,1,0.51565
663,-49.1444,999,0,0.51513
664,80.1556,338,1,0.51462
665,-47.9000,999,0,0.51410
666,-46.1222,999,0,0.51359
667,70.9889,611,1,0.51307
668,-47.0111,999,0,0.51256
669,-45.9444,999,0,0.51205
670,-48.1667,999,0,0.51154
671,-46.5667,999,0,0.51103
672,86.6111,269,1,0.51051
673,-43.5444,999,0,0.51000
674,-42.0333,999,0,0.50949
675,66.1556,718,1,0.50898
676,-47.4556,999,0,0.50848
677,-47.0111,999,0,0.50797
678,-46.6556,999,0,0.50746
679,55.6556,919,1,0.50695
680,-45.8556,999,0,0.50644
681,-47.1000,999,0,0.50594
682,-49.3222,999,0,0.50543
683,-50.5667,999,0,0.50493
684,-47.4556,999,0,0.50442
685,-47.9889,999,0,0.50392
686,71.8111,593,1,0.50341
687,72.9333,524,1,0.50291
688,-48.5222,999,0,0.50241
689,-48.4333,999,0,0.50190
690,-46.4778,999,0,0.50140
691,-48.7889,999,0,0.50090
692,80.1778,392,1,0.50040
693,-47.2778,999,0,0.49990
694,72.5556,566,1,0.49940
695,-49.5889,999,0,0.49890
696,-49.5000,999,0,0.49840
697,-53.3222,999,0,0.49790
698,-53.6778,999,0,0.49741
699,-52.3444,999,0,0.49691
700,-50.3000,999,0,0.49641
701,-49.5889,999,0,0.49592
702,-48.9667,999,0,0.49542
703,-47.3667,999,0,0.49492
704,57.0000,934,1,0.49443
705,-47.8111,999,0,0.49393
706,79.4556,361,1,0.49344
707,-50.5667,999,0,0.49295
708,66.6778,631,1,0.49245
709,57.3000,859,1,0.49196
710,77.7111,422,1,0.49147
711,57.5778,786,1,0.49098
712,-47.2778,999,0,0.49049
713,-47.1000,999,0,0.49000
714,-49.8556,999,0,0.48951
715,-49.6778,999,0,0.48902
716,-46.5667,999,0,0.48853
717,56.0889,920,1,0.48804
718,-47.8111,999,0,0.48755
719,-49.8556,999,0,0.48706
720,-51.7222,999,0,0.48658
721,84.9778,280,1,0.48609
722,-51.4556,999,0,0.48560
723,73.1778,526,1,0.48512
724,81.1444,369,1,0.48463
725,73.2556,487,1,0.48415
726,80.7667,347,1,0.48366
727,-49.4111,999,0,0.48318
728,-54.0333,999,0,0.48270
729,-49.3222,999,0,0.48222
730,82.0889,316,1,0.48173
731,-52.0778,999,0,0.48125
732,-49.2333,999,0,0.48077
733,-51.1000,999,0,0.48029
734,-51.6333,999,0,0.47981
735,-50.3000,999,0,0.47933
736,56.3889,813,1,0.47885
737,-50.8333,999,0,0.47837
738,84.9333,300,1,0.47789
739,69.6333,621,1,0.47741
740,-51.5444,999,0,0.47694
741,-50.7444,999,0,0.47646
742,-52.2556,999,0,0.47598
743,-53.7667,999,0,0.47551
744,81.9333,338,1,0.47503
745,-54.7444,999,0,0.47456
746,-56.2556,999,0,0.47408
747,76.9333,428,1,0.47361
748,-52.2556,999,0,0.47314
749,-50.5667,999,0,0.47266
750,-55.0111,999,0,0.47219
751,50.4222,902,1,0.47172
752,-52.6111,999,0,0.47125
753,-56.8778,999,0,0.47077
754,-55.1000,999,0,0.47030
755,65.8444,618,1,0.46983
756,-54.8333,999,0,0.46936
757,-51.6333,999,0,0.46889
758,90.2778,163,1,0.46843
759,88.0556,211,1,0.46796
760,47.2667,978,1,0.46749
761,84.2556,257,1,0.46702
762,69.0889,566,1,0.46655
763,62.2778,723,1,0.46609
764,76.4667,414,1,0.46562
765,82.5556,290,1,0.46516
766,85.0333,251,1,0.46469
767,61.4111,705,1,0.46423
768,75.7111,410,1,0.46376
769,83.1111,320,1,0.46330
770,81.0667,328,1,0.46283
771,-55.1889,999,0,0.46237
772,80.7222,343,1,0.46191
773,-53.2333,999,0,0.46145
774,82.1556,318,1,0.46099
775,74.1000,419,1,0.46053
776,-55.1889,999,0,0.46006
777,87.6778,181,1,0.45960
778,66.5889,591,1,0.45914
779,-53.5889,999,0,0.45869
780,83.2444,300,1,0.45823
781,65.4667,620,1,0.45777
782,-53.7667,999,0,0.45731
783,56.4222,786,1,0.45685
784,75.9000,449,1,0.45640
785,-51.1889,999,0,0.45594
786,-49.2333,999,0,0.45548
787,-47.4556,999,0,0.45503
788,56.8111,943,1,0.45457
789,90.1111,178,1,0.45412
790,-52.7000,999,0,0.45367
791,-51.9889,999,0,0.45321
792,-51.8111,999,0,0.45276
793,-50.4778,999,0,0.45231
794,82.5111,262,1,0.45185
795,61.6667,682,1,0.45140
796,87.6111,203,1,0.45095
797,83.5444,257,1,0.45050
798,-52.8778,999,0,0.45005
799,88.7222,175,1,0.44960
800,66.3000,641,1,0.44915
801,87.8222,192,1,0.44870
802,81.8000,310,1,0.44825
803,87.9889,185,1,0.44780
804,87.7889,195,1,0.44736
805,59.6000,788,1,0.44691
806,89.0333,195,1,0.44646
807,82.2556,341,1,0.44601
808,83.6333,265,1,0.44557
809,88.7111,216,1,0.44512
810,66.8111,659,1,0.44468
811,89.4444,166,1,0.44423
812,-52.0778,999,0,0.44379
813,49.8556,993,1,0.44335
814,55.8556,877,1,0.44290
815,-53.3222,999,0,0.44246
816,66.2889,610,1,0.44202
817,73.1778,502,1,0.44157
818,84.2667,256,1,0.44113
819,79.9778,354,1,0.44069
820,73.3111,442,1,0.44025
821,-51.2778,999,0,0.43981
822,-47.1000,999,0,0.43937
823,67.8444,646,1,0.43893
824,68.2000,614,1,0.43849
825,-57.2333,999,0,0.43805
826,77.7667,377,1,0.43762
827,68.0667,578,1,0.43718
828,-54.8333,999,0,0.43674
829,61.1111,716,1,0.43630
830,70.0778,565,1,0.43587
831,-54.4778,999,0,0.43543
832,-56.0778,999,0,0.43500
833,-55.5444,999,0,0.43456
834,66.5556,626,1,0.43413
835,60.5000,667,1,0.43369
836,-57.8556,999,0,0.43326
837,77.9111,356,1,0.43283
838,91.6000,140,1,0.43239
839,45.5444,933,1,0.43196
840,-59.4556,999,0,0.43153
841,80.9444,315,1,0.43110
842,74.3111,440,1,0.43067
843,-55.4556,999,0,0.43024
844,66.2000,682,1,0.42981
845,69.5111,584,1,0.42938
846,84.7000,273,1,0.42895
847,52.6000,882,1,0.42852
848,82.0556,335,1,0.42809
849,87.9111,208,1,0.42766
850,89.9556,160,1,0.42723
851,90.9778,172,1,0.42681
852,88.1111,206,1,0.42638
853,69.5444,581,1,0.42595
854,90.0889,164,1,0.42553
855,81.8556,337,1,0.42510
856,73.6889,512,1,0.42468
857,90.0000,164,1,0.42425
858,56.0333,853,1,0.42383
859,89.5000,177,1,0.42340
860,55.6889,756,1,0.42298
861,68.9444,555,1,0.42256
862,76.2889,398,1,0.42213
863,88.8111,175,1,0.42171
864,65.5444,597,1,0.42129
865,-53.5889,999,0,0.42087
866,-58.1222,999,0,0.42045
867,-58.3889,999,0,0.42003
868,76.0111,407,1,0.41961
869,54.7222,755,1,0.41919
870,67.9111,560,1,0.41877
871,76.2000,390,1,0.41835
872,82.5889,319,1,0.41793
873,87.0556,229,1,0.41751
874,-53.8556,999,0,0.41710
875,-55.9889,999,0,0.41668
876,47.4889,902,1,0.41626
877,60.8778,673,1,0.41585
878,-56.7000,999,0,0.41543
879,82.3111,320,1,0.41502
880,48.6889,922,1,0.41460
881,-54.9222,999,0,0.41419
882,79.4333,363,1,0.41377
883,87.7222,233,1,0.41336
884,79.1333,366,1,0.41294
885,75.2111,415,1,0.41253
886,-55.9889,999,0,0.41212
887,-55.8111,999,0,0.41171
888,86.0444,256,1,0.41130
889,63.9556,604,1,0.41088
890,52.6667,876,1,0.41047
891,75.1000,417,1,0.41006
892,86.5667,233,1,0.40965
893,70.9444,535,1,0.40924
894,-53.3222,999,0,0.40883
895,78.3444,389,1,0.40842
896,82.7667,287,1,0.40802
897,63.4556,697,1,0.40761
898,81.5889,329,1,0.40720
899,63.6000,676,1,0.40679
900,51.8667,876,1,0.40639
901,76.5556,414,1,0.40598
902,71.8222,520,1,0.40557
903,76.1333,420,1,0.40517
904,72.1444,531,1,0.40476
905,73.7667,449,1,0.40436
906,67.0000,602,1,0.40395
907,73.6333,509,1,0.40355
908,59.6889,732,1,0.40315
909,81.5667,347,1,0.40274
910,83.9333,262,1,0.40234
911,87.2889,208,1,0.40194
912,81.4667,356,1,0.40154
913,77.2444,400,1,0.40114
914,87.9000,209,1,0.40073
915,-54.6556,999,0,0.40033
916,51.1222,879,1,0.39993
917,57.3556,782,1,0.39953
918,88.4333,177,1,0.39913
919,66.9111,570,1,0.39873
920,86.0778,229,1,0.39834
921,89.2111,171,1,0.39794
922,49.6000,872,1,0.39754
923,89.9111,164,1,0.39714
924,64.5778,588,1,0.39674
925,81.8444,322,1,0.39635
926,90.7444,137,1,0.39595
927,75.3556,434,1,0.39556
928,-55.2778,999,0,0.39516
929,56.7667,787,1,0.39476
930,67.5000,565,1,0.39437
931,70.7444,513,1,0.39398
932,70.1889,523,1,0.39358
933,66.3889,641,1,0.39319
934,-54.1222,999,0,0.39280
935,-53.5000,999,0,0.39240
936,-54.3889,999,0,0.39201
937,-55.2778,999,0,0.39162
938,54.7000,813,1,0.39123
939,-56.1667,999,0,0.39083
940,89.3889,147,1,0.39044
941,82.8222,290,1,0.39005
942,77.3444,375,1,0.38966
943,75.4889,390,1,0.38927
944,76.8556,395,1,0.38888
945,77.5444,381,1,0.38850
946,82.2778,299,1,0.38811
947,84.5778,300,1,0.38772
948,75.0444,414,1,0.38733
949,43.5000,997,1,0.38694
950,72.1667,473,1,0.38656
951,77.8222,404,1,0.38617
952,86.2222,208,1,0.38578
953,87.2111,223,1,0.38540
954,86.4556,243,1,0.38501
955,81.8889,310,1,0.38463
956,77.8556,345,1,0.38424
957,76.4333,409,1,0.38386
958,72.4222,466,1,0.38348
959,69.0444,546,1,0.38309
960,70.9556,518,1,0.38271
961,86.5444,227,1,0.38233
962,87.9111,216,1,0.38194
963,77.3778,436,1,0.38156
964,82.5889,367,1,0.38118
965,75.7000,427,1,0.38080
966,-53.0556,999,0,0.38042
967,59.4333,723,1,0.38004
968,80.3333,346,1,0.37966
969,85.6222,238,1,0.37928
970,70.5556,570,1,0.37890
971,72.7222,463,1,0.37852
972,87.7000,203,1,0.37814
973,88.4222,202,1,0.37776
974,76.5000,403,1,0.37739
975,90.6667,144,1,0.37701
976,89.4222,168,1,0.37663
977,84.7667,267,1,0.37625
978,67.2333,573,1,0.37588
979,88.0556,203,1,0.37550
980,78.3111,400,1,0.37513
981,77.7889,383,1,0.37475
982,87.9222,207,1,0.37438
983,84.2889,246,1,0.37400
984,88.7333,214,1,0.37363
985,79.9778,354,1,0.37326
986,-53.6778,999,0,0.37288
987,86.4556,227,1,0.37251
988,87.6667,190,1,0.37214
989,74.9222,433,1,0.37176
990,86.6000,206,1,0.37139
991,77.7333,364,1,0.37102
992,75.8111,409,1,0.37065
993,82.7778,278,1,0.37028
994,51.9222,831,1,0.36991
995,77.2667,382,1,0.36954
996,78.9889,347,1,0.36917
997,91.0222,128,1,0.36880
998,90.1000,139,1,0.36843
999,78.1222,377,1,0.36806
1000,75.0111,409,1,0.36770
1001,69.0444,530,1,0.36733
1002,88.6111,177,1,0.36696
1003,63.3667,641,1,0.36659
1004,88.9111,174,1,0.36623
1005,75.1000,401,1,0.36586
1006,88.9333,164,1,0.36549
1007,79.4333,363,1,0.36513
1008,51.3556,842,1,0.36476
1009,88.8778,177,1,0.36440
1010,80.7889,297,1,0.36403
1011,92.0556,123,1,0.36367
1012,-61.7667,999,0,0.36331
1013,89.1667,159,1,0.36294
1014,77.5111,376,1,0.36258
1015,82.8556,263,1,0.36222
1016,-58.7444,999,0,0.36186
1017,50.4556,843,1,0.36149
1018,48.5333,832,1,0.36113
1019,79.8111,321,1,0.36077
1020,69.3000,491,1,0.36041
1021,84.1111,246,1,0.36005
1022,58.1778,716,1,0.35969
1023,89.0333,163,1,0.35933
1024,70.4778,521,1,0.35897
1025,80.9667,337,1,0.35861
1026,76.1556,402,1,0.35825
1027,89.3556,166,1,0.35790
1028,86.4111,223,1,0.35754
1029,68.7444,557,1,0.35718
1030,90.1667,149,1,0.35682
1031,89.7889,151,1,0.35647
1032,75.7000,451,1,0.35611
1033,81.4222,288,1,0.35575
1034,84.7667,243,1,0.35540
1035,78.7222,339,1,0.35504
1036,78.4889,328,1,0.35469
1037,70.2889,546,1,0.35433
1038,71.1667,507,1,0.35398
1039,82.0778,261,1,0.35362
1040,78.6778,367,1,0.35327
1041,91.5667,127,1,0.35292
1042,-55.1889,999,0,0.35256
1043,81.9667,303,1,0.35221
1044,46.5444,915,1,0.35186
1045,84.7444,221,1,0.35151
1046,-54.3000,999,0,0.35116
1047,-55.1000,999,0,0.35081
1048,-55.9000,999,0,0.35045
1049,-57.2333,999,0,0.35010
1050,-51.1889,999,0,0.34975
1051,-55.1000,999,0,0.34940
1052,80.8778,321,1,0.34905
1053,79.2000,376,1,0.34871
1054,81.3333,312,1,0.34836
1055,80.1000,359,1,0.34801
1056,81.4222,328,1,0.34766
1057,82.1778,300,1,0.34731
1058,85.3000,259,1,0.34697
1059,77.2667,398,1,0.34662
1060,80.6444,342,1,0.34627
1061,59.9000,673,1,0.34593
1062,84.4667,246,1,0.34558
1063,80.9778,328,1,0.34523
1064,65.7111,598,1,0.34489
1065,54.0111,755,1,0.34454
1066,65.3333,568,1,0.34420
1067,80.2556,289,1,0.34386
1068,90.0889,148,1,0.34351
1069,86.7222,211,1,0.34317
1070,67.3222,565,1,0.34282
1071,85.9667,223,1,0.34248
1072,66.5000,631,1,0.34214
1073,78.2333,367,1,0.34180
1074,90.3444,165,1,0.34146
1075,85.5222,247,1,0.34111
1076,78.6444,418,1,0.34077
1077,77.7111,398,1,0.34043
1078,80.9444,315,1,0.34009
1079,83.5333,258,1,0.33975
1080,53.6000,792,1,0.33941
1081,84.2000,262,1,0.33907
1082,-60.1667,999,0,0.33873
1083,62.4556,579,1,0.33839
1084,77.6222,326,1,0.33806
1085,88.6333,167,1,0.33772
1086,73.7889,399,1,0.33738
1087,70.7000,477,1,0.33704
1088,-61.3222,999,0,0.33671
1089,63.3889,583,1,0.33637
1090,85.5333,206,1,0.33603
1091,81.7889,303,1,0.33570
1092,75.8444,390,1,0.33536
1093,-61.0556,999,0,0.33503
1094,84.1667,257,1,0.33469
1095,70.5444,475,1,0.33436
1096,73.1444,473,1,0.33402
1097,-55.3667,999,0,0.33369
1098,72.5222,449,1,0.33335
1099,86.7444,185,1,0.33302
1100,88.1111,182,1,0.33269
1101,81.1556,304,1,0.33236
1102,87.7000,187,1,0.33202
1103,88.2111,181,1,0.33169
1104,83.7222,265,1,0.33136
1105,72.6778,475,1,0.33103
1106,-57.3222,999,0,0.33070
1107,67.3444,571,1,0.33037
1108,80.0778,313,1,0.33004
1109,45.5778,938,1,0.32971
1110,78.1333,368,1,0.32938
1111,-58.5667,999,0,0.32905
1112,76.3000,381,1,0.32872
1113,66.3222,559,1,0.32839
1114,82.0667,254,1,0.32806
1115,86.1556,198,1,0.32773
1116,89.4111,169,1,0.32740
1117,83.4778,255,1,0.32708
1118,88.6778,171,1,0.32675
1119,87.2444,172,1,0.32642
1120,87.8444,182,1,0.32610
1121,78.7111,324,1,0.32577
1122,88.1889,175,1,0.32545
1123,88.7222,167,1,0.32512
1124,87.4667,176,1,0.32479
1125,88.8667,162,1,0.32447
1126,88.7889,153,1,0.32415
1127,83.4667,256,1,0.32382
1128,80.8778,273,1,0.32350
1129,74.4444,380,1,0.32317
1130,89.1000,173,1,0.32285
1131,79.6667,342,1,0.32253
1132,89.0000,150,1,0.32221
1133,72.8444,412,1,0.32188
1134,88.9222,165,1,0.32156
1135,87.5889,197,1,0.32124
1136,81.4778,291,1,0.32092
1137,83.4222,260,1,0.32060
1138,66.6444,610,1,0.32028
1139,91.0222,160,1,0.31996
1140,90.1778,156,1,0.31964
1141,87.9333,182,1,0.31932
1142,86.6444,194,1,0.31900
1143,85.3111,250,1,0.31868
1144,77.1444,369,1,0.31836
1145,89.5111,160,1,0.31804
1146,89.6556,171,1,0.31772
1147,60.7333,662,1,0.31741
1148,81.0444,354,1,0.31709
1149,77.5556,380,1,0.31677
1150,63.6333,617,1,0.31645
1151,83.5111,252,1,0.31614
1152,52.5778,748,1,0.31582
1153,72.0222,454,1,0.31551
1154,70.1667,541,1,0.31519
1155,54.7444,761,1,0.31488
1156,90.0000,164,1,0.31456
1157,-59.6333,999,0,0.31425
1158,51.4778,831,1,0.31393
1159,64.7667,603,1,0.31362
1160,50.0222,786,1,0.31330
1161,79.0111,313,1,0.31299
1162,40.5333,960,1,0.31268
1163,78.6222,340,1,0.31237
1164,78.7222,347,1,0.31205
1165,82.8667,278,1,0.31174
1166,85.3333,256,1,0.31143
1167,87.4000,198,1,0.31112
1168,82.4444,308,1,0.31081
1169,-57.5000,999,0,0.31050
1170,78.1222,361,1,0.31019
1171,88.1889,175,1,0.30988
1172,82.4000,296,1,0.30957
1173,87.7111,218,1,0.30926
1174,88.7111,176,1,0.30895
1175,89.4000,170,1,0.30864
1176,87.4000,166,1,0.30833
1177,89.5889,161,1,0.30802
1178,73.0889,398,1,0.30771
1179,78.8889,356,1,0.30740
1180,74.6889,422,1,0.30710
1181,79.4667,336,1,0.30679
1182,74.3889,417,1,0.30648
1183,81.8556,297,1,0.30618
1184,78.0889,372,1,0.30587
1185,89.2000,180,1,0.30556
1186,86.2444,230,1,0.30526
1187,91.0000,154,1,0.30495
1188,88.6333,175,1,0.30465
1189,88.2000,182,1,0.30434
1190,88.4111,171,1,0.30404
1191,89.9111,156,1,0.30374
1192,84.1556,242,1,0.30343
1193,87.8000,178,1,0.30313
1194,90.0222,154,1,0.30283
1195,81.3444,279,1,0.30252
1196,90.0889,148,1,0.30222
1197,77.1444,361,1,0.30192
1198,89.4000,154,1,0.30162
1199,83.2889,272,1,0.30131
1200,88.5556,166,1,0.30101
1201,86.7000,189,1,0.30071
1202,83.7444,247,1,0.30041
1203,89.9556,160,1,0.30011
1204,89.4111,161,1,0.29981
1205,90.8778,173,1,0.29951
1206,89.3444,175,1,0.29921
1207,88.8667,162,1,0.29891
1208,80.2333,323,1,0.29861
1209,88.7000,169,1,0.29832
1210,88.8222,166,1,0.29802
1211,76.7889,377,1,0.29772
1212,88.3111,180,1,0.29742
1213,88.7778,170,1,0.29712
1214,89.7667,161,1,0.29683
1215,68.7667,491,1,0.29653
1216,88.2889,182,1,0.29623
1217,81.5778,274,1,0.29594
1218,67.6000,524,1,0.29564
1219,40.8111,999,1,0.29535
1220,77.8333,371,1,0.29505
1221,87.6778,189,1,0.29475
1222,65.7222,573,1,0.29446
1223,83.9667,283,1,0.29417
1224,-52.7889,999,0,0.29387
1225,79.9444,357,1,0.29358
1226,78.5444,379,1,0.29328
1227,69.5333,510,1,0.29299
1228,69.4667,540,1,0.29270
1229,75.7778,412,1,0.29241
1230,88.6444,166,1,0.29211
1231,88.3778,174,1,0.29182
1232,84.6333,231,1,0.29153
1233,90.1000,155,1,0.29124
1234,91.4556,121,1,0.29095
1235,90.5889,143,1,0.29066
1236,85.3889,219,1,0.29036
1237,76.2778,367,1,0.29007
1238,83.7000,259,1,0.28978
1239,88.7667,163,1,0.28949
1240,52.0000,832,1,0.28920
1241,60.4111,675,1,0.28892
1242,85.7556,226,1,0.28863
1243,82.3889,273,1,0.28834
1244,76.5667,397,1,0.28805
1245,72.3889,437,1,0.28776
1246,90.4556,163,1,0.28747
1247,87.9444,189,1,0.28719
1248,59.3667,713,1,0.28690
1249,78.5333,364,1,0.28661
1250,84.0000,256,1,0.28633
1251,88.3333,170,1,0.28604
1252,66.0556,567,1,0.28575
1253,89.0444,146,1,0.28547
1254,43.7556,894,1,0.28518
1255,75.9333,406,1,0.28490
1256,-57.7667,999,0,0.28461
1257,-58.8333,999,0,0.28433
1258,84.1111,270,1,0.28404
1259,88.3778,182,1,0.28376
1260,89.5000,177,1,0.28348
1261,60.4333,665,1,0.28319
1262,89.7667,169,1,0.28291
1263,-54.7444,999,0,0.28263
1264,76.0889,408,1,0.28234
1265,74.9222,449,1,0.28206
1266,88.6444,174,1,0.28178
1267,79.4333,355,1,0.28150
1268,81.5778,298,1,0.28122
1269,88.6889,162,1,0.28093
1270,83.8000,290,1,0.28065
1271,89.5000,169,1,0.28037
1272,77.7333,404,1,0.28009
1273,80.3667,335,1,0.27981
1274,88.1222,205,1,0.27953
1275,84.1778,264,1,0.27925
1276,85.1889,269,1,0.27897
1277,82.4333,285,1,0.27869
1278,83.6333,249,1,0.27842
1279,75.9556,396,1,0.27814
1280,88.6222,192,1,0.27786
1281,78.1444,367,1,0.27758
1282,81.8333,299,1,0.27730
1283,-54.9222,999,0,0.27703
1284,89.3222,177,1,0.27675
1285,86.6222,196,1,0.27647
1286,76.8111,351,1,0.27620
1287,82.4778,257,1,0.27592
1288,76.6111,337,1,0.27564
1289,69.8444,490,1,0.27537
1290,82.5222,293,1,0.27509
1291,90.0000,164,1,0.27482
1292,42.8889,988,1,0.27454
1293,81.0111,285,1,0.27427
1294,88.5667,173,1,0.27399
1295,90.5333,156,1,0.27372
1296,88.6111,185,1,0.27345
1297,84.0111,255,1,0.27317
1298,81.4889,266,1,0.27290
1299,61.2778,661,1,0.27263
1300,89.4667,172,1,0.27235
1301,75.5222,419,1,0.27208
1302,85.5889,241,1,0.27181
1303,80.5333,344,1,0.27154
1304,86.0222,202,1,0.27127
1305,47.7556,942,1,0.27100
1306,89.7667,161,1,0.27072
1307,91.2111,151,1,0.27045
1308,89.3556,158,1,0.27018
1309,81.0444,338,1,0.26991
1310,86.4222,230,1,0.26964
1311,81.2667,294,1,0.26937
1312,84.0667,250,1,0.26910
1313,85.9778,198,1,0.26884
1314,80.7667,283,1,0.26857
1315,83.9333,246,1,0.26830
1316,69.0444,458,1,0.26803
1317,43.6333,881,1,0.26776
1318,55.4222,740,1,0.26749
1319,63.6667,598,1,0.26723
1320,81.1778,326,1,0.26696
1321,44.8000,920,1,0.26669
1322,83.9778,266,1,0.26643
1323,-60.5222,999,0,0.26616
1324,86.4889,224,1,0.26589
1325,70.4556,515,1,0.26563
1326,87.2667,210,1,0.26536
1327,89.7333,172,1,0.26510
1328,82.3778,298,1,0.26483
1329,46.7000,901,1,0.26457
1330,83.2444,252,1,0.26430
1331,89.8444,170,1,0.26404
1332,87.6667,206,1,0.26377
1333,86.5889,199,1,0.26351
1334,78.6889,342,1,0.26325
1335,87.8778,195,1,0.26298
1336,87.6333,217,1,0.26272
1337,44.7778,930,1,0.26246
1338,81.9333,298,1,0.26219
1339,75.9222,367,1,0.26193
1340,88.4444,176,1,0.26167
1341,90.1444,159,1,0.26141
1342,89.9111,172,1,0.26115
1343,89.2333,161,1,0.26089
1344,89.8667,160,1,0.26063
1345,87.3778,184,1,0.26036
1346,87.6778,181,1,0.26010
1347,75.6111,387,1,0.25984
1348,75.3778,424,1,0.25958
1349,86.4000,224,1,0.25932
1350,83.5222,275,1,0.25907
1351,90.1444,167,1,0.25881
1352,91.1333,134,1,0.25855
1353,82.3111,312,1,0.25829
1354,85.4111,241,1,0.25803
1355,88.1111,182,1,0.25777
1356,80.1444,371,1,0.25751
1357,89.5111,168,1,0.25726
1358,83.2222,278,1,0.25700
1359,89.8889,158,1,0.25674
1360,88.5444,175,1,0.25649
1361,90.4333,157,1,0.25623
1362,70.6333,443,1,0.25597
1363,89.9889,165,1,0.25572
1364,90.1333,152,1,0.25546
1365,88.8889,168,1,0.25521
1366,84.4333,257,1,0.25495
1367,90.0333,161,1,0.25470
1368,78.0667,374,1,0.25444
1369,73.4556,445,1,0.25419
1370,-57.7667,999,0,0.25393
1371,90.0556,175,1,0.25368
1372,75.3667,441,1,0.25343
1373,-57.6778,999,0,0.25317
1374,84.1222,293,1,0.25292
1375,76.4889,436,1,0.25267
1376,82.3667,291,1,0.25241
1377,81.8778,287,1,0.25216
1378,82.7222,275,1,0.25191
1379,85.3889,203,1,0.25166
1380,72.7111,448,1,0.25140
1381,87.5556,192,1,0.25115
1382,85.1222,259,1,0.25090
1383,76.3000,405,1,0.25065
1384,84.0111,271,1,0.25040
1385,-58.7444,999,0,0.25015
1386,87.2889,192,1,0.24990
1387,87.7333,200,1,0.24965
1388,64.5444,559,1,0.24940
1389,86.1111,210,1,0.24915
1390,88.7111,184,1,0.24890
1391,76.6000,370,1,0.24865
1392,86.3889,193,1,0.24840
1393,81.0111,293,1,0.24816
1394,88.8889,168,1,0.24791
1395,65.1556,552,1,0.24766
1396,88.4778,173,1,0.24741
1397,76.9111,358,1,0.24717
1398,78.6667,352,1,0.24692
1399,90.2444,158,1,0.24667
1400,79.5000,341,1,0.24642
1401,89.7444,163,1,0.24618
1402,-56.9667,999,0,0.24593
1403,89.7333,172,1,0.24569
1404,87.5444,193,1,0.24544
1405,87.4778,215,1,0.24519
1406,82.0222,290,1,0.24495
1407,46.4333,941,1,0.24470
1408,90.4889,152,1,0.24446
1409,82.7556,264,1,0.24422
1410,84.8556,259,1,0.24397
1411,90.6222,164,1,0.24373
1412,89.0222,180,1,0.24348
1413,74.1222,465,1,0.24324
1414,63.5444,657,1,0.24300
1415,83.4778,255,1,0.24275
1416,89.6444,156,1,0.24251
1417,88.0556,179,1,0.24227
1418,79.3667,361,1,0.24203
1419,86.2556,213,1,0.24178
1420,86.3889,209,1,0.24154
1421,81.8556,289,1,0.24130
1422,87.4556,201,1,0.24106
1423,69.7667,521,1,0.24082
1424,45.2333,961,1,0.24058
1425,66.3222,559,1,0.24034
1426,71.4667,480,1,0.24010
1427,90.1333,168,1,0.23986
1428,83.8778,275,1,0.23962
1429,80.4889,332,1,0.23938
1430,90.3556,156,1,0.23914
1431,91.0667,164,1,0.23890
1432,90.5889,167,1,0.23866
1433,87.4222,196,1,0.23842
1434,90.9556,158,1,0.23818
1435,67.4333,571,1,0.23794
1436,80.7000,305,1,0.23771
1437,87.4889,198,1,0.23747
1438,70.3778,458,1,0.23723
1439,83.9222,255,1,0.23699
1440,74.4000,440,1,0.23676
1441,72.6889,434,1,0.23652
1442,82.0000,268,1,0.23628
1443,76.4556,383,1,0.23605
1444,89.8778,159,1,0.23581
1445,80.4111,331,1,0.23558
1446,82.3778,282,1,0.23534
1447,89.6444,156,1,0.23510
1448,-57.9444,999,0,0.23487
1449,85.7111,246,1,0.23463
1450,76.6667,412,1,0.23440
1451,88.4222,178,1,0.23417
1452,87.7111,218,1,0.23393
1453,84.0667,258,1,0.23370
1454,84.0778,257,1,0.23346
1455,78.9667,365,1,0.23323
1456,80.3111,332,1,0.23300
1457,86.4222,238,1,0.23276
1458,85.9667,239,1,0.23253
1459,83.7000,275,1,0.23230
1460,62.2333,663,1,0.23207
1461,80.7333,310,1,0.23183
1462,87.5556,200,1,0.23160
1463,85.7222,237,1,0.23137
1464,90.1778,156,1,0.23114
1465,82.8667,294,1,0.23091
1466,89.5000,161,1,0.23068
1467,81.8778,255,1,0.23045
1468,73.0000,454,1,0.23022
1469,86.4556,219,1,0.22999
1470,87.6889,196,1,0.22976
1471,81.2333,329,1,0.22953
1472,81.1333,306,1,0.22930
1473,87.3667,201,1,0.22907
1474,91.2000,160,1,0.22884
1475,89.6222,174,1,0.22861
1476,78.3111,360,1,0.22838
1477,85.2000,236,1,0.22815
1478,84.6556,261,1,0.22792
1479,90.5333,156,1,0.22770
1480,88.9667,161,1,0.22747
1481,89.1111,156,1,0.22724
1482,87.1889,209,1,0.22701
1483,89.3778,156,1,0.22679
1484,89.9778,158,1,0.22656
1485,85.1111,236,1,0.22633
1486,82.4778,265,1,0.22611
1487,89.6333,157,1,0.22588
1488,89.9556,144,1,0.22566
1489,90.0444,152,1,0.22543
1490,90.6444,146,1,0.22520
1491,89.1556,176,1,0.22498
1492,78.9111,362,1,0.22475
1493,89.9222,155,1,0.22453
1494,89.7667,153,1,0.22431
1495,88.5778,156,1,0.22408
1496,77.0111,373,1,0.22386
1497,90.3222,143,1,0.22363
1498,90.1111,154,1,0.22341
1499,91.0778,147,1,0.22319
1500,88.3333,170,1,0.22296
1501,79.8111,297,1,0.22274
1502,92.7222,95,1,0.22252
1503,89.9111,156,1,0.22229
1504,89.3333,168,1,0.22207
1505,90.7556,152,1,0.22185
1506,89.3556,166,1,0.22163
1507,89.1222,163,1,0.22141
1508,90.0889,156,1,0.22119
1509,85.1444,233,1,0.22096
1510,86.0000,212,1,0.22074
1511,89.6778,161,1,0.22052
1512,85.0000,238,1,0.22030
1513,74.8111,395,1,0.22008
1514,69.7778,448,1,0.21986
1515,86.6778,191,1,0.21964
1516,86.0444,208,1,0.21942
1517,42.8444,936,1,0.21920
1518,-60.6111,999,0,0.21898
1519,82.1778,284,1,0.21876
1520,81.2667,318,1,0.21855
1521,50.5000,815,1,0.21833
1522,79.7444,311,1,0.21811
1523,75.8778,387,1,0.21789
1524,85.8889,214,1,0.21767
1525,80.2222,292,1,0.21746
1526,44.0333,861,1,0.21724
1527,75.3111,374,1,0.21702
1528,55.7222,697,1,0.21680
1529,70.7222,523,1,0.21659
1530,83.7556,270,1,0.21637
1531,73.6889,440,1,0.21615
1532,49.7889,847,1,0.21594
1533,88.3111,172,1,0.21572
1534,61.8889,630,1,0.21551
1535,69.4000,482,1,0.21529
1536,72.6333,455,1,0.21507
1537,77.1000,389,1,0.21486
1538,82.5111,302,1,0.21465
1539,71.9111,440,1,0.21443
1540,68.1111,550,1,0.21422
1541,88.6556,173,1,0.21400
1542,76.3000,429,1,0.21379
1543,84.6444,254,1,0.21357
1544,89.0444,170,1,0.21336
1545,90.1889,139,1,0.21315
1546,80.9778,336,1,0.21293
1547,90.5556,146,1,0.21272
1548,89.9778,158,1,0.21251
1549,85.5333,246,1,0.21230
1550,89.1556,168,1,0.21208
1551,85.8556,225,1,0.21187
1552,86.7556,232,1,0.21166
1553,84.9778,256,1,0.21145
1554,90.1889,155,1,0.21124
1555,85.3889,267,1,0.21103
1556,85.4000,250,1,0.21081
1557,83.8444,270,1,0.21060
1558,76.1333,380,1,0.21039
1559,81.5111,328,1,0.21018
1560,83.5333,274,1,0.20997
1561,90.3556,164,1,0.20976
1562,90.4222,142,1,0.20955
1563,84.5556,254,1,0.20934
1564,91.4556,137,1,0.20913
1565,90.6000,150,1,0.20892
1566,84.9111,246,1,0.20872
1567,89.1778,166,1,0.20851
1568,90.8333,161,1,0.20830
1569,90.0111,171,1,0.20809
1570,88.8889,168,1,0.20788
1571,91.3556,138,1,0.20767
1572,89.5889,177,1,0.20747
1573,81.3111,322,1,0.20726
1574,84.3778,238,1,0.20705
1575,91.1333,142,1,0.20684
1576,88.1111,174,1,0.20664
1577,64.8889,576,1,0.20643
1578,90.7444,161,1,0.20622
1579,89.7000,159,1,0.20602
1580,90.3222,151,1,0.20581
1581,90.6667,152,1,0.20561
1582,89.9222,155,1,0.20540
1583,88.0667,178,1,0.20520
1584,85.3444,247,1,0.20499
1585,84.1444,259,1,0.20479
1586,90.0556,159,1,0.20458
1587,84.7556,244,1,0.20438
1588,89.0444,170,1,0.20417
1589,77.0556,377,1,0.20397
1590,84.2667,264,1,0.20376
1591,88.2889,190,1,0.20356
1592,75.8222,352,1,0.20336
1593,87.8333,183,1,0.20315
1594,88.4667,182,1,0.20295
1595,89.7667,161,1,0.20275
1596,85.6000,264,1,0.20254
1597,82.1333,304,1,0.20234
1598,85.1000,229,1,0.20214
1599,90.1667,157,1,0.20194
1600,88.9778,176,1,0.20173
1601,82.7333,322,1,0.20153
1602,90.0111,155,1,0.20133
1603,89.3667,173,1,0.20113
1604,86.1556,190,1,0.20093
1605,75.4222,436,1,0.20073
1606,84.5556,254,1,0.20053
1607,88.9444,171,1,0.20033
1608,76.6667,436,1,0.20013
1609,73.3222,473,1,0.19993
1610,90.7667,135,1,0.19973
1611,84.4667,270,1,0.19953
1612,85.5111,240,1,0.19933
1613,87.6000,188,1,0.19913
1614,74.4444,436,1,0.19893
1615,63.6444,704,1,0.19873
1616,89.3556,158,1,0.19853
1617,84.5333,248,1,0.19833
1618,84.8889,232,1,0.19813
1619,87.3444,171,1,0.19794
1620,87.7000,179,1,0.19774
1621,89.2111,147,1,0.19754
1622,89.6444,148,1,0.19734
1623,86.1333,232,1,0.19715
1624,84.4222,258,1,0.19695
1625,86.0111,235,1,0.19675
1626,90.9889,147,1,0.19655
1627,84.2444,266,1,0.19636
1628,82.2444,310,1,0.19616
1629,89.9889,157,1,0.19597
1630,85.0000,246,1,0.19577
1631,82.4556,267,1,0.19557
1632,86.5333,196,1,0.19538
1633,85.3444,231,1,0.19518
1634,74.9889,435,1,0.19499
1635,89.1111,156,1,0.19479
1636,68.8333,533,1,0.19460
1637,69.9333,506,1,0.19440
1638,79.5667,367,1,0.19421
1639,92.2889,126,1,0.19401
1640,88.7667,163,1,0.19382
1641,86.1889,235,1,0.19363
1642,81.9889,317,1,0.19343
1643,87.0444,230,1,0.19324
1644,81.0556,329,1,0.19305
1645,89.9556,144,1,0.19285
1646,92.2111,125,1,0.19266
1647,85.0333,251,1,0.19247
1648,83.7222,257,1,0.19228
1649,78.9778,388,1,0.19208
1650,90.0444,160,1,0.19189
1651,85.8333,243,1,0.19170
1652,84.8444,252,1,0.19151
1653,86.1444,239,1,0.19132
1654,89.4333,151,1,0.19113
1655,90.5444,147,1,0.19093
1656,80.0889,344,1,0.19074
1657,89.0000,182,1,0.19055
1658,89.3444,159,1,0.19036
1659,85.2556,247,1,0.19017
1660,83.0444,302,1,0.18998
1661,86.7889,237,1,0.18979
1662,81.7556,314,1,0.18960
1663,81.4222,288,1,0.18941
1664,84.6889,210,1,0.18922
1665,86.2222,232,1,0.18903
1666,89.8222,164,1,0.18884
1667,88.3111,172,1,0.18866
1668,89.6667,154,1,0.18847
1669,84.7667,259,1,0.18828
1670,85.6889,232,1,0.18809
1671,87.3556,194,1,0.18790
1672,75.9222,407,1,0.18771
1673,-51.0111,999,0,0.18753
1674,66.6667,704,1,0.18734
1675,84.7111,256,1,0.18715
1676,87.4667,240,1,0.18696
1677,86.0222,258,1,0.18678
1678,84.1889,255,1,0.18659
1679,85.5667,243,1,0.18640
1680,76.1222,429,1,0.18622
1681,84.2556,257,1,0.18603
1682,85.7556,242,1,0.18585
1683,85.7444,243,1,0.18566
1684,76.0889,424,1,0.18547
1685,73.4222,512,1,0.18529
1686,87.9111,176,1,0.18510
1687,88.9667,169,1,0.18492
1688,89.9111,148,1,0.18473
1689,89.2222,162,1,0.18455
1690,85.4667,204,1,0.18436
1691,86.9333,184,1,0.18418
1692,82.5333,316,1,0.18400
1693,88.8889,168,1,0.18381
1694,87.0444,238,1,0.18363
1695,89.3444,167,1,0.18344
1696,82.6889,262,1,0.18326
1697,85.5222,239,1,0.18308
1698,85.6444,212,1,0.18289
1699,90.3000,161,1,0.18271
1700,90.3222,159,1,0.18253
1701,88.9667,169,1,0.18235
1702,86.4111,207,1,0.18216
1703,80.6556,333,1,0.18198
1704,89.2111,187,1,0.18180
1705,89.5444,165,1,0.18162
1706,89.4000,178,1,0.18144
1707,84.1556,258,1,0.18125
1708,62.7222,619,1,0.18107
1709,84.8889,240,1,0.18089
1710,89.7556,170,1,0.18071
1711,90.5444,163,1,0.18053
1712,85.4000,250,1,0.18035
1713,86.9111,202,1,0.18017
1714,63.3778,640,1,0.17999
1715,91.4778,119,1,0.17981
1716,82.1778,284,1,0.17963
1717,83.8111,249,1,0.17945
1718,89.6667,170,1,0.17927
1719,81.9889,293,1,0.17909
1720,89.3889,163,1,0.17891
1721,90.9778,124,1,0.17873
1722,86.0000,252,1,0.17855
1723,89.7778,168,1,0.17838
1724,86.2556,213,1,0.17820
1725,89.2556,175,1,0.17802
1726,83.3333,276,1,0.17784
1727,89.6444,164,1,0.17766
1728,87.4778,199,1,0.17749
1729,60.6778,651,1,0.17731
1730,81.5889,297,1,0.17713
1731,90.2778,163,1,0.17695
1732,83.5000,269,1,0.17678
1733,89.7556,162,1,0.17660
1734,89.3222,161,1,0.17642
1735,88.4778,149,1,0.17625
1736,88.8111,167,1,0.17607
1737,88.2222,188,1,0.17589
1738,81.1111,260,1,0.17572
1739,89.1000,173,1,0.17554
1740,88.7667,171,1,0.17537
1741,87.3000,191,1,0.17519
1742,89.9111,172,1,0.17502
1743,87.2889,200,1,0.17484
1744,87.2222,206,1,0.17467
1745,90.5556,154,1,0.17449
1746,89.2000,172,1,0.17432
1747,88.8111,167,1,0.17414
1748,83.9000,273,1,0.17397
1749,86.6667,184,1,0.17380
1750,85.4333,207,1,0.17362
1751,73.9444,457,1,0.17345
1752,84.4667,270,1,0.17327
1753,85.7778,256,1,0.17310
1754,88.3333,170,1,0.17293
1755,89.5889,153,1,0.17276
1756,84.6444,246,1,0.17258
1757,88.1889,183,1,0.17241
1758,82.1667,277,1,0.17224
1759,89.7222,165,1,0.17207
1760,76.7000,361,1,0.17189
1761,88.5778,164,1,0.17172
1762,90.6889,118,1,0.17155
1763,72.8222,446,1,0.17138
1764,86.1889,267,1,0.17121
1765,73.5000,505,1,0.17104
1766,89.6000,168,1,0.17086
1767,86.7556,248,1,0.17069
1768,91.8000,122,1,0.17052
1769,86.9222,225,1,0.17035
1770,88.1667,169,1,0.17018
1771,89.2778,181,1,0.17001
1772,86.6667,176,1,0.16984
1773,88.5556,174,1,0.16967
1774,89.2667,174,1,0.16950
1775,80.4778,317,1,0.16933
1776,89.7000,159,1,0.16916
1777,89.6000,176,1,0.16899
1778,89.1222,163,1,0.16883
1779,88.1333,172,1,0.16866
1780,89.0778,175,1,0.16849
1781,86.0000,212,1,0.16832
1782,84.9778,240,1,0.16815
1783,89.8222,164,1,0.16798
1784,89.9333,162,1,0.16782
1785,89.8222,180,1,0.16765
1786,88.5111,186,1,0.16748
1787,90.7111,156,1,0.16731
1788,91.2000,120,1,0.16714
1789,87.5667,207,1,0.16698
1790,89.8889,150,1,0.16681
1791,84.2889,246,1,0.16664
1792,89.5444,173,1,0.16648
1793,90.3889,153,1,0.16631
1794,90.2333,159,1,0.16614
1795,89.0889,158,1,0.16598
1796,91.6111,123,1,0.16581
1797,80.4000,340,1,0.16565
1798,76.8222,454,1,0.16548
1799,82.8444,312,1,0.16532
1800,47.6111,971,1,0.16515
1801,88.5556,158,1,0.16498
1802,86.8778,181,1,0.16482
1803,89.8333,131,1,0.16466
1804,85.1667,239,1,0.16449
1805,81.3444,327,1,0.16433
1806,88.8556,171,1,0.16416
1807,89.8778,167,1,0.16400
1808,87.9556,164,1,0.16383
1809,87.7333,160,1,0.16367
1810,89.7889,159,1,0.16351
1811,82.1667,293,1,0.16334
1812,89.2778,157,1,0.16318
1813,82.6444,282,1,0.16302
1814,86.9778,204,1,0.16285
1815,63.5778,606,1,0.16269
1816,88.5667,173,1,0.16253
1817,91.5556,120,1,0.16236
1818,91.0222,120,1,0.16220
1819,91.2556,123,1,0.16204
1820,86.5556,210,1,0.16188
1821,55.7333,760,1,0.16172
1822,87.0333,191,1,0.16155
1823,88.2556,161,1,0.16139
1824,87.6667,190,1,0.16123
1825,76.4333,401,1,0.16107
1826,89.2333,161,1,0.16091
1827,75.5556,408,1,0.16075
1828,88.4889,164,1,0.16059
1829,82.7889,277,1,0.16043
1830,80.5444,327,1,0.16027
1831,80.1778,344,1,0.16011
1832,89.4889,162,1,0.15995
1833,-53.4111,999,0,0.15979
1834,89.7778,152,1,0.15963
1835,89.9556,168,1,0.15947
1836,89.9333,146,1,0.15931
1837,89.1222,171,1,0.15915
1838,87.2778,177,1,0.15899
1839,89.1778,150,1,0.15883
1840,92.0222,102,1,0.15867
1841,88.3000,197,1,0.15851
1842,88.0222,174,1,0.15835
1843,89.1333,154,1,0.15820
1844,80.1222,301,1,0.15804
1845,88.5889,163,1,0.15788
1846,89.1556,152,1,0.15772
1847,89.0111,157,1,0.15756
1848,88.2111,165,1,0.15741
1849,89.0222,164,1,0.15725
1850,89.5556,148,1,0.15709
1851,83.6778,237,1,0.15693
1852,89.2000,156,1,0.15678
1853,93.0778,87,1,0.15662
1854,89.4889,146,1,0.15646
1855,89.3556,150,1,0.15631
1856,88.3111,164,1,0.15615
1857,83.9889,249,1,0.15600
1858,88.2667,160,1,0.15584
1859,83.1444,245,1,0.15568
1860,87.4889,174,1,0.15553
1861,88.8333,165,1,0.15537
1862,86.7889,197,1,0.15522
1863,89.3111,154,1,0.15506
1864,86.3444,197,1,0.15491
1865,88.1889,159,1,0.15475
1866,87.8778,171,1,0.15460
1867,89.4556,149,1,0.15444
1868,88.1222,165,1,0.15429
1869,84.1667,241,1,0.15413
1870,82.9111,258,1,0.15398
1871,85.0444,218,1,0.15383
1872,89.3889,147,1,0.15367
1873,88.6667,156,1,0.15352
1874,88.8778,161,1,0.15336
1875,89.2222,154,1,0.15321
1876,87.5000,173,1,0.15306
1877,88.3889,157,1,0.15290
1878,84.6556,261,1,0.15275
1879,75.6000,404,1,0.15260
1880,89.3778,156,1,0.15245
1881,89.1000,157,1,0.15229
1882,88.8222,150,1,0.15214
1883,88.2667,184,1,0.15199
1884,89.1667,151,1,0.15184
1885,88.6333,175,1,0.15169
1886,88.5778,172,1,0.15153
1887,77.7222,349,1,0.15138
1888,81.9222,307,1,0.15123
1889,89.2556,151,1,0.15108
1890,84.1111,246,1,0.15093
1891,89.7111,158,1,0.15078
1892,87.6778,181,1,0.15063
1893,88.9000,175,1,0.15048
1894,84.2222,220,1,0.15033
1895,89.0556,153,1,0.15018
1896,87.9111,184,1,0.15003
1897,-57.0556,999,0,0.14988
1898,78.9444,303,1,0.14973
1899,56.4889,716,1,0.14958
1900,88.5222,177,1,0.14943
1901,79.3333,316,1,0.14928
1902,84.0667,290,1,0.14913
1903,-51.8111,999,0,0.14898
1904,71.7111,538,1,0.14883
1905,87.5778,222,1,0.14868
1906,85.6000,264,1,0.14853
1907,78.4556,371,1,0.14838
1908,84.5667,269,1,0.14824
1909,89.6778,161,1,0.14809
1910,-53.6778,999,0,0.14794
1911,71.1556,516,1,0.14779
1912,80.9333,348,1,0.14764
1913,84.9111,238,1,0.14750
1914,85.5111,248,1,0.14735
1915,89.5667,179,1,0.14720
1916,87.3667,233,1,0.14705
1917,84.6889,250,1,0.14691
1918,88.3000,165,1,0.14676
1919,80.8556,339,1,0.14661
1920,78.9111,418,1,0.14647
1921,86.9333,232,1,0.14632
1922,84.8889,288,1,0.14617
1923,90.5444,155,1,0.14603
1924,86.5333,220,1,0.14588
1925,70.1333,544,1,0.14574
1926,87.7333,232,1,0.14559
1927,90.5667,145,1,0.14544
1928,85.4000,234,1,0.14530
1929,90.2889,186,1,0.14515
1930,82.6889,278,1,0.14501
1931,90.6222,148,1,0.14486
1932,89.2667,166,1,0.14472
1933,85.6667,226,1,0.14457
1934,75.0778,387,1,0.14443
1935,85.3111,242,1,0.14428
1936,85.2889,236,1,0.14414
1937,81.0778,295,1,0.14400
1938,84.0778,257,1,0.14385
1939,88.5667,165,1,0.14371
1940,89.0111,165,1,0.14356
1941,85.6333,229,1,0.14342
1942,89.2222,154,1,0.14328
1943,88.9778,176,1,0.14313
1944,84.1000,263,1,0.14299
1945,90.4000,160,1,0.14285
1946,85.0778,231,1,0.14271
1947,84.5000,251,1,0.14256
1948,88.5222,161,1,0.14242
1949,90.5333,156,1,0.14228
1950,89.6778,153,1,0.14214
1951,78.2889,362,1,0.14199
1952,85.1778,238,1,0.14185
1953,89.7889,143,1,0.14171
1954,83.0444,254,1,0.14157
1955,87.0889,170,1,0.14143
1956,87.2778,185,1,0.14128
1957,79.0444,342,1,0.14114
1958,88.5333,168,1,0.14100
1959,88.1000,167,1,0.14086
1960,74.3111,408,1,0.14072
1961,82.5556,266,1,0.14058
1962,88.1111,174,1,0.14044
1963,89.7000,159,1,0.14030
1964,76.3889,437,1,0.14016
1965,91.1333,118,1,0.14002
1966,68.8000,592,1,0.13988
1967,85.2000,220,1,0.13974
1968,85.5556,260,1,0.13960
1969,85.6222,246,1,0.13946
1970,89.8556,169,1,0.13932
1971,89.6667,162,1,0.13918
1972,89.4111,153,1,0.13904
1973,89.4444,150,1,0.13890
1974,86.8444,184,1,0.13876
1975,88.1778,168,1,0.13862
1976,84.1667,249,1,0.13849
1977,90.9000,155,1,0.13835
1978,93.3778,92,1,0.13821
1979,85.7222,205,1,0.13807
1980,83.2000,280,1,0.13793
1981,86.0667,230,1,0.13779
1982,83.9222,271,1,0.13766
1983,85.7333,220,1,0.13752
1984,86.5000,239,1,0.13738
1985,85.6889,240,1,0.13724
1986,70.8333,553,1,0.13711
1987,89.9667,167,1,0.13697
1988,64.8222,614,1,0.13683
1989,89.8444,162,1,0.13670
1990,88.1667,161,1,0.13656
1991,87.4333,195,1,0.13642
1992,70.8111,515,1,0.13629
1993,89.8222,164,1,0.13615
1994,84.9111,254,1,0.13601
1995,90.2667,148,1,0.13588
1996,90.3667,163,1,0.13574
1997,86.0222,234,1,0.13561
1998,83.2889,264,1,0.13547
1999,85.9778,254,1,0.13534
2000,84.2222,244,1,0.13520
2001,85.2333,241,1,0.13506
2002,78.4111,343,1,0.13493
2003,79.1889,353,1,0.13479
2004,58.1111,690,1,0.13466
2005,89.8111,157,1,0.13453
2006,91.1778,162,1,0.13439
2007,89.1778,166,1,0.13426
2008,88.3667,175,1,0.13412
2009,79.6444,328,1,0.13399
2010,81.9000,293,1,0.13385
2011,80.0000,320,1,0.13372
2012,88.7778,170,1,0.13359
2013,89.1222,155,1,0.13345
2014,89.5556,140,1,0.13332
2015,64.7667,603,1,0.13319
2016,86.4333,237,1,0.13305
2017,89.0778,167,1,0.13292
2018,76.7222,415,1,0.13279
2019,82.7889,285,1,0.13265
2020,89.8889,142,1,0.13252
2021,90.1556,134,1,0.13239
2022,58.9111,698,1,0.13226
2023,83.7111,282,1,0.13212
2024,89.1444,177,1,0.13199
2025,89.1222,179,1,0.13186
2026,86.9556,198,1,0.13173
2027,88.4667,174,1,0.13160
2028,84.0667,242,1,0.13146
2029,85.3778,244,1,0.13133
2030,85.3556,230,1,0.13120
2031,85.0778,255,1,0.13107
2032,89.3000,163,1,0.13094
2033,85.6111,231,1,0.13081
2034,85.5667,251,1,0.13068
2035,86.6222,204,1,0.13055
2036,86.1778,204,1,0.13042
2037,90.0667,166,1,0.13029
2038,92.3556,96,1,0.13016
2039,88.0889,176,1,0.13003
2040,91.6889,108,1,0.12990
2041,89.8667,168,1,0.12977
2042,88.7889,177,1,0.12964
2043,89.2333,177,1,0.12951
2044,89.5222,167,1,0.12938
2045,86.7889,189,1,0.12925
2046,89.8889,166,1,0.12912
2047,89.2556,175,1,0.12899
2048,88.9444,171,1,0.12886
2049,91.0778,139,1,0.12873
2050,88.9222,173,1,0.12860
2051,89.4111,177,1,0.12847
2052,79.7889,379,1,0.12835
2053,90.4778,161,1,0.12822
2054,86.0889,244,1,0.12809
2055,87.4667,200,1,0.12796
2056,90.5778,128,1,0.12783
2057,88.2111,181,1,0.12771
2058,88.5333,168,1,0.12758
2059,91.6000,116,1,0.12745
2060,88.3000,173,1,0.12732
2061,91.7333,120,1,0.12720
2062,90.0000,140,1,0.12707
2063,89.2889,164,1,0.12694
2064,89.2556,159,1,0.12681
2065,89.4444,166,1,0.12669
2066,88.4000,180,1,0.12656
2067,91.2222,126,1,0.12643
2068,92.5778,92,1,0.12631
2069,88.3667,175,1,0.12618
2070,89.1333,170,1,0.12606
2071,91.0222,120,1,0.12593
2072,90.0778,125,1,0.12580
2073,91.5556,112,1,0.12568
2074,87.4778,191,1,0.12555
2075,87.3444,195,1,0.12543
2076,87.9444,189,1,0.12530
2077,88.9444,139,1,0.12518
2078,92.8667,90,1,0.12505
2079,87.7667,205,1,0.12493
2080,88.2556,169,1,0.12480
2081,87.3556,186,1,0.12468
2082,90.5333,124,1,0.12455
2083,90.6556,145,1,0.12443
2084,88.0778,177,1,0.12430
2085,90.6778,119,1,0.12418
2086,89.6333,157,1,0.12405
2087,85.4778,219,1,0.12393
2088,92.7333,102,1,0.12381
2089,90.3222,127,1,0.12368
2090,90.7889,117,1,0.12356
2091,86.0667,206,1,0.12343
2092,80.3333,314,1,0.12331
2093,56.5000,715,1,0.12319
2094,87.8111,193,1,0.12306
2095,91.0111,121,1,0.12294
2096,91.2556,107,1,0.12282
2097,89.8556,137,1,0.12270
2098,89.9222,171,1,0.12257
2099,89.9556,160,1,0.12245
2100,94.0667,86,1,0.12233
2101,92.1444,99,1,0.12221
2102,90.0111,163,1,0.12208
2103,88.6556,181,1,0.12196
2104,93.3444,87,1,0.12184
2105,90.3889,121,1,0.12172
2106,88.9889,183,1,0.12160
2107,89.0444,178,1,0.12147
2108,89.1111,140,1,0.12135
2109,93.0556,89,1,0.12123
2110,90.9000,123,1,0.12111
2111,91.5889,109,1,0.12099
2112,93.3444,87,1,0.12087
2113,92.9889,95,1,0.12075
2114,88.1889,183,1,0.12063
2115,88.5667,173,1,0.12051
2116,93.0111,93,1,0.12039
2117,93.2333,89,1,0.12026
2118,90.1333,168,1,0.12014
2119,92.9333,92,1,0.12002
2120,88.4444,184,1,0.11990
2121,85.9889,261,1,0.11978
2122,93.3556,86,1,0.11966
2123,88.1778,192,1,0.11955
2124,91.9333,110,1,0.11943
2125,93.1444,89,1,0.11931
2126,93.4556,85,1,0.11919
2127,92.8556,91,1,0.11907
2128,93.2333,89,1,0.11895
2129,93.2556,87,1,0.11883
2130,92.9667,89,1,0.11871
2131,93.2667,86,1,0.11859
2132,89.5667,163,1,0.11847
2133,93.4556,85,1,0.11835
2134,91.7667,109,1,0.11824
2135,94.0444,80,1,0.11812
2136,93.1667,87,1,0.11800
2137,93.1556,88,1,0.11788
2138,93.3111,82,1,0.11776
2139,92.7222,103,1,0.11765
2140,91.6667,102,1,0.11753
2141,89.3778,164,1,0.11741
2142,91.5000,109,1,0.11729
2143,93.2333,89,1,0.11718
2144,93.2000,84,1,0.11706
2145,91.9889,105,1,0.11694
2146,90.1778,164,1,0.11683
2147,90.3111,120,1,0.11671
2148,93.7333,84,1,0.11659
2149,88.6333,191,1,0.11648
2150,93.7000,87,1,0.11636
2151,89.3222,177,1,0.11624
2152,93.0778,87,1,0.11613
2153,89.7778,168,1,0.11601
2154,89.3889,179,1,0.11589
2155,87.6889,204,1,0.11578
2156,90.0000,172,1,0.11566
2157,89.8667,136,1,0.11555
2158,84.6889,226,1,0.11543
2159,89.3444,175,1,0.11532
2160,91.1222,111,1,0.11520
2161,93.0667,88,1,0.11509
2162,75.8556,453,1,0.11497
2163,89.0222,164,1,0.11486
2164,88.8889,168,1,0.11474
2165,85.8667,240,1,0.11463
2166,90.9111,106,1,0.11451
2167,92.2556,97,1,0.11440
2168,89.4556,165,1,0.11428
2169,89.4111,161,1,0.11417
2170,89.8889,166,1,0.11405
2171,88.3667,167,1,0.11394
2172,86.4667,194,1,0.11383
2173,86.2556,197,1,0.11371
2174,41.3000,875,1,0.11360
2175,93.2000,92,1,0.11348
2176,83.0111,321,1,0.11337
2177,92.0667,98,1,0.11326
2178,89.8333,131,1,0.11314
2179,89.6556,131,1,0.11303
2180,87.2556,179,1,0.11292
2181,87.2111,191,1,0.11281
2182,87.5111,180,1,0.11269
2183,86.3111,200,1,0.11258
2184,89.6444,164,1,0.11247
2185,89.3111,162,1,0.11235
2186,92.3111,108,1,0.11224
2187,93.1889,85,1,0.11213
2188,91.6222,114,1,0.11202
2189,88.2000,190,1,0.11191
2190,89.4667,164,1,0.11179
2191,94.0222,82,1,0.11168
2192,88.4889,188,1,0.11157
2193,92.4889,92,1,0.11146
2194,93.1333,90,1,0.11135
2195,88.8222,166,1,0.11124
2196,92.4222,106,1,0.11113
2197,94.2444,78,1,0.11101
2198,93.7444,83,1,0.11090
2199,89.3111,170,1,0.11079
2200,88.7556,172,1,0.11068
2201,88.8889,176,1,0.11057
2202,89.1111,172,1,0.11046
2203,93.8778,79,1,0.11035
2204,89.2667,166,1,0.11024
2205,89.0111,165,1,0.11013
2206,87.8778,187,1,0.11002
2207,87.7444,191,1,0.10991
2208,88.1556,202,1,0.10980
2209,88.4778,173,1,0.10969
2210,91.7000,107,1,0.10958
2211,93.3000,83,1,0.10947
2212,87.8667,188,1,0.10936
2213,76.8556,427,1,0.10925
2214,89.1889,173,1,0.10914
2215,93.2889,84,1,0.10903
2216,91.2667,114,1,0.10892
2217,92.4889,108,1,0.10881
2218,90.0778,165,1,0.10871
2219,88.5667,173,1,0.10860
2220,93.1889,85,1,0.10849
2221,88.8111,167,1,0.10838
2222,88.1333,196,1,0.10827
2223,89.8556,169,1,0.10816
2224,92.2444,106,1,0.10806
2225,89.6667,170,1,0.10795
2226,89.4667,172,1,0.10784
2227,86.9889,203,1,0.10773
2228,92.3111,108,1,0.10762
2229,89.8556,161,1,0.10752
2230,89.4111,129,1,0.10741
2231,89.4444,166,1,0.10730
2232,89.1333,170,1,0.10719
2233,93.5667,83,1,0.10709
2234,93.3556,86,1,0.10698
2235,89.2667,174,1,0.10687
2236,88.7000,169,1,0.10677
2237,92.3333,106,1,0.10666
2238,87.6444,192,1,0.10655
2239,92.2333,107,1,0.10645
2240,89.3111,162,1,0.10634
2241,91.5667,111,1,0.10623
2242,93.4556,85,1,0.10613
2243,90.1333,160,1,0.10602
2244,93.5556,84,1,0.10591
2245,89.6889,168,1,0.10581
2246,87.7778,180,1,0.10570
2247,89.7111,166,1,0.10560
2248,93.3778,84,1,0.10549
2249,93.2222,82,1,0.10539
2250,92.2444,106,1,0.10528
2251,92.5778,108,1,0.10518
2252,87.7000,203,1,0.10507
2253,88.8333,189,1,0.10497
2254,91.7222,113,1,0.10486
2255,88.8667,178,1,0.10476
2256,91.3111,110,1,0.10465
2257,88.4333,169,1,0.10455
2258,93.2556,95,1,0.10444
2259,92.9000,87,1,0.10434
2260,88.8667,178,1,0.10423
2261,93.6556,83,1,0.10413
2262,92.1778,104,1,0.10402
2263,93.0333,83,1,0.10392
2264,92.1111,110,1,0.10382
2265,85.7667,169,1,0.10371
2266,93.0556,89,1,0.10361
2267,88.8556,171,1,0.10351
2268,91.8333,111,1,0.10340
2269,89.6778,161,1,0.10330
2270,77.9889,301,1,0.10319
2271,93.8000,86,1,0.10309
2272,89.9444,161,1,0.10299
2273,87.8556,189,1,0.10289
2274,93.2556,87,1,0.10278
2275,89.6778,161,1,0.10268
2276,89.5222,167,1,0.10258
2277,90.7444,129,1,0.10247
2278,93.4444,86,1,0.10237
2279,92.3000,109,1,0.10227
2280,91.8111,105,1,0.10217
2281,93.2667,86,1,0.10207
2282,94.4000,80,1,0.10196
2283,83.8111,225,1,0.10186
2284,92.5889,91,1,0.10176
2285,93.4444,86,1,0.10166
2286,90.4444,156,1,0.10156
2287,93.2778,85,1,0.10145
2288,93.0222,84,1,0.10135
2289,92.7000,89,1,0.10125
2290,92.7889,89,1,0.10115
2291,92.0222,94,1,0.10105
2292,88.1778,192,1,0.10095
2293,87.9111,176,1,0.10085
2294,93.0000,86,1,0.10075
2295,87.8889,194,1,0.10065
2296,86.6222,196,1,0.10055
2297,87.7111,194,1,0.10044
2298,88.3556,176,1,0.10034
2299,92.3111,92,1,0.10024
2300,93.3444,87,1,0.10014
2301,87.5222,187,1,0.10004
2302,88.1222,181,1,0.09994
2303,89.1667,167,1,0.09984
2304,89.2222,170,1,0.09974
2305,88.8000,168,1,0.09964
2306,92.1111,102,1,0.09954
2307,89.5556,124,1,0.09944
2308,89.1556,168,1,0.09935
2309,88.4111,187,1,0.09925
2310,86.7222,187,1,0.09915
2311,90.2111,153,1,0.09905
2312,88.7889,169,1,0.09895
2313,92.4000,100,1,0.09885
2314,92.8222,86,1,0.09875
2315,87.7556,182,1,0.09865
2316,89.9222,163,1,0.09855
2317,84.0667,250,1,0.09845
2318,90.5111,150,1,0.09836
2319,84.3000,253,1,0.09826
2320,86.5667,193,1,0.09816
2321,88.9333,180,1,0.09806
2322,87.0111,209,1,0.09796
2323,87.8556,189,1,0.09787
2324,88.8222,182,1,0.09777
2325,89.5444,165,1,0.09767
2326,89.5556,164,1,0.09757
2327,93.0000,94,1,0.09747
2328,89.8667,168,1,0.09738
2329,88.3222,187,1,0.09728
2330,87.3778,184,1,0.09718
2331,87.4778,191,1,0.09709
2332,87.6667,174,1,0.09699
2333,89.8333,163,1,0.09689
2334,88.8556,163,1,0.09679
2335,90.2111,153,1,0.09670
2336,89.2556,175,1,0.09660
2337,84.3889,229,1,0.09650
2338,88.6778,171,1,0.09641
2339,89.5333,150,1,0.09631
2340,90.0667,158,1,0.09621
2341,90.3667,155,1,0.09612
2342,89.9333,154,1,0.09602
2343,90.0556,159,1,0.09593
2344,89.7000,159,1,0.09583
2345,90.2222,152,1,0.09573
2346,89.0222,180,1,0.09564
2347,88.4444,192,1,0.09554
2348,87.0111,193,1,0.09545
2349,89.9667,159,1,0.09535
2350,89.2556,167,1,0.09526
2351,89.7444,155,1,0.09516
2352,88.3333,186,1,0.09507
2353,88.5667,181,1,0.09497
2354,88.0111,183,1,0.09488
2355,89.2667,174,1,0.09478
2356,89.0889,182,1,0.09469
2357,91.1778,122,1,0.09459
2358,89.1667,167,1,0.09450
2359,90.0778,165,1,0.09440
2360,88.4444,184,1,0.09431
2361,90.6889,158,1,0.09421
2362,90.7222,155,1,0.09412
2363,89.5222,175,1,0.09403
2364,89.0667,176,1,0.09393
2365,90.1556,158,1,0.09384
2366,90.3333,158,1,0.09374
2367,93.1000,93,1,0.09365
2368,86.9556,182,1,0.09356
2369,89.7111,166,1,0.09346
2370,88.0667,178,1,0.09337
2371,91.0222,112,1,0.09328
2372,89.7000,127,1,0.09318
2373,89.7111,166,1,0.09309
2374,88.4556,175,1,0.09300
2375,85.9444,217,1,0.09290
2376,87.5667,199,1,0.09281
2377,90.2000,122,1,0.09272
2378,89.4667,164,1,0.09263
2379,89.8444,162,1,0.09253
2380,89.9444,161,1,0.09244
2381,90.1778,156,1,0.09235
2382,92.0556,107,1,0.09226
2383,90.1111,162,1,0.09216
2384,92.4444,112,1,0.09207
2385,88.8778,169,1,0.09198
2386,89.9000,157,1,0.09189
2387,89.2222,162,1,0.09180
2388,90.1333,160,1,0.09170
2389,90.7444,145,1,0.09161
2390,90.5444,163,1,0.09152
2391,90.1556,158,1,0.09143
2392,90.4556,163,1,0.09134
2393,89.6444,164,1,0.09125
2394,89.6333,133,1,0.09115
2395,88.5889,187,1,0.09106
2396,90.4000,160,1,0.09097
2397,89.5444,149,1,0.09088
2398,89.8778,127,1,0.09079
2399,89.8556,161,1,0.09070
2400,90.9000,155,1,0.09061
2401,88.7667,187,1,0.09052
2402,90.1222,161,1,0.09043
2403,89.6444,164,1,0.09034
2404,90.2000,162,1,0.09025
2405,77.2889,420,1,0.09016
2406,90.2444,174,1,0.09007
2407,90.1111,162,1,0.08998
2408,89.8889,150,1,0.08989
2409,90.0667,150,1,0.08980
2410,89.8778,151,1,0.08971
2411,90.5889,151,1,0.08962
2412,90.1778,164,1,0.08953
2413,90.2000,170,1,0.08944
2414,82.9556,278,1,0.08935
2415,88.5556,182,1,0.08926
2416,83.3333,300,1,0.08917
2417,88.1444,187,1,0.08908
2418,89.7333,164,1,0.08899
2419,88.9111,190,1,0.08890
2420,89.0333,179,1,0.08881
2421,89.4889,186,1,0.08873
2422,91.6556,151,1,0.08864
2423,73.0000,502,1,0.08855
2424,84.3222,283,1,0.08846
2425,90.4111,159,1,0.08837
2426,89.2333,177,1,0.08828
2427,90.1333,160,1,0.08819
2428,90.8556,159,1,0.08811
2429,88.2667,184,1,0.08802
2430,90.7778,158,1,0.08793
2431,88.9667,177,1,0.08784
2432,90.3222,151,1,0.08775
2433,89.5000,161,1,0.08767
2434,89.0889,158,1,0.08758
2435,90.2778,155,1,0.08749
2436,87.5556,184,1,0.08740
2437,89.6111,159,1,0.08732
2438,89.1000,149,1,0.08723
2439,90.2000,154,1,0.08714
2440,88.1778,192,1,0.08705
2441,89.1222,155,1,0.08697
2442,89.7667,161,1,0.08688
2443,90.2889,154,1,0.08679
2444,88.7556,164,1,0.08671
2445,89.2889,156,1,0.08662
2446,90.1111,154,1,0.08653
2447,89.0444,170,1,0.08645
2448,89.4444,150,1,0.08636
2449,89.4222,176,1,0.08627
2450,90.3000,161,1,0.08619
2451,89.9667,151,1,0.08610
2452,89.0667,160,1,0.08602
2453,86.2778,203,1,0.08593
2454,89.2889,172,1,0.08584
2455,83.6889,260,1,0.08576
2456,88.9778,160,1,0.08567
2457,90.2111,161,1,0.08559
2458,91.3778,152,1,0.08550
2459,89.0778,175,1,0.08542
2460,89.7889,159,1,0.08533
2461,89.1889,165,1,0.08524
2462,84.1333,260,1,0.08516
2463,89.1222,179,1,0.08507
2464,88.5111,186,1,0.08499
2465,90.3222,159,1,0.08490
2466,89.0667,168,1,0.08482
2467,89.7556,170,1,0.08473
2468,87.7444,207,1,0.08465
2469,89.6444,164,1,0.08456
2470,89.5222,159,1,0.08448
2471,89.0111,165,1,0.08440
2472,89.5444,165,1,0.08431
2473,90.2556,157,1,0.08423
2474,88.1889,199,1,0.08414
2475,89.1889,165,1,0.08406
2476,89.9889,157,1,0.08397
2477,90.3778,154,1,0.08389
2478,87.1111,192,1,0.08381
2479,89.6111,159,1,0.08372
2480,89.7222,157,1,0.08364
2481,88.1667,185,1,0.08356
2482,88.1000,167,1,0.08347
2483,90.3556,156,1,0.08339
2484,88.3778,190,1,0.08331
2485,89.8000,158,1,0.08322
2486,89.3111,186,1,0.08314
2487,89.6444,156,1,0.08306
2488,89.4333,151,1,0.08297
2489,90.1111,162,1,0.08289
2490,89.3667,165,1,0.08281
2491,90.4556,155,1,0.08272
2492,86.2444,206,1,0.08264
2493,88.4444,192,1,0.08256
2494,89.9667,151,1,0.08248
2495,91.2778,153,1,0.08239
2496,90.5444,155,1,0.08231
2497,89.8556,185,1,0.08223
2498,90.0556,159,1,0.08215
2499,88.3333,186,1,0.08206
2500,90.6667,160,1,0.08198
2501,86.9889,203,1,0.08190
2502,90.3333,166,1,0.08182
2503,90.9444,151,1,0.08174
2504,88.8000,184,1,0.08165
2505,90.9667,165,1,0.08157
2506,89.0889,182,1,0.08149
2507,91.0000,162,1,0.08141
2508,89.1444,177,1,0.08133
2509,89.1000,189,1,0.08125
2510,89.2111,163,1,0.08117
2511,87.5778,182,1,0.08109
2512,89.9889,157,1,0.08100
2513,89.1889,197,1,0.08092
2514,91.4222,156,1,0.08084
2515,88.3111,196,1,0.08076
2516,90.3889,169,1,0.08068
2517,91.3444,155,1,0.08060
2518,91.3222,149,1,0.08052
2519,90.2000,170,1,0.08044
2520,90.3444,149,1,0.08036
2521,90.9556,150,1,0.08028
2522,90.2444,166,1,0.08020
2523,90.6889,158,1,0.08012
2524,87.2667,218,1,0.08004
2525,86.5000,231,1,0.07996
2526,90.1889,147,1,0.07988
2527,90.1889,155,1,0.07980
2528,89.7556,170,1,0.07972
2529,90.4889,152,1,0.07964
2530,90.4444,148,1,0.07956
2531,89.5889,161,1,0.07948
2532,88.5889,187,1,0.07940
2533,90.8000,156,1,0.07932
2534,90.0778,149,1,0.07924
2535,89.9556,160,1,0.07916
2536,83.5667,247,1,0.07908
2537,88.8000,176,1,0.07900
2538,88.2333,171,1,0.07892
2539,89.8222,148,1,0.07885
2540,88.9444,171,1,0.07877
2541,88.6778,211,1,0.07869
2542,89.0667,184,1,0.07861
2543,91.3222,133,1,0.07853
2544,89.5778,146,1,0.07845
2545,90.6889,158,1,0.07837
2546,87.7111,218,1,0.07829
2547,90.5222,141,1,0.07822
2548,90.5222,141,1,0.07814
2549,90.5889,151,1,0.07806
2550,88.8667,202,1,0.07798
2551,90.9111,130,1,0.07790
2552,91.0667,148,1,0.07783
2553,91.5556,152,1,0.07775
2554,91.0667,148,1,0.07767
2555,90.7333,146,1,0.07759
2556,90.1000,155,1,0.07752
2557,90.7444,145,1,0.07744
2558,89.8444,146,1,0.07736
2559,91.3111,150,1,0.07728
2560,89.2000,164,1,0.07721
2561,89.9222,163,1,0.07713
2562,90.7889,141,1,0.07705
2563,90.2333,159,1,0.07697
2564,89.9000,181,1,0.07690
2565,89.9556,160,1,0.07682
2566,90.1667,149,1,0.07674
2567,90.3889,153,1,0.07667
2568,87.4222,180,1,0.07659
2569,90.0889,156,1,0.07651
2570,90.2444,158,1,0.07644
2571,88.8333,165,1,0.07636
2572,89.4111,153,1,0.07628
2573,89.6111,159,1,0.07621
2574,90.1889,147,1,0.07613
2575,90.4889,152,1,0.07606
2576,90.7000,157,1,0.07598
2577,86.1333,232,1,0.07590
2578,91.7222,153,1,0.07583
2579,91.0667,140,1,0.07575
2580,90.6222,156,1,0.07568
2581,91.5556,152,1,0.07560
2582,89.8333,147,1,0.07552
2583,90.4444,156,1,0.07545
2584,90.2222,144,1,0.07537
2585,89.9111,148,1,0.07530
2586,89.8889,158,1,0.07522
2587,90.6333,139,1,0.07515
2588,89.7333,148,1,0.07507
2589,88.0444,228,1,0.07500
2590,80.7778,346,1,0.07492
2591,90.4889,160,1,0.07485
2592,91.6778,133,1,0.07477
2593,87.3778,256,1,0.07470
2594,86.9556,238,1,0.07462
2595,90.6778,175,1,0.07455
2596,87.4556,209,1,0.07447
2597,84.4000,252,1,0.07440
2598,92.3222,123,1,0.07433
2599,88.6778,195,1,0.07425
2600,91.0889,162,1,0.07418
2601,87.0111,217,1,0.07410
2602,89.6222,190,1,0.07403
2603,74.7000,501,1,0.07395
2604,86.6556,241,1,0.07388
2605,90.6667,176,1,0.07381
2606,86.0889,252,1,0.07373
2607,90.6778,159,1,0.07366
2608,91.1222,127,1,0.07359
2609,92.6444,102,1,0.07351
2610,87.1889,201,1,0.07344
2611,90.4000,136,1,0.07337
2612,89.8222,164,1,0.07329
2613,89.3333,184,1,0.07322
2614,85.6333,237,1,0.07315
2615,90.7778,158,1,0.07307
2616,93.4556,93,1,0.07300
2617,93.6000,96,1,0.07293
2618,88.6333,215,1,0.07285
2619,92.4778,125,1,0.07278
2620,85.6111,279,1,0.07271
2621,92.5556,110,1,0.07263
2622,91.0556,133,1,0.07256
2623,91.2889,128,1,0.07249
2624,92.1333,132,1,0.07242
2625,91.3778,128,1,0.07234
2626,92.2444,122,1,0.07227
2627,89.1111,172,1,0.07220
2628,90.5111,166,1,0.07213
2629,90.7000,133,1,0.07206
2630,86.2889,234,1,0.07198
2631,89.7667,145,1,0.07191
2632,90.6333,131,1,0.07184
2633,88.3111,172,1,0.07177
2634,92.4111,131,1,0.07170
2635,91.9667,131,1,0.07162
2636,89.1222,171,1,0.07155
2637,90.9556,142,1,0.07148
2638,90.1889,163,1,0.07141
2639,91.2333,133,1,0.07134
2640,90.8667,142,1,0.07127
2641,89.7222,149,1,0.07120
2642,90.2444,142,1,0.07112
2643,90.3889,145,1,0.07105
2644,90.8111,147,1,0.07098
2645,88.1333,188,1,0.07091
2646,88.1000,167,1,0.07084
2647,90.4444,164,1,0.07077
2648,89.9111,148,1,0.07070
2649,87.9889,169,1,0.07063
2650,93.5889,89,1,0.07056
2651,88.9889,167,1,0.07049
2652,90.5333,148,1,0.07042
2653,88.0556,187,1,0.07035
2654,88.1556,170,1,0.07028
2655,90.2556,149,1,0.07021
2656,90.4889,152,1,0.07014
2657,84.6778,251,1,0.07007
2658,90.9556,142,1,0.07000
2659,89.2000,164,1,0.06993
2660,91.0444,150,1,0.06986
2661,90.7444,153,1,0.06979
2662,90.0000,156,1,0.06972
2663,90.7556,144,1,0.06965
2664,91.5778,134,1,0.06958
2665,90.8556,143,1,0.06951
2666,87.8556,197,1,0.06944
2667,90.2333,143,1,0.06937
2668,89.6444,156,1,0.06930
2669,91.1333,142,1,0.06923
2670,91.2778,145,1,0.06916
2671,90.2556,133,1,0.06909
2672,86.3444,245,1,0.06902
2673,91.5444,145,1,0.06895
2674,91.4222,140,1,0.06888
2675,85.0667,256,1,0.06881
2676,91.2111,135,1,0.06875
2677,85.1000,261,1,0.06868
2678,87.9889,185,1,0.06861
2679,90.5889,151,1,0.06854
2680,89.9000,157,1,0.06847
2681,89.6000,160,1,0.06840
2682,89.8889,158,1,0.06833
2683,90.3778,138,1,0.06827
2684,89.3889,171,1,0.06820
2685,90.9667,141,1,0.06813
2686,92.2222,108,1,0.06806
2687,94.0444,80,1,0.06799
2688,90.8111,139,1,0.06793
2689,93.5778,82,1,0.06786
2690,91.8222,104,1,0.06779
2691,93.2222,98,1,0.06772
2692,90.7222,115,1,0.06765
2693,87.3222,181,1,0.06759
2694,90.7333,146,1,0.06752
2695,86.8889,196,1,0.06745
2696,89.6444,156,1,0.06738
2697,89.9111,156,1,0.06732
2698,88.9778,168,1,0.06725
2699,92.7778,98,1,0.06718
2700,88.3778,182,1,0.06711
2701,87.9556,188,1,0.06705
2702,90.1222,161,1,0.06698
2703,90.1333,152,1,0.06691
2704,88.5333,176,1,0.06685
2705,89.2333,169,1,0.06678
2706,92.7222,103,1,0.06671
2707,91.9444,109,1,0.06665
2708,87.2556,187,1,0.06658
2709,92.9222,109,1,0.06651
2710,88.8333,173,1,0.06645
2711,89.1111,172,1,0.06638
2712,90.5556,146,1,0.06631
2713,90.4111,143,1,0.06625
2714,89.1222,163,1,0.06618
2715,90.9778,148,1,0.06612
2716,90.8556,151,1,0.06605
2717,90.6667,144,1,0.06598
2718,90.2111,153,1,0.06592
2719,92.5556,102,1,0.06585
2720,90.7889,149,1,0.06579
2721,90.6000,158,1,0.06572
2722,91.3000,143,1,0.06565
2723,90.2111,153,1,0.06559
2724,92.0556,139,1,0.06552
2725,91.2444,140,1,0.06546
2726,91.5000,133,1,0.06539
2727,89.4444,158,1,0.06533
2728,91.5222,131,1,0.06526
2729,93.0333,99,1,0.06520
2730,90.3333,134,1,0.06513
2731,92.3333,106,1,0.06507
2732,90.8667,142,1,0.06500
2733,89.5778,146,1,0.06494
2734,93.9556,80,1,0.06487
2735,88.8889,176,1,0.06481
2736,92.4333,105,1,0.06474
2737,90.2222,136,1,0.06468
2738,93.2000,92,1,0.06461
2739,89.1222,147,1,0.06455
2740,89.0889,142,1,0.06448
2741,90.0444,136,1,0.06442
2742,92.8778,97,1,0.06435
2743,89.4667,180,1,0.06429
2744,89.4000,146,1,0.06422
2745,91.3556,130,1,0.06416
2746,93.3556,94,1,0.06410
2747,91.5333,106,1,0.06403
2748,90.7889,141,1,0.06397
2749,93.6889,80,1,0.06390
2750,89.7333,140,1,0.06384
2751,90.2111,137,1,0.06378
2752,92.2222,100,1,0.06371
2753,92.3111,108,1,0.06365
2754,90.2889,138,1,0.06358
2755,93.5444,93,1,0.06352
2756,90.7222,131,1,0.06346
2757,92.1556,106,1,0.06339
2758,90.0667,134,1,0.06333
2759,91.7889,139,1,0.06327
2760,89.5111,144,1,0.06320
2761,92.3222,107,1,0.06314
2762,91.9556,108,1,0.06308
2763,89.6667,146,1,0.06302
2764,92.6778,99,1,0.06295
2765,90.9667,133,1,0.06289
2766,88.8444,180,1,0.06283
2767,93.1111,100,1,0.06276
2768,86.7000,181,1,0.06270
2769,92.3889,101,1,0.06264
2770,89.1667,151,1,0.06258
2771,89.3667,141,1,0.06251
2772,90.4333,133,1,0.06245
2773,90.2222,136,1,0.06239
2774,92.8778,89,1,0.06233
2775,93.5333,94,1,0.06226
2776,88.2556,169,1,0.06220
2777,90.4667,130,1,0.06214
2778,90.6000,134,1,0.06208
2779,92.3222,107,1,0.06201
2780,88.7222,151,1,0.06195
2781,88.4000,156,1,0.06189
2782,89.5000,145,1,0.06183
2783,89.1333,170,1,0.06177
2784,91.0667,108,1,0.06170
2785,90.1667,149,1,0.06164
2786,90.4333,141,1,0.06158
2787,89.9667,143,1,0.06152
2788,85.5556,236,1,0.06146
2789,92.4333,97,1,0.06140
2790,93.8333,91,1,0.06134
2791,92.7222,95,1,0.06127
2792,94.4778,81,1,0.06121
2793,90.9667,117,1,0.06115
2794,89.7889,151,1,0.06109
2795,90.3222,143,1,0.06103
2796,91.9222,103,1,0.06097
2797,89.5000,153,1,0.06091
2798,93.9667,79,1,0.06085
2799,88.2667,184,1,0.06079
2800,89.3556,182,1,0.06072
2801,93.6556,83,1,0.06066
2802,92.4333,97,1,0.06060
2803,92.8778,97,1,0.06054
2804,92.3778,102,1,0.06048
2805,91.2333,141,1,0.06042
2806,91.0333,135,1,0.06036
2807,90.1556,142,1,0.06030
2808,88.9667,177,1,0.06024
2809,93.7222,85,1,0.06018
2810,90.9667,109,1,0.06012
2811,91.2889,112,1,0.06006
2812,90.8333,153,1,0.06000
2813,92.8889,96,1,0.05994
2814,93.2889,92,1,0.05988
2815,91.9333,118,1,0.05982
2816,91.9111,104,1,0.05976
2817,93.4222,96,1,0.05970
2818,92.3111,100,1,0.05964
2819,86.3778,194,1,0.05958
2820,93.2667,94,1,0.05952
2821,93.4111,89,1,0.05946
2822,91.3667,113,1,0.05940
2823,87.8778,187,1,0.05934
2824,88.0889,192,1,0.05928
2825,89.1667,183,1,0.05922
2826,93.6667,90,1,0.05917
2827,92.8000,96,1,0.05911
2828,92.6111,97,1,0.05905
2829,92.6000,106,1,0.05899
2830,93.8778,87,1,0.05893
2831,90.4889,120,1,0.05887
2832,88.7111,184,1,0.05881
2833,93.0333,91,1,0.05875
2834,94.1667,85,1,0.05869
2835,88.4111,179,1,0.05864
2836,93.6889,88,1,0.05858
2837,93.9778,86,1,0.05852
2838,92.8778,97,1,0.05846
2839,92.4000,116,1,0.05840
2840,92.9667,97,1,0.05834
2841,93.8111,85,1,0.05828
2842,93.3889,91,1,0.05823
2843,94.2556,85,1,0.05817
2844,93.2667,110,1,0.05811
2845,92.3111,100,1,0.05805
2846,93.2778,93,1,0.05799
2847,92.4222,98,1,0.05794
2848,93.4444,94,1,0.05788
2849,92.0333,109,1,0.05782
2850,93.9667,87,1,0.05776
2851,87.9556,148,1,0.05770
2852,91.5222,115,1,0.05765
2853,91.8000,106,1,0.05759
2854,92.2778,103,1,0.05753
2855,88.6444,182,1,0.05747
2856,92.9333,92,1,0.05742
2857,87.3111,182,1,0.05736
2858,94.0556,87,1,0.05730
2859,92.6889,98,1,0.05724
2860,93.2889,92,1,0.05719
2861,92.6333,95,1,0.05713
2862,91.8778,107,1,0.05707
2863,93.1778,94,1,0.05702
2864,92.4222,98,1,0.05696
2865,92.0111,103,1,0.05690
2866,91.8000,122,1,0.05684
2867,91.9667,115,1,0.05679
2868,93.1889,93,1,0.05673
2869,83.7222,281,1,0.05667
2870,88.1000,191,1,0.05662
2871,93.0889,94,1,0.05656
2872,91.6222,106,1,0.05650
2873,92.1111,102,1,0.05645
2874,92.1000,103,1,0.05639
2875,91.8222,104,1,0.05634
2876,88.9333,180,1,0.05628
2877,87.5889,149,1,0.05622
2878,93.8889,86,1,0.05617
2879,93.9556,88,1,0.05611
2880,93.9778,86,1,0.05605
2881,93.4889,90,1,0.05600
2882,93.8000,86,1,0.05594
2883,88.1222,189,1,0.05589
2884,90.1889,171,1,0.05583
2885,89.2556,135,1,0.05577
2886,89.6333,173,1,0.05572
2887,91.9444,101,1,0.05566
2888,91.8444,102,1,0.05561
2889,92.0333,101,1,0.05555
2890,92.2333,99,1,0.05550
2891,92.9556,90,1,0.05544
2892,92.1889,103,1,0.05538
2893,94.0444,80,1,0.05533
2894,92.9111,94,1,0.05527
2895,91.3444,107,1,0.05522
2896,91.8556,101,1,0.05516
2897,92.6889,106,1,0.05511
2898,92.2222,100,1,0.05505
2899,88.9222,181,1,0.05500
2900,89.7889,167,1,0.05494
2901,93.0444,106,1,0.05489
2902,88.5889,179,1,0.05483
2903,74.2889,402,1,0.05478
2904,89.0000,166,1,0.05472
2905,89.1333,170,1,0.05467
2906,91.9333,102,1,0.05461
2907,93.4667,92,1,0.05456
2908,92.1444,99,1,0.05451
2909,91.6667,102,1,0.05445
2910,93.3444,87,1,0.05440
2911,92.9889,87,1,0.05434
2912,91.3556,114,1,0.05429
2913,93.4333,87,1,0.05423
2914,91.8000,98,1,0.05418
2915,93.0111,93,1,0.05413
2916,91.6000,108,1,0.05407
2917,90.5000,119,1,0.05402
2918,93.2778,85,1,0.05396
2919,92.3444,97,1,0.05391
2920,91.8667,100,1,0.05385
2921,90.8333,121,1,0.05380
2922,93.5222,87,1,0.05375
2923,89.5667,163,1,0.05369
2924,94.0444,80,1,0.05364
2925,92.8222,94,1,0.05359
2926,92.9444,91,1,0.05353
2927,94.2222,80,1,0.05348
2928,92.8556,91,1,0.05343
2929,93.9556,80,1,0.05337
2930,94.3222,79,1,0.05332
2931,94.2111,81,1,0.05327
2932,92.6333,95,1,0.05321
2933,93.6333,85,1,0.05316
2934,93.1222,91,1,0.05311
2935,87.8222,184,1,0.05305
2936,93.3000,91,1,0.05300
2937,93.5333,86,1,0.05295
2938,94.0111,83,1,0.05289
2939,93.6556,91,1,0.05284
2940,94.1111,82,1,0.05279
2941,93.1889,93,1,0.05274
2942,91.1111,112,1,0.05268
2943,92.5222,97,1,0.05263
2944,93.6667,90,1,0.05258
2945,93.2889,92,1,0.05252
2946,93.6222,86,1,0.05247
2947,87.8111,177,1,0.05242
2948,93.6778,89,1,0.05237
2949,89.9222,171,1,0.05231
2950,91.6556,103,1,0.05226
2951,93.9000,85,1,0.05221
2952,93.9444,81,1,0.05216
2953,93.8111,85,1,0.05211
2954,88.9667,169,1,0.05205
2955,88.5556,174,1,0.05200
2956,89.3889,171,1,0.05195
2957,93.9667,87,1,0.05190
2958,93.6111,87,1,0.05185
2959,93.4222,88,1,0.05179
2960,91.4889,110,1,0.05174
2961,93.9000,85,1,0.05169
2962,93.0889,94,1,0.05164
2963,93.8333,83,1,0.05159
2964,90.7000,109,1,0.05154
2965,91.4444,106,1,0.05148
2966,92.7667,91,1,0.05143
2967,89.1333,170,1,0.05138
2968,92.4667,94,1,0.05133
2969,90.0556,167,1,0.05128
2970,89.3222,169,1,0.05123
2971,94.1778,84,1,0.05118
2972,90.1667,165,1,0.05112
2973,90.5778,168,1,0.05107
2974,94.0889,84,1,0.05102
2975,89.3667,165,1,0.05097
2976,89.7667,169,1,0.05092
2977,89.9556,160,1,0.05087
2978,91.0111,161,1,0.05082
2979,89.3333,176,1,0.05077
2980,88.0222,182,1,0.05072
2981,92.9778,96,1,0.05067
2982,92.7222,95,1,0.05062
2983,91.9222,103,1,0.05057
2984,94.4111,79,1,0.05051
2985,88.1222,181,1,0.05046
2986,89.3889,171,1,0.05041
2987,91.6667,110,1,0.05036
2988,89.6889,168,1,0.05031
2989,88.3333,178,1,0.05026
2990,89.0444,178,1,0.05021
2991,89.5333,174,1,0.05016
2992,90.1667,165,1,0.05011
2993,89.6222,166,1,0.05006
2994,90.7889,165,1,0.05001
2995,90.9889,163,1,0.05000
2996,90.0667,166,1,0.05000
2997,88.4778,173,1,0.05000
2998,92.5889,99,1,0.05000
2999,89.2111,171,1,0.05000
3000,89.9667,175,1,0.05000
3001,89.0667,168,1,0.05000
3002,90.1111,170,1,0.05000
3003,90.4111,111,1,0.05000
3004,88.9000,175,1,0.05000
3005,93.5667,91,1,0.05000
3006,92.0111,103,1,0.05000
3007,88.0333,189,1,0.05000
3008,92.5667,101,1,0.05000
3009,91.6111,107,1,0.05000
3010,93.1000,93,1,0.05000
3011,92.3778,94,1,0.05000
3012,92.3778,94,1,0.05000
3013,91.6222,98,1,0.05000
3014,92.3667,87,1,0.05000
3015,92.3111,92,1,0.05000
3016,92.3667,95,1,0.05000
3017,92.1444,99,1,0.05000
3018,85.3778,204,1,0.05000
3019,92.0667,98,1,0.05000
3020,92.6444,94,1,0.05000
3021,92.5667,93,1,0.05000
3022,92.9444,91,1,0.05000
3023,92.6889,90,1,0.05000
3024,91.8444,102,1,0.05000
3025,91.2556,107,1,0.05000
3026,91.7889,99,1,0.05000
3027,91.9444,101,1,0.05000
3028,92.3667,95,1,0.05000
3029,92.1778,96,1,0.05000
3030,91.3778,104,1,0.05000
3031,92.3111,92,1,0.05000
3032,92.3778,94,1,0.05000
3033,89.5000,121,1,0.05000
3034,91.0111,113,1,0.05000
3035,89.1444,129,1,0.05000
3036,90.1444,119,1,0.05000
3037,91.6111,99,1,0.05000
3038,83.0111,273,1,0.05000
3039,90.4333,165,1,0.05000
3040,89.1222,171,1,0.05000
3041,90.1000,155,1,0.05000
3042,91.7000,107,1,0.05000
3043,92.6889,98,1,0.05000
3044,92.2889,94,1,0.05000
3045,91.6556,103,1,0.05000
3046,92.9000,95,1,0.05000
3047,93.3222,97,1,0.05000
3048,86.4778,185,1,0.05000
3049,91.8000,98,1,0.05000
3050,87.0111,185,1,0.05000
3051,92.2000,94,1,0.05000
3052,91.7889,99,1,0.05000
3053,94.2333,79,1,0.05000
3054,92.1778,96,1,0.05000
3055,91.6333,105,1,0.05000
3056,92.3667,95,1,0.05000
3057,90.6222,148,1,0.05000
3058,90.8778,109,1,0.05000
3059,91.9667,99,1,0.05000
3060,89.5222,167,1,0.05000
3061,89.0000,158,1,0.05000
3062,86.6778,183,1,0.05000
3063,91.9333,102,1,0.05000
3064,91.5556,104,1,0.05000
3065,91.7778,100,1,0.05000
3066,87.6333,185,1,0.05000
3067,92.2333,99,1,0.05000
3068,91.8111,97,1,0.05000
3069,91.4444,106,1,0.05000
3070,87.4111,181,1,0.05000
3071,92.5667,93,1,0.05000
3072,91.3556,106,1,0.05000
3073,91.5667,103,1,0.05000
3074,92.4667,94,1,0.05000
3075,92.0444,100,1,0.05000
3076,91.6778,101,1,0.05000
3077,90.3778,114,1,0.05000
3078,91.6222,98,1,0.05000
3079,87.2111,183,1,0.05000
3080,88.1778,176,1,0.05000
3081,88.1778,176,1,0.05000
3082,86.5444,187,1,0.05000
3083,92.2556,97,1,0.05000
3084,89.1889,173,1,0.05000
3085,87.2889,184,1,0.05000
3086,88.1333,180,1,0.05000
3087,88.0889,168,1,0.05000
3088,88.3556,176,1,0.05000
3089,88.6667,172,1,0.05000
3090,88.4222,170,1,0.05000
3091,89.0444,170,1,0.05000
3092,89.2000,172,1,0.05000
3093,89.6444,164,1,0.05000
3094,88.3444,177,1,0.05000
3095,88.3000,181,1,0.05000
3096,90.1556,166,1,0.05000
3097,89.7333,164,1,0.05000
3098,88.2889,174,1,0.05000
3099,88.4000,172,1,0.05000
3100,94.0667,86,1,0.05000
3101,88.9444,171,1,0.05000
3102,87.8000,178,1,0.05000
3103,88.4667,174,1,0.05000
3104,92.8556,91,1,0.05000
3105,88.8556,171,1,0.05000
3106,93.4556,93,1,0.05000
3107,91.8778,107,1,0.05000
3108,84.9111,262,1,0.05000
3109,92.4556,95,1,0.05000
3110,92.0667,106,1,0.05000
3111,90.6778,159,1,0.05000
3112,90.8000,156,1,0.05000
3113,90.3778,154,1,0.05000
3114,90.2444,158,1,0.05000
3115,93.1333,90,1,0.05000
3116,89.2333,169,1,0.05000
3117,90.2667,156,1,0.05000
3118,93.0111,93,1,0.05000
3119,93.2111,91,1,0.05000
3120,92.2222,92,1,0.05000
3121,91.9889,97,1,0.05000
3122,93.0667,88,1,0.05000
3123,93.4444,86,1,0.05000
3124,90.6889,110,1,0.05000
3125,92.7111,88,1,0.05000
3126,88.8556,171,1,0.05000
3127,90.1889,163,1,0.05000
3128,90.4111,159,1,0.05000
3129,89.3556,166,1,0.05000
3130,85.0444,234,1,0.05000
3131,88.0111,167,1,0.05000
3132,90.3222,151,1,0.05000
3133,90.2333,151,1,0.05000
3134,89.7444,155,1,0.05000
3135,88.9222,165,1,0.05000
3136,84.9778,256,1,0.05000
3137,86.1889,251,1,0.05000
3138,90.2111,161,1,0.05000
3139,89.6333,157,1,0.05000
3140,90.3000,153,1,0.05000
3141,89.8111,165,1,0.05000
3142,90.2667,148,1,0.05000
3143,89.0444,170,1,0.05000
3144,90.2778,163,1,0.05000
3145,89.7556,162,1,0.05000
3146,90.1333,160,1,0.05000
3147,91.2444,156,1,0.05000
3148,89.7000,159,1,0.05000
3149,90.1556,166,1,0.05000
3150,88.0667,186,1,0.05000
3151,91.0556,149,1,0.05000
3152,90.6000,158,1,0.05000
3153,90.4222,150,1,0.05000
3154,90.4889,152,1,0.05000
3155,90.6556,161,1,0.05000
3156,90.7333,146,1,0.05000
3157,90.2444,150,1,0.05000
3158,90.1333,152,1,0.05000
3159,90.8778,157,1,0.05000
3160,91.3667,161,1,0.05000
3161,90.7222,147,1,0.05000
3162,90.8333,161,1,0.05000
3163,89.9667,151,1,0.05000
3164,89.9333,154,1,0.05000
3165,90.9889,163,1,0.05000
3166,90.7556,160,1,0.05000
3167,90.6222,164,1,0.05000
3168,90.5556,154,1,0.05000
3169,91.1667,147,1,0.05000
3170,91.0111,153,1,0.05000
3171,89.1778,158,1,0.05000
3172,88.7556,172,1,0.05000
3173,89.3889,171,1,0.05000
3174,89.6778,169,1,0.05000
3175,89.2444,168,1,0.05000
3176,89.3222,153,1,0.05000
3177,89.7222,165,1,0.05000
3178,88.1556,170,1,0.05000
3179,92.2889,94,1,0.05000
3180,89.3333,168,1,0.05000
3181,93.4111,81,1,0.05000
3182,89.0889,166,1,0.05000
3183,91.7222,97,1,0.05000
3184,93.4889,82,1,0.05000
3185,92.9000,87,1,0.05000
3186,94.1000,83,1,0.05000
3187,91.9111,96,1,0.05000
3188,92.7333,86,1,0.05000
3189,91.4000,102,1,0.05000
3190,90.0111,163,1,0.05000
3191,92.9000,87,1,0.05000
3192,92.3111,92,1,0.05000
3193,92.5222,89,1,0.05000
3194,92.7222,87,1,0.05000
3195,92.3778,94,1,0.05000
3196,92.1000,95,1,0.05000
3197,90.6889,110,1,0.05000
3198,93.1556,88,1,0.05000
3199,93.1222,83,1,0.05000
3200,92.4111,91,1,0.05000
3201,92.8889,88,1,0.05000
3202,92.9667,89,1,0.05000
3203,92.9333,84,1,0.05000
3204,92.6000,90,1,0.05000
3205,92.9333,84,1,0.05000
3206,92.6222,88,1,0.05000
3207,92.2556,89,1,0.05000
3208,93.1778,86,1,0.05000
3209,93.4444,86,1,0.05000
3210,92.7778,82,1,0.05000
3211,92.9222,85,1,0.05000
3212,91.0667,140,1,0.05000
3213,92.9222,93,1,0.05000
3214,92.2667,88,1,0.05000
3215,89.4778,163,1,0.05000
3216,92.1444,91,1,0.05000
3217,92.6222,88,1,0.05000
3218,92.7556,84,1,0.05000
3219,93.3667,85,1,0.05000
3220,92.8444,84,1,0.05000
3221,93.4556,85,1,0.05000
3222,93.5000,81,1,0.05000
3223,92.2333,91,1,0.05000
3224,93.0556,81,1,0.05000
3225,92.7889,81,1,0.05000
3226,92.5889,91,1,0.05000
3227,92.5556,86,1,0.05000
3228,92.6556,85,1,0.05000
3229,93.6444,84,1,0.05000
3230,92.3889,85,1,0.05000
3231,92.3667,87,1,0.05000
3232,93.0556,81,1,0.05000
3233,90.3444,157,1,0.05000
3234,94.0111,83,1,0.05000
3235,93.2333,89,1,0.05000
3236,93.4222,80,1,0.05000
3237,93.3333,80,1,0.05000
3238,93.1222,83,1,0.05000
3239,92.5889,83,1,0.05000
3240,92.4111,83,1,0.05000
3241,92.2556,89,1,0.05000
3242,92.0667,90,1,0.05000
3243,92.6222,80,1,0.05000
3244,92.3889,85,1,0.05000
3245,93.0556,89,1,0.05000
3246,92.6222,80,1,0.05000
3247,92.9111,86,1,0.05000
3248,92.4000,84,1,0.05000
3249,92.7333,86,1,0.05000
3250,92.6444,86,1,0.05000
3251,93.1889,77,1,0.05000
3252,92.5000,83,1,0.05000
3253,91.2444,100,1,0.05000
3254,92.6556,85,1,0.05000
3255,93.1556,80,1,0.05000
3256,93.0889,78,1,0.05000
3257,93.3000,83,1,0.05000
3258,92.3667,87,1,0.05000
3259,92.4444,88,1,0.05000
3260,87.9556,172,1,0.05000
3261,92.4333,89,1,0.05000
3262,93.0778,79,1,0.05000
3263,92.4667,86,1,0.05000
3264,91.3889,95,1,0.05000
3265,89.7000,151,1,0.05000
3266,93.1889,85,1,0.05000
3267,93.1778,86,1,0.05000
3268,93.9111,84,1,0.05000
3269,92.2778,87,1,0.05000
3270,93.7667,81,1,0.05000
3271,92.7444,85,1,0.05000
3272,93.1889,85,1,0.05000
3273,93.1444,81,1,0.05000
3274,92.8333,85,1,0.05000
3275,93.7667,81,1,0.05000
3276,92.9444,83,1,0.05000
3277,87.1889,185,1,0.05000
3278,93.0333,83,1,0.05000
3279,93.3778,76,1,0.05000
3280,92.6778,83,1,0.05000
3281,92.8667,82,1,0.05000
3282,93.6556,83,1,0.05000
3283,92.9000,87,1,0.05000
3284,90.5222,165,1,0.05000
3285,93.2111,91,1,0.05000
3286,93.2889,84,1,0.05000
3287,94.1556,78,1,0.05000
3288,92.8222,86,1,0.05000
3289,93.4889,82,1,0.05000
3290,92.7889,89,1,0.05000
3291,93.3667,85,1,0.05000
3292,93.0333,91,1,0.05000
3293,92.3778,86,1,0.05000
3294,91.8222,104,1,0.05000
3295,92.6222,88,1,0.05000
3296,92.5222,97,1,0.05000
3297,93.0111,85,1,0.05000
3298,92.3778,94,1,0.05000
3299,92.6556,93,1,0.05000
3300,93.0444,90,1,0.05000
3301,92.7667,91,1,0.05000
3302,92.5333,88,1,0.05000
3303,92.0333,93,1,0.05000
3304,93.0000,86,1,0.05000
3305,92.3333,90,1,0.05000
3306,91.3889,103,1,0.05000
3307,91.0000,106,1,0.05000
3308,90.8778,117,1,0.05000
3309,90.5778,112,1,0.05000
3310,92.6000,90,1,0.05000
3311,92.5222,89,1,0.05000
3312,92.7222,103,1,0.05000
3313,91.4667,112,1,0.05000
3314,92.9556,90,1,0.05000
3315,92.2556,89,1,0.05000
3316,87.6222,178,1,0.05000
3317,93.6889,88,1,0.05000
3318,92.9556,90,1,0.05000
3319,93.0444,90,1,0.05000
3320,92.9778,88,1,0.05000
3321,87.4667,176,1,0.05000
3322,92.0556,91,1,0.05000
3323,88.2111,173,1,0.05000
3324,92.0222,94,1,0.05000
3325,92.5222,97,1,0.05000
3326,92.1778,96,1,0.05000
3327,93.7889,87,1,0.05000
3328,92.5889,91,1,0.05000
3329,87.5444,177,1,0.05000
3330,92.5444,95,1,0.05000
3331,91.0889,98,1,0.05000
3332,92.1556,90,1,0.05000
3333,87.6333,177,1,0.05000
3334,92.0889,88,1,0.05000
3335,92.3667,95,1,0.05000
3336,92.4444,88,1,0.05000
3337,88.7222,175,1,0.05000
3338,91.8889,98,1,0.05000
3339,93.4000,90,1,0.05000
3340,88.3778,174,1,0.05000
3341,91.9000,97,1,0.05000
3342,92.5000,91,1,0.05000
3343,88.7222,175,1,0.05000
3344,92.3667,87,1,0.05000
3345,92.1889,87,1,0.05000
3346,91.1444,101,1,0.05000
3347,92.7667,91,1,0.05000
3348,92.4000,92,1,0.05000
3349,91.4556,97,1,0.05000
3350,92.4444,88,1,0.05000
3351,93.0333,83,1,0.05000
3352,92.1111,94,1,0.05000
3353,92.6556,93,1,0.05000
3354,87.9222,175,1,0.05000
3355,91.8444,102,1,0.05000
3356,92.1333,92,1,0.05000
3357,89.1000,173,1,0.05000
3358,92.4333,89,1,0.05000
3359,91.8778,91,1,0.05000
3360,88.8778,169,1,0.05000
3361,89.0778,175,1,0.05000
3362,89.1222,171,1,0.05000
3363,88.0444,180,1,0.05000
3364,92.2000,94,1,0.05000
3365,82.9889,275,1,0.05000
3366,90.7222,107,1,0.05000
3367,91.9111,104,1,0.05000
3368,92.5889,91,1,0.05000
3369,92.3889,93,1,0.05000
3370,92.0444,92,1,0.05000
3371,91.8444,102,1,0.05000
3372,92.0667,90,1,0.05000
3373,89.2556,175,1,0.05000
3374,83.8444,270,1,0.05000
3375,89.5556,164,1,0.05000
3376,87.7556,190,1,0.05000
3377,84.0667,266,1,0.05000
3378,90.3111,160,1,0.05000
3379,89.5556,164,1,0.05000
3380,90.9000,163,1,0.05000
3381,90.3222,151,1,0.05000
3382,89.5111,160,1,0.05000
3383,88.8667,170,1,0.05000
3384,89.5556,156,1,0.05000
3385,90.5667,161,1,0.05000
3386,90.7667,159,1,0.05000
3387,89.5333,166,1,0.05000
3388,90.6111,157,1,0.05000
3389,92.7111,88,1,0.05000
3390,89.1556,160,1,0.05000
3391,85.7889,191,1,0.05000
3392,90.7667,159,1,0.05000
3393,88.6556,165,1,0.05000
3394,89.9222,163,1,0.05000
3395,89.5889,161,1,0.05000
3396,89.7111,158,1,0.05000
3397,89.3000,155,1,0.05000
3398,88.1778,168,1,0.05000
3399,89.1333,162,1,0.05000
3400,88.9111,166,1,0.05000
3401,88.3111,164,1,0.05000
3402,92.9222,85,1,0.05000
3403,89.1333,162,1,0.05000
3404,89.3111,162,1,0.05000
3405,92.4000,92,1,0.05000
3406,89.4667,164,1,0.05000
3407,87.2778,177,1,0.05000
3408,88.8222,166,1,0.05000
3409,90.1444,159,1,0.05000
3410,88.8111,159,1,0.05000
3411,87.9222,167,1,0.05000
3412,87.9444,165,1,0.05000
3413,90.1667,141,1,0.05000
3414,90.4222,142,1,0.05000
3415,90.8889,140,1,0.05000
3416,90.3000,153,1,0.05000
3417,90.7889,141,1,0.05000
3418,90.2222,152,1,0.05000
3419,90.9333,144,1,0.05000
3420,90.5333,148,1,0.05000
3421,89.6333,165,1,0.05000
3422,88.4778,165,1,0.05000
3423,88.8444,156,1,0.05000
3424,91.0667,148,1,0.05000
3425,89.4778,155,1,0.05000
3426,88.6333,159,1,0.05000
3427,89.7778,152,1,0.05000
3428,89.1333,154,1,0.05000
3429,89.3889,155,1,0.05000
3430,91.0556,141,1,0.05000
3431,91.0556,141,1,0.05000
3432,89.8778,159,1,0.05000
3433,89.4000,162,1,0.05000
3434,90.4889,152,1,0.05000
3435,90.7000,149,1,0.05000
3436,90.6667,136,1,0.05000
3437,91.1889,153,1,0.05000
3438,88.5889,163,1,0.05000
3439,89.6556,147,1,0.05000
3440,85.0333,227,1,0.05000
3441,90.1556,158,1,0.05000
3442,89.7667,161,1,0.05000
3443,90.9778,148,1,0.05000
3444,89.9778,158,1,0.05000
3445,89.5000,169,1,0.05000
3446,90.8667,158,1,0.05000
3447,90.3778,154,1,0.05000
3448,90.4778,161,1,0.05000
3449,91.5556,136,1,0.05000
3450,88.3444,169,1,0.05000
3451,90.3222,151,1,0.05000
3452,92.5444,87,1,0.05000
3453,91.0556,141,1,0.05000
3454,91.6556,135,1,0.05000
3455,92.0778,137,1,0.05000
3456,89.8556,153,1,0.05000
3457,91.2333,133,1,0.05000
3458,91.3000,135,1,0.05000
3459,90.3111,152,1,0.05000
3460,88.9444,155,1,0.05000
3461,90.1333,152,1,0.05000
3462,88.9111,166,1,0.05000
3463,91.4889,150,1,0.05000
3464,91.4889,142,1,0.05000
3465,91.3000,151,1,0.05000
3466,90.9667,141,1,0.05000
3467,91.4000,134,1,0.05000
3468,91.1444,157,1,0.05000
3469,90.1667,149,1,0.05000
3470,90.6556,145,1,0.05000
3471,90.4778,153,1,0.05000
3472,91.8222,144,1,0.05000
3473,91.6667,142,1,0.05000
3474,90.7889,141,1,0.05000
3475,91.5111,140,1,0.05000
3476,91.2889,144,1,0.05000
3477,90.7889,141,1,0.05000
3478,90.8667,142,1,0.05000
3479,91.0000,154,1,0.05000
3480,92.4111,139,1,0.05000
3481,91.0778,139,1,0.05000
3482,91.7000,139,1,0.05000
3483,91.7778,140,1,0.05000
3484,91.3444,139,1,0.05000
3485,91.5000,133,1,0.05000
3486,91.5667,143,1,0.05000
3487,92.8556,131,1,0.05000
3488,91.8667,140,1,0.05000
3489,91.3111,142,1,0.05000
3490,91.4778,143,1,0.05000
3491,91.4778,143,1,0.05000
3492,92.5444,127,1,0.05000
3493,91.2111,151,1,0.05000
3494,92.8111,127,1,0.05000
3495,88.2333,179,1,0.05000
3496,89.9667,167,1,0.05000
3497,91.3444,155,1,0.05000
3498,91.2667,130,1,0.05000
3499,90.9444,159,1,0.05000
3500,91.3333,140,1,0.05000
3501,91.1667,155,1,0.05000
3502,92.1556,130,1,0.05000
3503,91.2667,130,1,0.05000
3504,89.0556,161,1,0.05000
3505,92.2778,127,1,0.05000
3506,90.6111,165,1,0.05000
3507,91.8000,146,1,0.05000
3508,92.0222,134,1,0.05000
3509,91.2000,144,1,0.05000
3510,91.5000,141,1,0.05000
3511,89.0222,196,1,0.05000
3512,89.0111,165,1,0.05000
3513,90.6778,167,1,0.05000
3514,90.3667,163,1,0.05000
3515,90.3111,152,1,0.05000
3516,90.8444,160,1,0.05000
3517,88.0667,194,1,0.05000
3518,90.4889,160,1,0.05000
3519,87.9444,181,1,0.05000
3520,88.7222,183,1,0.05000
3521,92.5000,115,1,0.05000
3522,88.9667,185,1,0.05000
3523,88.4556,183,1,0.05000
3524,90.2333,159,1,0.05000
3525,90.4444,156,1,0.05000
3526,88.2222,172,1,0.05000
3527,90.5889,159,1,0.05000
3528,90.1000,155,1,0.05000
3529,90.2889,162,1,0.05000
3530,90.6111,165,1,0.05000
3531,91.2111,167,1,0.05000
3532,90.3556,156,1,0.05000
3533,91.0444,158,1,0.05000
3534,90.2889,170,1,0.05000
3535,91.0556,149,1,0.05000
3536,90.6889,158,1,0.05000
3537,90.5000,159,1,0.05000
3538,90.0667,158,1,0.05000
3539,90.2222,168,1,0.05000
3540,89.9889,157,1,0.05000
3541,91.2222,158,1,0.05000
3542,90.4889,152,1,0.05000
3543,89.7444,163,1,0.05000
3544,90.8444,152,1,0.05000
3545,88.9111,158,1,0.05000
3546,91.1444,141,1,0.05000
3547,88.7000,169,1,0.05000
3548,89.5333,158,1,0.05000
3549,90.6778,159,1,0.05000
3550,90.5889,159,1,0.05000
3551,91.1667,155,1,0.05000
3552,92.2111,125,1,0.05000
3553,91.1444,149,1,0.05000
3554,91.6889,140,1,0.05000
3555,90.6111,149,1,0.05000
3556,91.0444,158,1,0.05000
3557,88.6444,174,1,0.05000
3558,89.7667,161,1,0.05000
3559,90.9000,147,1,0.05000
3560,87.8000,218,1,0.05000
3561,90.7556,160,1,0.05000
3562,91.5222,131,1,0.05000
3563,90.6889,142,1,0.05000
3564,91.9111,136,1,0.05000
3565,89.9556,176,1,0.05000
3566,91.3333,164,1,0.05000
3567,91.7222,137,1,0.05000
3568,85.2889,244,1,0.05000
3569,87.8222,192,1,0.05000
3570,90.4556,179,1,0.05000
3571,89.9333,162,1,0.05000
3572,89.9222,163,1,0.05000
3573,90.6444,154,1,0.05000
3574,91.9000,145,1,0.05000
3575,91.0333,167,1,0.05000
3576,91.2778,169,1,0.05000
3577,92.2444,162,1,0.05000
3578,90.6889,166,1,0.05000
3579,91.1333,150,1,0.05000
3580,92.7111,96,1,0.05000
3581,82.4444,308,1,0.05000
3582,90.8000,156,1,0.05000
3583,91.1222,167,1,0.05000
3584,91.2889,168,1,0.05000
3585,90.7000,157,1,0.05000
3586,90.8333,153,1,0.05000
3587,92.2111,149,1,0.05000
3588,91.2333,157,1,0.05000
3589,91.3667,161,1,0.05000
3590,90.8889,156,1,0.05000
3591,90.2222,152,1,0.05000
3592,91.0667,148,1,0.05000
3593,90.4889,152,1,0.05000
3594,90.4333,149,1,0.05000
3595,91.9000,137,1,0.05000
3596,91.4889,142,1,0.05000
3597,92.3889,141,1,0.05000
3598,90.5111,158,1,0.05000
3599,91.1000,145,1,0.05000
3600,92.0222,142,1,0.05000
3601,90.8111,155,1,0.05000
3602,90.5000,151,1,0.05000
3603,90.1444,159,1,0.05000
3604,88.6778,219,1,0.05000
3605,86.0111,235,1,0.05000
3606,88.0778,225,1,0.05000
3607,91.6000,140,1,0.05000
3608,90.9444,151,1,0.05000
3609,91.6111,139,1,0.05000
3610,90.8333,145,1,0.05000
3611,92.3778,134,1,0.05000
3612,91.3000,143,1,0.05000
3613,91.7556,142,1,0.05000
3614,92.2556,121,1,0.05000
3615,92.4778,133,1,0.05000
3616,92.4111,131,1,0.05000
3617,91.8222,128,1,0.05000
3618,92.4667,126,1,0.05000
3619,88.3222,211,1,0.05000
3620,91.4000,134,1,0.05000
3621,91.1222,151,1,0.05000
3622,92.0111,135,1,0.05000
3623,91.6667,126,1,0.05000
3624,91.5889,133,1,0.05000
3625,85.3778,212,1,0.05000
3626,89.0111,165,1,0.05000
3627,90.3000,153,1,0.05000
3628,91.0444,142,1,0.05000
3629,91.6444,120,1,0.05000
3630,91.3667,129,1,0.05000
3631,90.9111,162,1,0.05000
3632,91.7667,141,1,0.05000
3633,91.8667,156,1,0.05000
3634,90.7556,144,1,0.05000
3635,91.0000,138,1,0.05000
3636,92.0111,127,1,0.05000
3637,89.5333,150,1,0.05000
3638,90.8111,163,1,0.05000
3639,90.5111,150,1,0.05000
3640,90.9222,161,1,0.05000
3641,90.4444,156,1,0.05000
3642,93.0111,109,1,0.05000
3643,90.5111,158,1,0.05000
3644,90.9333,160,1,0.05000
3645,85.7444,219,1,0.05000
3646,89.5667,163,1,0.05000
3647,90.2222,160,1,0.05000
3648,65.9667,607,1,0.05000
3649,88.9333,188,1,0.05000
3650,85.3889,243,1,0.05000
3651,87.4222,212,1,0.05000
3652,87.7000,203,1,0.05000
3653,89.3667,173,1,0.05000
3654,85.8333,235,1,0.05000
3655,86.4444,220,1,0.05000
3656,88.7444,197,1,0.05000
3657,86.1889,235,1,0.05000
3658,90.2667,148,1,0.05000
3659,87.8889,226,1,0.05000
3660,89.1111,228,1,0.05000
3661,89.8444,186,1,0.05000
3662,89.9222,195,1,0.05000
3663,90.1889,195,1,0.05000
3664,88.9444,227,1,0.05000
3665,88.2111,221,1,0.05000
3666,86.4667,218,1,0.05000
3667,88.9778,184,1,0.05000
3668,89.9778,182,1,0.05000
3669,89.4000,178,1,0.05000
3670,89.0778,183,1,0.05000
3671,89.5333,198,1,0.05000
3672,89.8444,170,1,0.05000
3673,88.4889,212,1,0.05000
3674,90.4333,165,1,0.05000
3675,87.1778,202,1,0.05000
3676,92.1667,137,1,0.05000
3677,88.2000,182,1,0.05000
3678,91.6333,129,1,0.05000
3679,92.9000,103,1,0.05000
3680,88.8444,188,1,0.05000
3681,93.8111,85,1,0.05000
3682,93.3333,96,1,0.05000
3683,93.7667,97,1,0.05000
3684,94.0333,89,1,0.05000
3685,88.8556,179,1,0.05000
3686,93.8222,92,1,0.05000
3687,88.0778,185,1,0.05000
3688,94.0222,90,1,0.05000
3689,93.6111,95,1,0.05000
3690,88.7444,157,1,0.05000
3691,93.2111,99,1,0.05000
3692,92.7556,100,1,0.05000
3693,89.9444,137,1,0.05000
3694,93.5444,93,1,0.05000
3695,92.9333,84,1,0.05000
3696,92.6444,86,1,0.05000
3697,91.3556,106,1,0.05000
3698,92.6556,109,1,0.05000
3699,88.6444,174,1,0.05000
3700,93.0333,91,1,0.05000
3701,92.5444,95,1,0.05000
3702,93.4889,82,1,0.05000
3703,92.5556,94,1,0.05000
3704,93.7667,89,1,0.05000
3705,94.1444,87,1,0.05000
3706,92.6667,92,1,0.05000
3707,93.0111,85,1,0.05000
3708,92.4667,86,1,0.05000
3709,92.9667,81,1,0.05000
3710,92.6000,90,1,0.05000
3711,93.7222,85,1,0.05000
3712,89.2667,166,1,0.05000
3713,93.8778,87,1,0.05000
3714,94.1333,88,1,0.05000
3715,93.5667,83,1,0.05000
3716,92.1000,87,1,0.05000
3717,93.9667,79,1,0.05000
3718,92.9000,95,1,0.05000
3719,93.3333,80,1,0.05000
3720,89.9667,167,1,0.05000
3721,92.2333,99,1,0.05000
3722,93.6111,79,1,0.05000
3723,93.9889,85,1,0.05000
3724,92.0000,104,1,0.05000
3725,93.3111,82,1,0.05000
3726,93.2889,84,1,0.05000
3727,90.5000,167,1,0.05000
3728,91.9778,90,1,0.05000
3729,93.1222,91,1,0.05000
3730,93.1667,87,1,0.05000
3731,93.2556,87,1,0.05000
3732,92.1667,97,1,0.05000
3733,92.3667,95,1,0.05000
3734,93.6556,91,1,0.05000
3735,93.0111,93,1,0.05000
3736,91.2778,105,1,0.05000
3737,89.4222,128,1,0.05000
3738,92.7444,109,1,0.05000
3739,92.4556,95,1,0.05000
3740,93.6444,92,1,0.05000
3741,93.2333,89,1,0.05000
3742,93.4889,90,1,0.05000
3743,93.5111,88,1,0.05000
3744,92.9000,95,1,0.05000
3745,89.2333,169,1,0.05000
3746,93.3667,93,1,0.05000
3747,90.8778,149,1,0.05000
3748,91.1556,140,1,0.05000
3749,93.4889,90,1,0.05000
3750,89.2667,166,1,0.05000
3751,92.0667,130,1,0.05000
3752,90.0778,141,1,0.05000
3753,92.2778,95,1,0.05000
3754,92.5000,91,1,0.05000
3755,89.8667,160,1,0.05000
3756,92.5444,95,1,0.05000
3757,94.0778,85,1,0.05000
3758,90.5444,163,1,0.05000
3759,93.1889,93,1,0.05000
3760,93.4667,92,1,0.05000
3761,90.9000,155,1,0.05000
3762,92.1000,95,1,0.05000
3763,91.0111,145,1,0.05000
3764,91.1222,143,1,0.05000
3765,91.5222,155,1,0.05000
3766,93.1667,87,1,0.05000
3767,93.5444,93,1,0.05000
3768,90.4889,160,1,0.05000
3769,93.0667,88,1,0.05000
3770,92.5222,89,1,0.05000
3771,93.3333,88,1,0.05000
3772,92.6667,124,1,0.05000
3773,90.8444,152,1,0.05000
3774,92.2333,99,1,0.05000
3775,90.2667,148,1,0.05000
3776,92.8222,94,1,0.05000
3777,90.8889,132,1,0.05000
3778,91.2667,138,1,0.05000
3779,90.3889,113,1,0.05000
3780,92.6556,93,1,0.05000
3781,92.6778,91,1,0.05000
3782,93.1556,88,1,0.05000
3783,89.7000,159,1,0.05000
3784,92.5111,90,1,0.05000
3785,92.5889,91,1,0.05000
3786,91.1889,129,1,0.05000
3787,92.4111,123,1,0.05000
3788,92.2889,94,1,0.05000
3789,89.5667,155,1,0.05000
3790,93.1444,97,1,0.05000
3791,90.0889,164,1,0.05000
3792,94.1222,81,1,0.05000
3793,90.2444,150,1,0.05000
3794,91.8556,125,1,0.05000
3795,93.1000,85,1,0.05000
3796,90.7222,155,1,0.05000
3797,89.8778,143,1,0.05000
3798,89.4889,162,1,0.05000
3799,92.4889,92,1,0.05000
3800,89.7889,159,1,0.05000
3801,93.1778,86,1,0.05000
3802,90.8556,143,1,0.05000
3803,92.3556,96,1,0.05000
3804,90.0333,153,1,0.05000
3805,92.4000,124,1,0.05000
3806,92.3111,92,1,0.05000
3807,90.0111,163,1,0.05000
3808,92.5111,122,1,0.05000
3809,92.3333,122,1,0.05000
3810,90.8333,153,1,0.05000
3811,90.6667,152,1,0.05000
3812,94.0222,82,1,0.05000
3813,91.8000,138,1,0.05000
3814,92.7444,93,1,0.05000
3815,92.7667,91,1,0.05000
3816,91.7111,146,1,0.05000
3817,93.9000,85,1,0.05000
3818,92.3000,125,1,0.05000
3819,93.8778,87,1,0.05000
3820,93.0333,91,1,0.05000
3821,89.5333,166,1,0.05000
3822,89.2556,167,1,0.05000
3823,91.1444,149,1,0.05000
3824,92.2333,99,1,0.05000
3825,92.1222,101,1,0.05000
3826,93.1667,87,1,0.05000
3827,92.7556,92,1,0.05000
3828,91.8222,136,1,0.05000
3829,93.8000,86,1,0.05000
3830,90.2556,149,1,0.05000
3831,90.8889,156,1,0.05000
3832,93.9333,82,1,0.05000
3833,94.1667,85,1,0.05000
3834,91.2222,142,1,0.05000
3835,92.1222,125,1,0.05000
3836,91.8222,128,1,0.05000
3837,90.4444,156,1,0.05000
3838,92.2444,98,1,0.05000
3839,92.7333,94,1,0.05000
3840,93.4889,90,1,0.05000
3841,89.5667,155,1,0.05000
3842,91.1556,132,1,0.05000
3843,89.9222,163,1,0.05000
3844,89.9222,155,1,0.05000
3845,90.2667,148,1,0.05000
3846,89.9111,156,1,0.05000
3847,93.0667,88,1,0.05000
3848,90.3556,148,1,0.05000
3849,91.3000,111,1,0.05000
3850,88.0222,174,1,0.05000
3851,91.8000,122,1,0.05000
3852,88.8444,164,1,0.05000
3853,90.7111,124,1,0.05000
3854,90.8222,146,1,0.05000
3855,91.5889,133,1,0.05000
3856,90.3667,155,1,0.05000
3857,91.3778,128,1,0.05000
3858,91.1333,118,1,0.05000
3859,91.8556,109,1,0.05000
3860,85.3444,199,1,0.05000
3861,90.1667,149,1,0.05000
3862,90.7111,140,1,0.05000
3863,90.2889,146,1,0.05000
3864,87.8000,194,1,0.05000
3865,90.0444,160,1,0.05000
3866,91.0000,114,1,0.05000
3867,92.5333,96,1,0.05000
3868,91.0556,109,1,0.05000
3869,91.4444,130,1,0.05000
3870,90.4778,153,1,0.05000
3871,90.2333,143,1,0.05000
3872,91.5222,139,1,0.05000
3873,90.0667,158,1,0.05000
3874,92.4667,94,1,0.05000
3875,90.8333,153,1,0.05000
3876,92.0111,127,1,0.05000
3877,90.2556,157,1,0.05000
3878,90.5000,151,1,0.05000
3879,90.8778,157,1,0.05000
3880,91.1889,153,1,0.05000
3881,90.9222,153,1,0.05000
3882,90.9778,148,1,0.05000
3883,90.9222,145,1,0.05000
3884,90.6667,144,1,0.05000
3885,90.0667,158,1,0.05000
3886,91.2667,138,1,0.05000
3887,89.6889,160,1,0.05000
3888,90.2333,135,1,0.05000
3889,90.0000,156,1,0.05000
3890,90.4000,152,1,0.05000
3891,89.9667,151,1,0.05000
3892,90.0889,140,1,0.05000
3893,91.6333,129,1,0.05000
3894,90.6333,147,1,0.05000
3895,91.4222,124,1,0.05000
3896,91.3333,124,1,0.05000
3897,90.1000,163,1,0.05000
3898,90.7222,147,1,0.05000
3899,91.1778,122,1,0.05000
3900,90.5889,143,1,0.05000
3901,91.2667,138,1,0.05000
3902,90.9222,145,1,0.05000
3903,91.6000,132,1,0.05000
3904,91.3333,140,1,0.05000
3905,90.6889,142,1,0.05000
3906,91.5667,143,1,0.05000
3907,91.1111,144,1,0.05000
3908,91.2889,128,1,0.05000
3909,91.3556,130,1,0.05000
3910,90.4444,140,1,0.05000
3911,90.8333,129,1,0.05000
3912,90.9333,144,1,0.05000
3913,91.1000,137,1,0.05000
3914,86.8333,201,1,0.05000
3915,91.0667,132,1,0.05000
3916,91.2778,129,1,0.05000
3917,91.4667,128,1,0.05000
3918,90.2778,155,1,0.05000
3919,91.1222,127,1,0.05000
3920,91.2667,138,1,0.05000
3921,90.5333,132,1,0.05000
3922,93.4444,86,1,0.05000
3923,90.7778,126,1,0.05000
3924,91.0111,137,1,0.05000
3925,93.4667,84,1,0.05000
3926,89.1222,163,1,0.05000
3927,90.2667,156,1,0.05000
3928,89.6667,154,1,0.05000
3929,90.1222,145,1,0.05000
3930,90.7111,124,1,0.05000
3931,90.5778,152,1,0.05000
3932,90.6556,121,1,0.05000
3933,90.5444,139,1,0.05000
3934,90.6333,131,1,0.05000
3935,87.9667,203,1,0.05000
3936,89.9444,145,1,0.05000
3937,91.4000,118,1,0.05000
3938,89.8111,149,1,0.05000
3939,83.8667,276,1,0.05000
3940,90.2556,157,1,0.05000
3941,90.7333,130,1,0.05000
3942,88.5333,192,1,0.05000
3943,90.6889,142,1,0.05000
3944,91.5556,144,1,0.05000
3945,90.4556,139,1,0.05000
3946,87.6444,176,1,0.05000
3947,87.0333,215,1,0.05000
3948,90.2667,164,1,0.05000
3949,86.7556,176,1,0.05000
3950,88.6556,165,1,0.05000
3951,90.6778,159,1,0.05000
3952,87.6889,180,1,0.05000
3953,90.4889,160,1,0.05000
3954,90.1111,146,1,0.05000
3955,94.1111,82,1,0.05000
3956,90.6556,161,1,0.05000
3957,94.0333,81,1,0.05000
3958,89.9222,155,1,0.05000
3959,89.3111,154,1,0.05000
3960,89.3333,160,1,0.05000
3961,90.8111,123,1,0.05000
3962,91.1333,150,1,0.05000
3963,91.1556,124,1,0.05000
3964,87.9333,198,1,0.05000
3965,90.5444,123,1,0.05000
3966,90.8111,123,1,0.05000
3967,87.7444,207,1,0.05000
3968,88.4556,215,1,0.05000
3969,90.3667,163,1,0.05000
3970,90.1889,163,1,0.05000
3971,89.7333,164,1,0.05000
3972,82.7222,315,1,0.05000
3973,89.3000,171,1,0.05000
3974,88.4667,222,1,0.05000
3975,82.0778,269,1,0.05000
3976,89.7889,167,1,0.05000
3977,92.9667,89,1,0.05000
3978,93.1333,90,1,0.05000
3979,89.6333,149,1,0.05000
3980,93.5556,92,1,0.05000
3981,76.9222,405,1,0.05000
3982,90.8000,148,1,0.05000
3983,84.9444,211,1,0.05000
3984,89.9444,137,1,0.05000
3985,92.1444,99,1,0.05000
3986,87.2222,174,1,0.05000
3987,58.9000,787,1,0.05000
3988,89.8000,134,1,0.05000
3989,91.0778,139,1,0.05000
3990,91.5111,140,1,0.05000
3991,91.0556,133,1,0.05000
3992,92.1778,128,1,0.05000
3993,92.5889,99,1,0.05000
3994,93.9000,85,1,0.05000
3995,92.6667,92,1,0.05000
3996,90.0667,126,1,0.05000
3997,93.7444,91,1,0.05000
3998,93.1444,81,1,0.05000
3999,93.1333,90,1,0.05000
4000,90.4444,148,1,0.05000
4001,91.9667,139,1,0.05000
4002,92.0333,133,1,0.05000
4003,93.3000,83,1,0.05000
4004,90.1667,157,1,0.05000
4005,94.0000,92,1,0.05000
4006,91.1444,165,1,0.05000
4007,91.3556,130,1,0.05000
4008,90.8333,137,1,0.05000
4009,93.3111,90,1,0.05000
4010,88.2778,175,1,0.05000
4011,93.0889,94,1,0.05000
4012,93.5222,95,1,0.05000
4013,92.3444,105,1,0.05000
4014,88.9111,174,1,0.05000
4015,92.3444,89,1,0.05000
4016,93.2778,93,1,0.05000
4017,92.1000,103,1,0.05000
4018,90.3111,136,1,0.05000
4019,89.3889,155,1,0.05000
4020,90.4222,134,1,0.05000
4021,93.9333,90,1,0.05000
4022,89.3333,152,1,0.05000
4023,92.0222,94,1,0.05000
4024,93.1556,96,1,0.05000
4025,93.0222,100,1,0.05000
4026,91.9556,108,1,0.05000
4027,92.4667,102,1,0.05000
4028,91.9333,102,1,0.05000
4029,92.2889,94,1,0.05000
4030,93.1111,92,1,0.05000
4031,92.9333,108,1,0.05000
4032,92.9000,95,1,0.05000
4033,88.2111,173,1,0.05000
4034,92.7778,98,1,0.05000
4035,91.4667,112,1,0.05000
4036,92.7000,97,1,0.05000
4037,89.4222,176,1,0.05000
4038,92.8556,91,1,0.05000
4039,93.5333,94,1,0.05000
4040,92.4556,111,1,0.05000
4041,93.6667,98,1,0.05000
4042,91.5000,109,1,0.05000
4043,92.6000,114,1,0.05000
4044,90.9889,123,1,0.05000
4045,91.2556,115,1,0.05000
4046,92.6667,92,1,0.05000
4047,91.8000,106,1,0.05000
4048,92.6556,101,1,0.05000
4049,92.6556,93,1,0.05000
4050,92.5667,101,1,0.05000
4051,93.0222,100,1,0.05000
4052,93.2333,97,1,0.05000
4053,93.2889,100,1,0.05000
4054,93.5111,96,1,0.05000
4055,89.7444,147,1,0.05000
4056,92.2778,95,1,0.05000
4057,92.6556,101,1,0.05000
4058,90.0222,154,1,0.05000
4059,90.8778,141,1,0.05000
4060,79.1667,315,1,0.05000
4061,89.0333,155,1,0.05000
4062,90.6111,133,1,0.05000
4063,87.0000,210,1,0.05000
4064,90.0889,172,1,0.05000
4065,88.2889,166,1,0.05000
4066,64.6778,579,1,0.05000
4067,90.7667,135,1,0.05000
4068,90.2444,158,1,0.05000
4069,91.6556,143,1,0.05000
4070,88.7556,172,1,0.05000
4071,89.6667,170,1,0.05000
4072,89.8111,165,1,0.05000
4073,90.4333,141,1,0.05000
4074,91.9111,120,1,0.05000
4075,90.9000,123,1,0.05000
4076,89.9444,161,1,0.05000
4077,93.0000,94,1,0.05000
4078,92.8333,93,1,0.05000
4079,93.2111,91,1,0.05000
4080,92.0000,104,1,0.05000
4081,90.1111,154,1,0.05000
4082,89.6444,156,1,0.05000
4083,93.2111,91,1,0.05000
4084,90.4889,136,1,0.05000
4085,92.9222,93,1,0.05000
4086,92.9222,93,1,0.05000
4087,92.8778,97,1,0.05000
4088,92.4000,92,1,0.05000
4089,90.6111,133,1,0.05000
4090,94.1667,77,1,0.05000
4091,93.0333,91,1,0.05000
4092,92.7222,95,1,0.05000
4093,92.4667,94,1,0.05000
4094,92.0444,100,1,0.05000
4095,92.3111,92,1,0.05000
4096,90.0667,142,1,0.05000
4097,92.7444,93,1,0.05000
4098,90.2111,137,1,0.05000
4099,92.6222,96,1,0.05000
4100,88.0889,168,1,0.05000
4101,90.1333,136,1,0.05000
4102,93.0111,93,1,0.05000
4103,92.0222,94,1,0.05000
4104,92.3111,92,1,0.05000
4105,93.1889,93,1,0.05000
4106,92.5222,97,1,0.05000
4107,92.1222,101,1,0.05000
4108,92.5333,96,1,0.05000
4109,92.1111,94,1,0.05000
4110,93.9111,76,1,0.05000
4111,92.3778,94,1,0.05000
4112,91.9333,110,1,0.05000
4113,92.6222,96,1,0.05000
4114,92.5222,97,1,0.05000
4115,92.5000,99,1,0.05000
4116,92.8111,95,1,0.05000
4117,92.7222,95,1,0.05000
4118,91.7222,97,1,0.05000
4119,89.8000,142,1,0.05000
4120,92.4000,92,1,0.05000
4121,92.1556,98,1,0.05000
4122,92.3444,97,1,0.05000
4123,92.8111,95,1,0.05000
4124,92.1556,98,1,0.05000
4125,90.8778,133,1,0.05000
4126,92.3889,93,1,0.05000
4127,94.0889,76,1,0.05000
4128,91.9667,99,1,0.05000
4129,92.4000,92,1,0.05000
4130,92.3111,92,1,0.05000
4131,91.4667,104,1,0.05000
4132,90.9778,108,1,0.05000
4133,89.1222,123,1,0.05000
4134,91.5667,111,1,0.05000
4135,90.9333,128,1,0.05000
4136,90.1222,137,1,0.05000
4137,90.4000,136,1,0.05000
4138,90.7333,122,1,0.05000
4139,91.9778,106,1,0.05000
4140,91.0556,109,1,0.05000
4141,88.4889,172,1,0.05000
4142,93.8222,76,1,0.05000
4143,88.4000,164,1,0.05000
4144,93.8333,75,1,0.05000
4145,89.0444,170,1,0.05000
4146,89.0111,165,1,0.05000
4147,90.5000,119,1,0.05000
4148,91.0444,102,1,0.05000
4149,92.6333,95,1,0.05000
4150,91.4333,107,1,0.05000
4151,92.6778,91,1,0.05000
4152,92.4667,94,1,0.05000
4153,91.7444,103,1,0.05000
4154,92.2556,97,1,0.05000
4155,91.8667,100,1,0.05000
4156,91.1444,109,1,0.05000
4157,88.0556,171,1,0.05000
4158,92.4000,92,1,0.05000
4159,91.2000,104,1,0.05000
4160,92.7333,94,1,0.05000
4161,91.9222,95,1,0.05000
4162,89.4778,163,1,0.05000
4163,92.5222,97,1,0.05000
4164,92.6222,88,1,0.05000
4165,92.7222,95,1,0.05000
4166,90.0444,160,1,0.05000
4167,92.0444,92,1,0.05000
4168,92.7667,91,1,0.05000
4169,89.2444,160,1,0.05000
4170,89.4111,161,1,0.05000
4171,89.7444,163,1,0.05000
4172,90.6667,160,1,0.05000
4173,88.9667,161,1,0.05000
4174,89.1333,162,1,0.05000
4175,91.4222,100,1,0.05000
4176,91.3556,122,1,0.05000
4177,93.9778,78,1,0.05000
4178,92.8556,91,1,0.05000
4179,92.7222,95,1,0.05000
4180,88.1556,154,1,0.05000
4181,93.1778,94,1,0.05000
4182,87.4000,174,1,0.05000
4183,91.2333,101,1,0.05000
4184,90.2000,138,1,0.05000
4185,89.6889,144,1,0.05000
4186,93.0667,88,1,0.05000
4187,93.0222,92,1,0.05000
4188,92.1222,93,1,0.05000
4189,93.2000,92,1,0.05000
4190,92.8333,93,1,0.05000
4191,93.8111,77,1,0.05000
4192,89.4778,147,1,0.05000
4193,93.2778,85,1,0.05000
4194,91.9111,96,1,0.05000
4195,92.2444,98,1,0.05000
4196,92.1889,95,1,0.05000
4197,87.7111,162,1,0.05000
4198,93.0111,85,1,0.05000
4199,90.7111,132,1,0.05000
4200,93.3000,91,1,0.05000
4201,92.1444,91,1,0.05000
4202,93.3000,91,1,0.05000
4203,92.8556,91,1,0.05000
4204,88.5889,163,1,0.05000
4205,92.7222,87,1,0.05000
4206,92.7667,91,1,0.05000
4207,92.5222,89,1,0.05000
4208,93.3222,89,1,0.05000
4209,92.9667,89,1,0.05000
4210,93.0111,85,1,0.05000
4211,92.2444,98,1,0.05000
4212,92.3667,95,1,0.05000
4213,89.2222,146,1,0.05000
4214,92.3667,95,1,0.05000
4215,92.9556,90,1,0.05000
4216,92.6778,91,1,0.05000
4217,92.9667,89,1,0.05000
4218,89.9333,138,1,0.05000
4219,92.4556,95,1,0.05000
4220,87.4778,167,1,0.05000
4221,89.6778,145,1,0.05000
4222,92.8444,92,1,0.05000
4223,92.2111,93,1,0.05000
4224,92.4556,95,1,0.05000
4225,92.9556,90,1,0.05000
4226,92.6889,90,1,0.05000
4227,92.9111,94,1,0.05000
4228,91.4000,102,1,0.05000
4229,90.9444,111,1,0.05000
4230,88.7556,156,1,0.05000
4231,92.7667,91,1,0.05000
4232,89.0889,142,1,0.05000
4233,90.2000,130,1,0.05000
4234,89.5889,145,1,0.05000
4235,92.9111,86,1,0.05000
4236,93.0889,86,1,0.05000
4237,92.6000,90,1,0.05000
4238,89.9333,146,1,0.05000
4239,92.7778,90,1,0.05000
4240,92.2111,101,1,0.05000
4241,90.9000,123,1,0.05000
4242,92.9333,92,1,0.05000
4243,92.2556,97,1,0.05000
4244,92.7222,87,1,0.05000
4245,92.5778,92,1,0.05000
4246,92.8444,92,1,0.05000
4247,92.1444,99,1,0.05000
4248,93.4000,90,1,0.05000
4249,93.1222,83,1,0.05000
4250,89.7000,151,1,0.05000
4251,93.0333,91,1,0.05000
4252,90.2222,144,1,0.05000
4253,89.1667,151,1,0.05000
4254,89.5889,161,1,0.05000
4255,92.5222,89,1,0.05000
4256,92.3111,100,1,0.05000
4257,93.0667,88,1,0.05000
4258,92.6778,91,1,0.05000
4259,92.5444,95,1,0.05000
4260,92.6333,95,1,0.05000
4261,93.1333,90,1,0.05000
4262,89.7222,149,1,0.05000
4263,92.9111,94,1,0.05000
4264,92.6778,91,1,0.05000
4265,93.0000,94,1,0.05000
4266,89.5556,148,1,0.05000
4267,92.8333,93,1,0.05000
4268,93.2333,89,1,0.05000
4269,92.9222,93,1,0.05000
4270,91.5444,105,1,0.05000
4271,92.8333,93,1,0.05000
4272,92.8667,90,1,0.05000
4273,92.9000,95,1,0.05000
4274,93.0556,89,1,0.05000
4275,92.6000,90,1,0.05000
4276,88.7667,163,1,0.05000
4277,89.5333,150,1,0.05000
4278,89.2333,153,1,0.05000
4279,88.1667,177,1,0.05000
4280,89.5667,163,1,0.05000
4281,91.3556,122,1,0.05000
4282,89.3000,163,1,0.05000
4283,89.5667,155,1,0.05000
4284,88.8111,159,1,0.05000
4285,91.2111,103,1,0.05000
4286,92.7444,93,1,0.05000
4287,92.3333,90,1,0.05000
4288,92.2222,92,1,0.05000
4289,92.6444,94,1,0.05000
4290,92.0000,96,1,0.05000
4291,92.0556,99,1,0.05000
4292,91.8889,98,1,0.05000
4293,91.5111,124,1,0.05000
4294,92.0778,97,1,0.05000
4295,92.0667,90,1,0.05000
4296,90.9222,105,1,0.05000
4297,87.1444,173,1,0.05000
4298,87.9667,171,1,0.05000
4299,88.8111,159,1,0.05000
4300,87.6556,167,1,0.05000
4301,88.5889,171,1,0.05000
4302,92.4000,100,1,0.05000
4303,91.2222,110,1,0.05000
4304,90.4000,136,1,0.05000
4305,90.4222,142,1,0.05000
4306,94.0778,77,1,0.05000
4307,89.8778,119,1,0.05000
4308,91.1444,109,1,0.05000
4309,89.8222,116,1,0.05000
4310,89.0556,129,1,0.05000
4311,91.7556,126,1,0.05000
4312,90.9111,130,1,0.05000
4313,91.4333,107,1,0.05000
4314,92.2111,101,1,0.05000
4315,91.1111,112,1,0.05000
4316,88.2000,166,1,0.05000
4317,88.5667,157,1,0.05000
4318,89.1222,163,1,0.05000
4319,88.6222,176,1,0.05000
4320,92.1222,93,1,0.05000
4321,88.1333,172,1,0.05000
4322,88.1111,174,1,0.05000
4323,88.6222,168,1,0.05000
4324,89.9111,172,1,0.05000
4325,89.2889,164,1,0.05000
4326,83.7111,258,1,0.05000
4327,89.3556,166,1,0.05000
4328,89.3778,164,1,0.05000
4329,89.9444,145,1,0.05000
4330,94.4333,77,1,0.05000
4331,88.3000,165,1,0.05000
4332,89.9556,168,1,0.05000
4333,88.1556,178,1,0.05000
4334,89.0444,162,1,0.05000
4335,94.0667,78,1,0.05000
4336,88.7333,158,1,0.05000
4337,88.8778,161,1,0.05000
4338,88.2111,165,1,0.05000
4339,89.1111,164,1,0.05000
4340,87.6778,173,1,0.05000
4341,88.6111,169,1,0.05000
4342,88.8111,167,1,0.05000
4343,88.9222,165,1,0.05000
4344,89.3889,147,1,0.05000
4345,91.0556,133,1,0.05000
4346,89.0889,166,1,0.05000
4347,89.7000,167,1,0.05000
4348,88.7000,169,1,0.05000
4349,88.5111,170,1,0.05000
4350,89.3444,167,1,0.05000
4351,89.1556,160,1,0.05000
4352,89.2667,166,1,0.05000
4353,89.8111,157,1,0.05000
4354,89.3000,163,1,0.05000
4355,87.8333,167,1,0.05000
4356,93.4667,92,1,0.05000
4357,92.8667,98,1,0.05000
4358,87.1333,182,1,0.05000
4359,89.2333,169,1,0.05000
4360,89.2000,164,1,0.05000
4361,88.9889,167,1,0.05000
4362,88.6778,163,1,0.05000
4363,88.6444,166,1,0.05000
4364,93.1000,93,1,0.05000
4365,89.1778,150,1,0.05000
4366,90.1000,163,1,0.05000
4367,89.3889,147,1,0.05000
4368,90.0667,158,1,0.05000
4369,90.1667,157,1,0.05000
4370,91.1667,123,1,0.05000
4371,89.7444,163,1,0.05000
4372,89.6778,161,1,0.05000
4373,89.9667,159,1,0.05000
4374,90.1444,135,1,0.05000
4375,90.2333,151,1,0.05000
4376,90.2556,157,1,0.05000
4377,91.7111,122,1,0.05000
4378,90.5222,157,1,0.05000
4379,91.4778,159,1,0.05000
4380,90.0667,150,1,0.05000
4381,91.3556,122,1,0.05000
4382,90.6667,160,1,0.05000
4383,89.4444,158,1,0.05000
4384,94.1000,75,1,0.05000
4385,89.8111,157,1,0.05000
4386,91.0667,140,1,0.05000
4387,91.3778,144,1,0.05000
4388,90.9444,143,1,0.05000
4389,91.2000,136,1,0.05000
4390,90.5222,141,1,0.05000
4391,90.6556,153,1,0.05000
4392,90.4222,150,1,0.05000
4393,90.5889,159,1,0.05000
4394,91.2556,139,1,0.05000
4395,90.8889,140,1,0.05000
4396,91.1111,144,1,0.05000
4397,91.1444,125,1,0.05000
4398,91.0556,149,1,0.05000
4399,90.7111,132,1,0.05000
4400,91.5222,123,1,0.05000
4401,91.0889,130,1,0.05000
4402,94.1889,75,1,0.05000
4403,91.3000,143,1,0.05000
4404,90.8889,132,1,0.05000
4405,90.2778,155,1,0.05000
4406,91.3000,127,1,0.05000
4407,90.8444,144,1,0.05000
4408,90.9556,150,1,0.05000
4409,91.3222,125,1,0.05000
4410,91.1222,143,1,0.05000
4411,90.9556,142,1,0.05000
4412,90.6778,151,1,0.05000
4413,91.3111,134,1,0.05000
4414,91.0667,132,1,0.05000
4415,90.4889,152,1,0.05000
4416,91.5222,147,1,0.05000
4417,90.3333,150,1,0.05000
4418,91.5889,149,1,0.05000
4419,91.3444,131,1,0.05000
4420,90.8778,141,1,0.05000
4421,89.9667,159,1,0.05000
4422,90.8556,151,1,0.05000
4423,90.5222,149,1,0.05000
4424,90.6667,128,1,0.05000
4425,91.2444,140,1,0.05000
4426,91.0444,150,1,0.05000
4427,91.2222,142,1,0.05000
4428,90.7556,152,1,0.05000
4429,90.4222,142,1,0.05000
4430,91.5111,124,1,0.05000
4431,91.7000,123,1,0.05000
4432,90.8889,140,1,0.05000
4433,91.5222,139,1,0.05000
4434,89.9000,141,1,0.05000
4435,91.0556,141,1,0.05000
4436,90.8333,129,1,0.05000
4437,90.5111,142,1,0.05000
4438,91.2444,140,1,0.05000
4439,90.6111,141,1,0.05000
4440,91.2333,141,1,0.05000
4441,90.8000,140,1,0.05000
4442,90.9111,122,1,0.05000
4443,91.3444,123,1,0.05000
4444,90.6556,129,1,0.05000
4445,89.7778,144,1,0.05000
4446,89.6778,137,1,0.05000
4447,89.5889,137,1,0.05000
4448,89.9667,143,1,0.05000
4449,91.7333,128,1,0.05000
4450,91.3667,129,1,0.05000
4451,93.9000,77,1,0.05000
4452,91.1444,125,1,0.05000
4453,90.7889,117,1,0.05000
4454,91.0111,121,1,0.05000
4455,90.5667,113,1,0.05000
4456,90.9667,125,1,0.05000
4457,90.8000,124,1,0.05000
4458,89.4556,141,1,0.05000
4459,91.3667,121,1,0.05000
4460,94.5444,75,1,0.05000
4461,89.9889,149,1,0.05000
4462,90.2444,118,1,0.05000
4463,91.5778,118,1,0.05000
4464,90.8667,134,1,0.05000
4465,90.4667,130,1,0.05000
4466,88.5444,143,1,0.05000
4467,90.5889,119,1,0.05000
4468,90.0778,117,1,0.05000
4469,90.5111,118,1,0.05000
4470,83.8000,210,1,0.05000
4471,93.8000,78,1,0.05000
4472,88.9889,175,1,0.05000
4473,90.2889,130,1,0.05000
4474,91.6000,132,1,0.05000
4475,91.0000,146,1,0.05000
4476,89.9778,134,1,0.05000
4477,90.3556,140,1,0.05000
4478,90.2000,130,1,0.05000
4479,90.2333,135,1,0.05000
4480,86.4667,178,1,0.05000
4481,91.2222,134,1,0.05000
4482,87.8111,161,1,0.05000
4483,93.8889,78,1,0.05000
4484,90.9222,121,1,0.05000
4485,90.6000,126,1,0.05000
4486,91.3889,143,1,0.05000
4487,82.2889,258,1,0.05000
4488,64.6111,665,1,0.05000
4489,86.4444,212,1,0.05000
4490,89.9778,134,1,0.05000
4491,93.6667,82,1,0.05000
4492,90.6000,142,1,0.05000
4493,90.8000,140,1,0.05000
4494,90.5444,139,1,0.05000
4495,91.6000,124,1,0.05000
4496,90.4667,146,1,0.05000
4497,90.0111,139,1,0.05000
4498,91.9222,127,1,0.05000
4499,90.7000,141,1,0.05000
4500,88.7222,143,1,0.05000
4501,89.5333,142,1,0.05000
4502,89.0333,139,1,0.05000
4503,91.1222,151,1,0.05000
4504,90.6222,124,1,0.05000
4505,91.4000,134,1,0.05000
4506,88.7000,145,1,0.05000
4507,91.2333,133,1,0.05000
4508,91.2889,128,1,0.05000
4509,90.8111,139,1,0.05000
4510,89.5444,141,1,0.05000
4511,90.1111,138,1,0.05000
4512,90.9000,123,1,0.05000
4513,89.9111,132,1,0.05000
4514,90.8667,118,1,0.05000
4515,90.2111,137,1,0.05000
4516,90.9444,119,1,0.05000
4517,91.1111,144,1,0.05000
4518,82.1222,249,1,0.05000
4519,90.3111,120,1,0.05000
4520,87.9000,177,1,0.05000
4521,89.8444,130,1,0.05000
4522,89.6111,159,1,0.05000
4523,90.2000,130,1,0.05000
4524,83.9778,226,1,0.05000
4525,89.4667,164,1,0.05000
4526,90.1222,161,1,0.05000
4527,90.3222,151,1,0.05000
4528,90.7000,141,1,0.05000
4529,93.6667,82,1,0.05000
4530,94.4222,78,1,0.05000
4531,90.6667,144,1,0.05000
4532,90.1111,154,1,0.05000
4533,90.1111,154,1,0.05000
4534,93.3000,83,1,0.05000
4535,92.9556,82,1,0.05000
4536,93.2000,84,1,0.05000
4537,92.9444,83,1,0.05000
4538,93.0111,85,1,0.05000
4539,93.1333,82,1,0.05000
4540,88.9889,159,1,0.05000
4541,93.3667,85,1,0.05000
4542,89.9111,164,1,0.05000
4543,93.4111,81,1,0.05000
4544,93.5111,80,1,0.05000
4545,92.6889,90,1,0.05000
4546,92.6444,86,1,0.05000
4547,93.4000,82,1,0.05000
4548,93.4000,82,1,0.05000
4549,92.4333,89,1,0.05000
4550,88.1333,188,1,0.05000
4551,90.3667,155,1,0.05000
4552,93.5000,89,1,0.05000
4553,93.0111,85,1,0.05000
4554,89.4444,150,1,0.05000
4555,92.2444,90,1,0.05000
4556,88.4444,176,1,0.05000
4557,93.1556,88,1,0.05000
4558,93.3444,87,1,0.05000
4559,92.3333,90,1,0.05000
4560,89.1556,168,1,0.05000
4561,88.0222,190,1,0.05000
4562,91.5778,94,1,0.05000
4563,89.8556,169,1,0.05000
4564,88.3889,173,1,0.05000
4565,93.0667,88,1,0.05000
4566,92.8556,91,1,0.05000
4567,89.8333,171,1,0.05000
4568,90.3444,117,1,0.05000
4569,92.7111,88,1,0.05000
4570,93.0222,92,1,0.05000
4571,92.9667,89,1,0.05000
4572,92.5333,88,1,0.05000
4573,92.5667,93,1,0.05000
4574,92.5222,89,1,0.05000
4575,87.9444,181,1,0.05000
4576,91.7222,97,1,0.05000
4577,92.6111,89,1,0.05000
4578,92.9444,91,1,0.05000
4579,90.6111,157,1,0.05000
4580,90.7000,157,1,0.05000
4581,91.8333,95,1,0.05000
4582,90.3667,155,1,0.05000
4583,92.4222,90,1,0.05000
4584,89.7000,159,1,0.05000
4585,90.1444,159,1,0.05000
4586,92.4667,94,1,0.05000
4587,91.8222,96,1,0.05000
4588,92.3778,94,1,0.05000
4589,92.8889,88,1,0.05000
4590,89.2111,155,1,0.05000
4591,91.5556,96,1,0.05000
4592,91.1000,161,1,0.05000
4593,89.2556,167,1,0.05000
4594,89.6000,160,1,0.05000
4595,91.4444,146,1,0.05000
4596,90.1556,166,1,0.05000
4597,90.8556,167,1,0.05000
4598,90.0778,173,1,0.05000
4599,90.9444,159,1,0.05000
4600,91.1556,156,1,0.05000
4601,90.3778,162,1,0.05000
4602,89.3889,155,1,0.05000
4603,89.7111,166,1,0.05000
4604,90.5333,156,1,0.05000
4605,92.2444,90,1,0.05000
4606,91.5667,151,1,0.05000
4607,92.0000,152,1,0.05000
4608,90.3556,156,1,0.05000
4609,90.6222,156,1,0.05000
4610,90.8333,161,1,0.05000
4611,90.0889,156,1,0.05000
4612,91.0444,150,1,0.05000
4613,91.1000,153,1,0.05000
4614,91.8111,97,1,0.05000
4615,91.3333,156,1,0.05000
4616,90.1667,165,1,0.05000
4617,91.4667,104,1,0.05000
4618,92.0333,101,1,0.05000
4619,91.4222,140,1,0.05000
4620,93.5444,77,1,0.05000
4621,94.1889,75,1,0.05000
4622,89.9000,157,1,0.05000
4623,92.5667,93,1,0.05000
4624,93.5556,76,1,0.05000
4625,89.2556,167,1,0.05000
4626,93.7333,76,1,0.05000
4627,90.0778,141,1,0.05000
4628,91.8778,91,1,0.05000
4629,88.5333,176,1,0.05000
4630,91.2778,97,1,0.05000
4631,93.8111,77,1,0.05000
4632,88.5667,165,1,0.05000
4633,90.2889,154,1,0.05000
4634,88.3444,169,1,0.05000
4635,91.6889,100,1,0.05000
4636,92.8111,95,1,0.05000
4637,91.0889,106,1,0.05000
4638,88.9000,127,1,0.05000
4639,93.0000,86,1,0.05000
4640,92.3222,91,1,0.05000
4641,92.9556,90,1,0.05000
4642,88.9222,173,1,0.05000
4643,88.9889,167,1,0.05000
4644,89.7778,160,1,0.05000
4645,92.5000,91,1,0.05000
4646,92.6556,93,1,0.05000
4647,89.1333,162,1,0.05000
4648,92.5222,89,1,0.05000
4649,92.2333,91,1,0.05000
4650,92.8111,87,1,0.05000
4651,93.8222,76,1,0.05000
4652,92.3778,94,1,0.05000
4653,92.8111,87,1,0.05000
4654,92.6222,88,1,0.05000
4655,92.6444,86,1,0.05000
4656,92.9556,90,1,0.05000
4657,92.8556,83,1,0.05000
4658,92.2222,92,1,0.05000
4659,92.2222,92,1,0.05000
4660,92.9111,86,1,0.05000
4661,91.5778,94,1,0.05000
4662,92.7889,89,1,0.05000
4663,89.2000,156,1,0.05000
4664,91.9444,93,1,0.05000
4665,89.1667,167,1,0.05000
4666,92.5333,88,1,0.05000
4667,89.7667,161,1,0.05000
4668,92.3000,93,1,0.05000
4669,92.7111,88,1,0.05000
4670,90.7000,149,1,0.05000
4671,90.4778,145,1,0.05000
4672,93.9667,79,1,0.05000
4673,89.9444,153,1,0.05000
4674,90.3333,150,1,0.05000
4675,92.9778,80,1,0.05000
4676,93.2667,86,1,0.05000
4677,92.1778,88,1,0.05000
4678,93.3778,84,1,0.05000
4679,92.9000,87,1,0.05000
4680,91.6000,100,1,0.05000
4681,88.6000,170,1,0.05000
4682,92.7333,86,1,0.05000
4683,92.7778,90,1,0.05000
4684,92.7667,91,1,0.05000
4685,92.9778,88,1,0.05000
4686,92.4333,89,1,0.05000
4687,92.9889,87,1,0.05000
4688,89.7222,157,1,0.05000
4689,92.1889,87,1,0.05000
4690,89.5111,152,1,0.05000
4691,88.3667,167,1,0.05000
4692,90.3667,147,1,0.05000
4693,92.0000,88,1,0.05000
4694,94.4333,77,1,0.05000
4695,92.9556,82,1,0.05000
4696,92.2667,88,1,0.05000
4697,91.9667,91,1,0.05000
4698,89.5889,153,1,0.05000
4699,88.8111,167,1,0.05000
4700,89.4222,160,1,0.05000
4701,89.7000,119,1,0.05000
4702,89.5556,164,1,0.05000
4703,92.8444,92,1,0.05000
4704,89.6556,155,1,0.05000
4705,89.6000,152,1,0.05000
4706,87.9333,174,1,0.05000
4707,88.8667,170,1,0.05000
4708,93.6778,81,1,0.05000
4709,90.9444,111,1,0.05000
4710,91.2111,111,1,0.05000
4711,85.6889,200,1,0.05000
4712,89.9778,150,1,0.05000
4713,87.1556,188,1,0.05000
4714,89.5778,154,1,0.05000
4715,88.6333,167,1,0.05000
4716,90.2333,159,1,0.05000
4717,93.7333,76,1,0.05000
4718,93.9556,80,1,0.05000
4719,93.7333,84,1,0.05000
4720,87.9778,170,1,0.05000
4721,90.2222,136,1,0.05000
4722,87.7111,170,1,0.05000
4723,89.7111,150,1,0.05000
4724,88.7333,166,1,0.05000
4725,88.7444,173,1,0.05000
4726,93.5667,83,1,0.05000
4727,88.2333,163,1,0.05000
4728,89.0444,170,1,0.05000
4729,88.7667,163,1,0.05000
4730,92.4111,91,1,0.05000
4731,93.0778,79,1,0.05000
4732,92.3111,84,1,0.05000
4733,94.2556,77,1,0.05000
4734,94.0778,77,1,0.05000
4735,84.4667,206,1,0.05000
4736,92.8333,85,1,0.05000
4737,94.0222,82,1,0.05000
4738,87.4889,174,1,0.05000
4739,85.2556,199,1,0.05000
4740,87.3111,206,1,0.05000
4741,92.6667,84,1,0.05000
4742,93.2778,77,1,0.05000
4743,94.0444,80,1,0.05000
4744,91.0667,132,1,0.05000
4745,93.8556,81,1,0.05000
4746,88.2111,165,1,0.05000
4747,93.7778,80,1,0.05000
4748,93.4222,80,1,0.05000
4749,89.2222,162,1,0.05000
4750,90.1222,137,1,0.05000
4751,87.0889,162,1,0.05000
4752,91.2667,130,1,0.05000
4753,92.0111,111,1,0.05000
4754,92.6111,89,1,0.05000
4755,91.6556,135,1,0.05000
4756,88.4111,163,1,0.05000
4757,93.1556,80,1,0.05000
4758,91.9444,93,1,0.05000
4759,93.1889,85,1,0.05000
4760,91.8000,98,1,0.05000
4761,91.2556,107,1,0.05000
4762,91.4000,102,1,0.05000
4763,89.3000,123,1,0.05000
4764,93.3889,83,1,0.05000
4765,93.5444,85,1,0.05000
4766,92.0556,99,1,0.05000
4767,92.5000,91,1,0.05000
4768,92.0111,103,1,0.05000
4769,93.0111,85,1,0.05000
4770,92.0000,104,1,0.05000
4771,93.1444,81,1,0.05000
4772,94.0444,80,1,0.05000
4773,93.5889,81,1,0.05000
4774,89.0111,165,1,0.05000
4775,93.2667,86,1,0.05000
4776,93.0222,84,1,0.05000
4777,93.3667,85,1,0.05000
4778,93.5333,86,1,0.05000
4779,89.2889,180,1,0.05000
4780,93.6778,81,1,0.05000
4781,91.8000,98,1,0.05000
4782,92.8667,90,1,0.05000
4783,93.1444,89,1,0.05000
4784,93.7333,84,1,0.05000
4785,93.0667,88,1,0.05000
4786,92.3222,99,1,0.05000
4787,92.9000,87,1,0.05000
4788,94.1667,77,1,0.05000
4789,93.1222,83,1,0.05000
4790,94.2111,81,1,0.05000
4791,93.2000,92,1,0.05000
4792,92.7556,100,1,0.05000
4793,92.0444,108,1,0.05000
4794,93.1667,87,1,0.05000
4795,92.7111,104,1,0.05000
4796,93.2667,86,1,0.05000
4797,93.0000,86,1,0.05000
4798,90.6444,138,1,0.05000
4799,92.5111,106,1,0.05000
4800,93.9000,85,1,0.05000
4801,92.8667,106,1,0.05000
4802,88.7333,166,1,0.05000
4803,94.0111,83,1,0.05000
4804,93.2667,86,1,0.05000
4805,86.5444,187,1,0.05000
4806,87.2556,179,1,0.05000
4807,93.5444,85,1,0.05000
4808,92.7333,94,1,0.05000
4809,93.4444,86,1,0.05000
4810,93.3889,83,1,0.05000
4811,92.6556,101,1,0.05000
4812,92.8333,85,1,0.05000
4813,92.7222,87,1,0.05000
4814,90.4556,107,1,0.05000
4815,93.0111,85,1,0.05000
4816,91.4556,97,1,0.05000
4817,91.9889,97,1,0.05000
4818,92.7333,86,1,0.05000
4819,91.3778,112,1,0.05000
4820,87.8556,181,1,0.05000
4821,93.0111,85,1,0.05000
4822,92.9667,89,1,0.05000
4823,93.2778,85,1,0.05000
4824,93.4333,87,1,0.05000
4825,93.2778,85,1,0.05000
4826,87.0444,190,1,0.05000
4827,92.0222,110,1,0.05000
4828,93.3667,85,1,0.05000
4829,92.7778,90,1,0.05000
4830,86.3111,192,1,0.05000
4831,91.7889,107,1,0.05000
4832,93.6333,85,1,0.05000
4833,93.7111,86,1,0.05000
4834,92.4333,97,1,0.05000
4835,92.9444,83,1,0.05000
4836,92.4556,103,1,0.05000
4837,92.9667,89,1,0.05000
4838,93.1778,86,1,0.05000
4839,90.5222,141,1,0.05000
4840,90.2000,154,1,0.05000
4841,93.0889,86,1,0.05000
4842,91.7333,96,1,0.05000
4843,92.9778,88,1,0.05000
4844,92.8667,82,1,0.05000
4845,92.6333,87,1,0.05000
4846,92.8222,86,1,0.05000
4847,91.5889,109,1,0.05000
4848,93.6333,85,1,0.05000
4849,93.5333,86,1,0.05000
4850,93.7000,87,1,0.05000
4851,93.2667,86,1,0.05000
4852,91.9889,89,1,0.05000
4853,92.2222,92,1,0.05000
4854,92.9778,88,1,0.05000
4855,93.0889,86,1,0.05000
4856,93.7222,85,1,0.05000
4857,93.3556,86,1,0.05000
4858,92.3000,93,1,0.05000
4859,93.7222,85,1,0.05000
4860,68.0667,522,1,0.05000
4861,94.0778,85,1,0.05000
4862,93.5222,87,1,0.05000
4863,92.9000,87,1,0.05000
4864,92.8889,88,1,0.05000
4865,92.7778,90,1,0.05000
4866,90.6222,140,1,0.05000
4867,93.0222,84,1,0.05000
4868,93.3444,87,1,0.05000
4869,92.1556,98,1,0.05000
4870,93.1222,91,1,0.05000
4871,90.3556,140,1,0.05000
4872,91.8889,138,1,0.05000
4873,92.4778,93,1,0.05000
4874,90.2889,138,1,0.05000
4875,92.8667,90,1,0.05000
4876,91.7333,136,1,0.05000
4877,91.5222,131,1,0.05000
4878,88.4889,180,1,0.05000
4879,90.9111,130,1,0.05000
4880,90.3778,154,1,0.05000
4881,89.6889,136,1,0.05000
4882,79.4333,283,1,0.05000
4883,86.7778,190,1,0.05000
4884,88.8000,176,1,0.05000
4885,89.4889,146,1,0.05000
4886,89.0444,154,1,0.05000
4887,80.5556,294,1,0.05000
4888,91.9778,106,1,0.05000
4889,88.2333,179,1,0.05000
4890,90.8556,119,1,0.05000
4891,90.9222,113,1,0.05000
4892,90.7556,112,1,0.05000
4893,89.8667,160,1,0.05000
4894,92.6889,90,1,0.05000
4895,92.3444,97,1,0.05000
4896,89.1778,166,1,0.05000
4897,92.3778,94,1,0.05000
4898,92.8222,94,1,0.05000
4899,92.8444,92,1,0.05000
4900,92.9222,93,1,0.05000
4901,88.4000,172,1,0.05000
4902,90.5667,161,1,0.05000
4903,91.8556,101,1,0.05000
4904,88.9889,175,1,0.05000
4905,89.7222,173,1,0.05000
4906,89.2000,164,1,0.05000
4907,88.3444,177,1,0.05000
4908,90.0667,166,1,0.05000
4909,91.5778,102,1,0.05000
4910,88.2667,176,1,0.05000
4911,88.9556,162,1,0.05000
4912,89.6333,173,1,0.05000
4913,88.8111,175,1,0.05000
4914,87.8333,175,1,0.05000
4915,89.9667,167,1,0.05000
4916,88.4111,171,1,0.05000
4917,88.8556,171,1,0.05000
4918,92.0556,107,1,0.05000
4919,91.3111,110,1,0.05000
4920,88.7444,125,1,0.05000
4921,90.2000,162,1,0.05000
4922,91.8889,106,1,0.05000
4923,89.0111,165,1,0.05000
4924,88.0333,181,1,0.05000
4925,89.4222,168,1,0.05000
4926,85.4000,202,1,0.05000
4927,88.8667,170,1,0.05000
4928,90.1222,161,1,0.05000
4929,88.6889,170,1,0.05000
4930,88.0778,177,1,0.05000
4931,90.6444,162,1,0.05000
4932,90.2556,157,1,0.05000
4933,90.3556,140,1,0.05000
4934,90.5667,153,1,0.05000
4935,90.9667,157,1,0.05000
4936,90.7222,163,1,0.05000
4937,90.3778,162,1,0.05000
4938,89.6000,168,1,0.05000
4939,90.7889,157,1,0.05000
4940,90.5667,153,1,0.05000
4941,89.3444,167,1,0.05000
4942,90.3889,153,1,0.05000
4943,90.7222,155,1,0.05000
4944,90.1889,155,1,0.05000
4945,89.3556,166,1,0.05000
4946,89.5333,166,1,0.05000
4947,92.3889,93,1,0.05000
4948,90.3778,154,1,0.05000
4949,90.6778,159,1,0.05000
4950,90.2444,158,1,0.05000
4951,90.9556,150,1,0.05000
4952,90.9000,139,1,0.05000
4953,90.5889,159,1,0.05000
4954,91.1000,153,1,0.05000
4955,90.8667,150,1,0.05000
4956,90.9444,151,1,0.05000
4957,88.5000,179,1,0.05000
4958,90.8444,152,1,0.05000
4959,88.4111,187,1,0.05000
4960,91.1556,156,1,0.05000
4961,90.5000,159,1,0.05000
4962,88.8444,164,1,0.05000
4963,89.8222,164,1,0.05000
4964,90.2667,156,1,0.05000
4965,90.2556,157,1,0.05000
4966,90.1778,148,1,0.05000
4967,90.5556,146,1,0.05000
4968,90.5778,144,1,0.05000
4969,87.5222,235,1,0.05000
4970,90.6333,155,1,0.05000
4971,90.6889,158,1,0.05000
4972,90.9444,159,1,0.05000
4973,86.5444,219,1,0.05000
4974,90.2889,154,1,0.05000
4975,89.9444,161,1,0.05000
4976,89.5556,164,1,0.05000
4977,88.4667,158,1,0.05000
4978,90.3778,146,1,0.05000
4979,86.3889,209,1,0.05000
4980,91.1556,148,1,0.05000
4981,90.7778,142,1,0.05000
4982,88.4667,230,1,0.05000
4983,90.8444,152,1,0.05000
4984,90.7667,143,1,0.05000
4985,90.5000,143,1,0.05000
4986,89.6333,165,1,0.05000
4987,91.2778,153,1,0.05000
4988,89.4444,158,1,0.05000
4989,90.9444,159,1,0.05000
4990,89.6222,158,1,0.05000
4991,86.2333,231,1,0.05000
4992,90.7778,150,1,0.05000
4993,88.3000,165,1,0.05000
4994,91.7667,149,1,0.05000
4995,91.2111,159,1,0.05000
4996,89.2333,169,1,0.05000
4997,84.9000,231,1,0.05000
4998,89.9889,165,1,0.05000
4999,85.8667,232,1,0.05000
5000,88.1000,175,1,0.05000
5001,90.8778,149,1,0.05000
5002,89.3556,158,1,0.05000
5003,88.0444,172,1,0.05000
5004,85.8889,214,1,0.05000
5005,78.5667,337,1,0.05000
5006,81.1889,325,1,0.05000
5007,89.1111,188,1,0.05000
5008,89.3556,174,1,0.05000
5009,89.9778,158,1,0.05000
5010,87.6778,213,1,0.05000
5011,90.3444,165,1,0.05000
5012,89.4333,167,1,0.05000
5013,90.2444,150,1,0.05000
5014,89.5778,162,1,0.05000
5015,88.7444,173,1,0.05000
5016,89.8556,161,1,0.05000
5017,73.3000,395,1,0.05000
5018,91.5556,128,1,0.05000
5019,86.6889,206,1,0.05000
5020,87.6222,186,1,0.05000
5021,91.3889,135,1,0.05000
5022,94.0556,87,1,0.05000
5023,92.4778,101,1,0.05000
5024,87.3000,215,1,0.05000
5025,93.6222,94,1,0.05000
5026,88.4778,213,1,0.05000
5027,92.8333,93,1,0.05000
5028,89.2000,140,1,0.05000
5029,91.1333,126,1,0.05000
5030,92.4889,100,1,0.05000
5031,92.0556,123,1,0.05000
5032,92.1333,132,1,0.05000
5033,88.9222,165,1,0.05000
5034,89.6111,167,1,0.05000
5035,89.3222,161,1,0.05000
5036,89.8889,166,1,0.05000
5037,89.6778,161,1,0.05000
5038,89.8556,161,1,0.05000
5039,89.7667,161,1,0.05000
5040,89.6889,160,1,0.05000
5041,89.4333,167,1,0.05000
5042,89.7556,162,1,0.05000
5043,90.6111,149,1,0.05000
5044,90.9778,132,1,0.05000
5045,90.4222,166,1,0.05000
5046,90.1556,142,1,0.05000
5047,92.5556,126,1,0.05000
5048,91.6667,126,1,0.05000
5049,90.2889,146,1,0.05000
5050,91.5000,133,1,0.05000
5051,91.8778,131,1,0.05000
5052,90.8444,136,1,0.05000
5053,90.6333,171,1,0.05000
5054,91.5111,132,1,0.05000
5055,89.6667,146,1,0.05000
5056,90.2111,169,1,0.05000
5057,86.6778,215,1,0.05000
5058,91.2000,136,1,0.05000
5059,86.8667,222,1,0.05000
5060,89.6556,115,1,0.05000
5061,89.9889,173,1,0.05000
5062,90.3556,116,1,0.05000
5063,92.7778,122,1,0.05000
5064,91.4000,134,1,0.05000
5065,89.1667,175,1,0.05000
5066,90.7556,152,1,0.05000
5067,88.4889,172,1,0.05000
5068,92.4222,114,1,0.05000
5069,89.5778,162,1,0.05000
5070,89.7333,172,1,0.05000
5071,89.8222,164,1,0.05000
5072,92.4444,128,1,0.05000
5073,92.4444,128,1,0.05000
5074,92.5778,132,1,0.05000
5075,91.3667,161,1,0.05000
5076,92.4444,120,1,0.05000
5077,92.2889,126,1,0.05000
5078,89.0667,168,1,0.05000
5079,89.5889,169,1,0.05000
5080,89.1111,172,1,0.05000
5081,89.5556,172,1,0.05000
5082,90.2111,169,1,0.05000
5083,88.4333,177,1,0.05000
5084,91.5556,128,1,0.05000
5085,90.0889,172,1,0.05000
5086,90.5222,165,1,0.05000
5087,90.1556,166,1,0.05000
5088,92.2778,119,1,0.05000
5089,94.6333,75,1,0.05000
5090,93.4889,82,1,0.05000
5091,93.5000,81,1,0.05000
5092,93.3778,84,1,0.05000
5093,93.9333,74,1,0.05000
5094,93.1667,87,1,0.05000
5095,94.5333,76,1,0.05000
5096,93.8222,76,1,0.05000
5097,94.1556,78,1,0.05000
5098,94.1778,76,1,0.05000
5099,93.7778,80,1,0.05000
5100,92.8111,87,1,0.05000
5101,93.9333,74,1,0.05000
5102,93.5444,85,1,0.05000
5103,93.2333,81,1,0.05000
5104,93.9444,73,1,0.05000
5105,94.0111,75,1,0.05000
5106,92.0778,121,1,0.05000
5107,94.1111,82,1,0.05000
5108,93.8889,78,1,0.05000
5109,94.3556,76,1,0.05000
5110,93.7889,79,1,0.05000
5111,88.4667,174,1,0.05000
5112,94.0000,76,1,0.05000
5113,92.8111,87,1,0.05000
5114,94.0889,76,1,0.05000
5115,91.6667,126,1,0.05000
5116,94.2333,79,1,0.05000
5117,94.2667,76,1,0.05000
5118,88.9000,167,1,0.05000
5119,93.9222,83,1,0.05000
5120,94.0556,79,1,0.05000
5121,94.0444,80,1,0.05000
5122,93.7889,79,1,0.05000
5123,94.0889,76,1,0.05000
5124,94.2556,77,1,0.05000
5125,92.1222,117,1,0.05000
5126,90.9111,106,1,0.05000
5127,87.2111,183,1,0.05000
5128,92.2333,123,1,0.05000
5129,92.5333,104,1,0.05000
5130,93.9556,88,1,0.05000
5131,91.4667,104,1,0.05000
5132,92.6222,128,1,0.05000
5133,90.4222,142,1,0.05000
5134,91.0889,138,1,0.05000
5135,91.8222,128,1,0.05000
5136,91.4000,142,1,0.05000
5137,91.3111,150,1,0.05000
5138,91.3556,154,1,0.05000
5139,92.4778,101,1,0.05000
5140,91.1889,137,1,0.05000
5141,90.2556,149,1,0.05000
5142,91.2556,139,1,0.05000
5143,90.5556,146,1,0.05000
5144,90.6667,144,1,0.05000
5145,90.5333,140,1,0.05000
5146,90.6333,139,1,0.05000
5147,90.7556,144,1,0.05000
5148,90.7222,147,1,0.05000
5149,92.2111,133,1,0.05000
5150,90.2556,157,1,0.05000
5151,90.7444,145,1,0.05000
5152,90.6000,142,1,0.05000
5153,91.3889,135,1,0.05000
5154,90.9889,147,1,0.05000
5155,93.8111,77,1,0.05000
5156,94.0778,77,1,0.05000
5157,91.0667,148,1,0.05000
5158,92.6333,95,1,0.05000
5159,92.1556,130,1,0.05000
5160,90.3889,145,1,0.05000
5161,91.3111,142,1,0.05000
5162,91.3333,140,1,0.05000
5163,91.8444,134,1,0.05000
5164,94.2778,75,1,0.05000
5165,91.6556,135,1,0.05000
5166,92.1111,134,1,0.05000
5167,91.4889,134,1,0.05000
5168,91.5000,133,1,0.05000
5169,91.3556,138,1,0.05000
5170,90.9778,140,1,0.05000
5171,91.0111,145,1,0.05000
5172,91.7222,145,1,0.05000
5173,92.0333,117,1,0.05000
5174,91.7778,132,1,0.05000
5175,92.0556,147,1,0.05000
5176,91.2444,140,1,0.05000
5177,91.1667,139,1,0.05000
5178,91.7667,133,1,0.05000
5179,91.5889,149,1,0.05000
5180,92.0667,130,1,0.05000
5181,91.7667,141,1,0.05000
5182,91.5444,137,1,0.05000
5183,90.9667,141,1,0.05000
5184,91.5444,129,1,0.05000
5185,92.3444,129,1,0.05000
5186,92.3889,133,1,0.05000
5187,94.1222,73,1,0.05000
5188,88.5889,163,1,0.05000
5189,87.0556,181,1,0.05000
5190,91.5667,127,1,0.05000
5191,94.2556,77,1,0.05000
5192,91.5556,128,1,0.05000
5193,91.4556,129,1,0.05000
5194,94.0222,74,1,0.05000
5195,93.7889,79,1,0.05000
5196,93.7111,78,1,0.05000
5197,90.7222,131,1,0.05000
5198,94.2333,79,1,0.05000
5199,94.2000,74,1,0.05000
5200,91.0778,131,1,0.05000
5201,91.8667,124,1,0.05000
5202,90.2222,136,1,0.05000
5203,92.1889,127,1,0.05000
5204,91.4778,119,1,0.05000
5205,94.1889,75,1,0.05000
5206,91.8333,119,1,0.05000
5207,94.0000,76,1,0.05000
5208,94.6111,77,1,0.05000
5209,92.5556,118,1,0.05000
5210,91.2000,128,1,0.05000
5211,94.2778,75,1,0.05000
5212,91.2556,123,1,0.05000
5213,92.0778,121,1,0.05000
5214,90.0111,155,1,0.05000
5215,90.9889,131,1,0.05000
5216,91.0889,106,1,0.05000
5217,90.6000,150,1,0.05000
5218,94.2778,75,1,0.05000
5219,93.8889,78,1,0.05000
5220,93.5111,80,1,0.05000
5221,93.2000,76,1,0.05000
5222,94.4000,80,1,0.05000
5223,92.5556,86,1,0.05000
5224,93.6889,72,1,0.05000
5225,94.0222,74,1,0.05000
5226,91.9000,97,1,0.05000
5227,90.7778,110,1,0.05000
5228,86.9667,181,1,0.05000
5229,93.8222,76,1,0.05000
5230,93.4556,77,1,0.05000
5231,93.3667,77,1,0.05000
5232,93.6444,76,1,0.05000
5233,92.5000,83,1,0.05000
5234,93.3889,75,1,0.05000
5235,93.1778,78,1,0.05000
5236,93.0667,80,1,0.05000
5237,90.2778,115,1,0.05000
5238,93.4667,84,1,0.05000
5239,93.5222,79,1,0.05000
5240,93.1111,84,1,0.05000
5241,93.5556,76,1,0.05000
5242,93.1000,77,1,0.05000
5243,81.8667,256,1,0.05000
5244,89.6889,160,1,0.05000
5245,90.6111,117,1,0.05000
5246,92.1111,102,1,0.05000
5247,90.6889,142,1,0.05000
5248,90.3444,117,1,0.05000
5249,93.7111,78,1,0.05000
5250,93.7222,77,1,0.05000
5251,93.8667,80,1,0.05000
5252,91.1556,140,1,0.05000
5253,91.0778,131,1,0.05000
5254,93.6111,79,1,0.05000
5255,94.3444,77,1,0.05000
5256,94.6000,78,1,0.05000
5257,93.1889,85,1,0.05000
5258,94.2222,80,1,0.05000
5259,93.4111,81,1,0.05000
5260,93.1889,85,1,0.05000
5261,94.5111,78,1,0.05000
5262,93.1444,81,1,0.05000
5263,93.5778,82,1,0.05000
5264,94.3889,81,1,0.05000
5265,93.3000,83,1,0.05000
5266,93.7667,81,1,0.05000
5267,92.1222,93,1,0.05000
5268,93.7222,77,1,0.05000
5269,93.2889,84,1,0.05000
5270,93.4000,82,1,0.05000
5271,91.3444,139,1,0.05000
5272,92.2444,122,1,0.05000
5273,93.5333,78,1,0.05000
5274,93.2444,80,1,0.05000
5275,91.8778,123,1,0.05000
5276,93.6333,77,1,0.05000
5277,90.7556,104,1,0.05000
5278,90.3667,147,1,0.05000
5279,91.3444,131,1,0.05000
5280,93.4667,84,1,0.05000
5281,93.5222,87,1,0.05000
5282,88.5000,171,1,0.05000
5283,93.8778,79,1,0.05000
5284,93.6000,80,1,0.05000
5285,93.8667,80,1,0.05000
5286,93.4444,86,1,0.05000
5287,91.0889,122,1,0.05000
5288,90.9222,129,1,0.05000
5289,94.0111,75,1,0.05000
5290,94.3333,78,1,0.05000
5291,91.8000,122,1,0.05000
5292,93.7444,75,1,0.05000
5293,94.0000,76,1,0.05000
5294,93.7222,77,1,0.05000
5295,93.7556,74,1,0.05000
5296,93.3556,86,1,0.05000
5297,92.3000,93,1,0.05000
5298,93.1333,82,1,0.05000
5299,93.6667,74,1,0.05000
5300,93.7889,79,1,0.05000
5301,93.3556,78,1,0.05000
5302,93.9889,77,1,0.05000
5303,94.3778,82,1,0.05000
5304,89.6000,152,1,0.05000
5305,87.6111,171,1,0.05000
5306,93.8000,78,1,0.05000
5307,91.9667,99,1,0.05000
5308,94.2222,80,1,0.05000
5309,91.2111,119,1,0.05000
5310,93.6333,77,1,0.05000
5311,88.8778,169,1,0.05000
5312,90.9889,123,1,0.05000
5313,91.1444,133,1,0.05000
5314,92.8444,84,1,0.05000
5315,92.7000,89,1,0.05000
5316,90.8444,120,1,0.05000
5317,87.8111,177,1,0.05000
5318,93.9556,80,1,0.05000
5319,93.6556,83,1,0.05000
5320,93.5111,80,1,0.05000
5321,91.3222,125,1,0.05000
5322,91.1778,122,1,0.05000
5323,92.0000,96,1,0.05000
5324,93.6111,79,1,0.05000
5325,93.0444,82,1,0.05000
5326,92.0556,91,1,0.05000
5327,90.5222,125,1,0.05000
5328,93.4556,85,1,0.05000
5329,88.0667,178,1,0.05000
5330,93.1556,88,1,0.05000
5331,93.7333,84,1,0.05000
5332,92.4111,91,1,0.05000
5333,92.3778,94,1,0.05000
5334,92.8889,88,1,0.05000
5335,93.7444,83,1,0.05000
5336,93.2222,82,1,0.05000
5337,92.9000,87,1,0.05000
5338,92.7778,106,1,0.05000
5339,92.9667,89,1,0.05000
5340,92.6222,88,1,0.05000
5341,93.7444,91,1,0.05000
5342,89.0333,171,1,0.05000
5343,90.6444,130,1,0.05000
5344,92.6667,100,1,0.05000
5345,86.4556,171,1,0.05000
5346,89.2667,142,1,0.05000
5347,92.8778,89,1,0.05000
5348,92.7111,88,1,0.05000
5349,92.8889,88,1,0.05000
5350,92.2444,90,1,0.05000
5351,91.7556,94,1,0.05000
5352,92.1444,91,1,0.05000
5353,91.6000,100,1,0.05000
5354,89.2333,153,1,0.05000
5355,89.8444,138,1,0.05000
5356,92.5000,91,1,0.05000
5357,89.8889,142,1,0.05000
5358,93.0889,86,1,0.05000
5359,92.2111,93,1,0.05000
5360,90.2556,157,1,0.05000
5361,92.9111,86,1,0.05000
5362,90.5444,107,1,0.05000
5363,89.8000,134,1,0.05000
5364,92.5556,94,1,0.05000
5365,92.6889,90,1,0.05000
5366,91.5444,97,1,0.05000
5367,89.1444,145,1,0.05000
5368,92.4222,90,1,0.05000
5369,92.2111,101,1,0.05000
5370,92.2000,94,1,0.05000
5371,90.6333,155,1,0.05000
5372,92.6778,99,1,0.05000
5373,91.7111,98,1,0.05000
5374,92.4556,95,1,0.05000
5375,88.1000,151,1,0.05000
5376,90.3556,156,1,0.05000
5377,92.1667,97,1,0.05000
5378,88.6111,169,1,0.05000
5379,86.8444,216,1,0.05000
5380,91.3333,108,1,0.05000
5381,91.6889,108,1,0.05000
5382,89.8000,134,1,0.05000
5383,92.4222,90,1,0.05000
5384,88.8556,147,1,0.05000
5385,85.7222,221,1,0.05000
5386,93.4000,90,1,0.05000
5387,92.3222,91,1,0.05000
5388,94.0778,77,1,0.05000
5389,92.8111,87,1,0.05000
5390,91.3556,106,1,0.05000
5391,92.5889,91,1,0.05000
5392,92.7444,101,1,0.05000
5393,93.6778,89,1,0.05000
5394,89.1333,170,1,0.05000
5395,92.8667,90,1,0.05000
5396,91.0444,126,1,0.05000
5397,90.0556,135,1,0.05000
5398,90.5111,118,1,0.05000
5399,92.6778,91,1,0.05000
5400,93.0333,91,1,0.05000
5401,93.0111,93,1,0.05000
5402,90.0222,130,1,0.05000
5403,92.8333,93,1,0.05000
5404,92.4444,96,1,0.05000
5405,92.4222,90,1,0.05000
5406,92.2889,94,1,0.05000
5407,92.2778,95,1,0.05000
5408,89.7000,135,1,0.05000
5409,92.9333,84,1,0.05000
5410,93.1444,89,1,0.05000
5411,93.0667,88,1,0.05000
5412,93.1111,92,1,0.05000
5413,92.2889,94,1,0.05000
5414,92.5889,91,1,0.05000
5415,92.8889,96,1,0.05000
5416,91.5889,101,1,0.05000
5417,92.4333,89,1,0.05000
5418,93.5000,89,1,0.05000
5419,91.2222,102,1,0.05000
5420,91.5889,101,1,0.05000
5421,88.8778,169,1,0.05000
5422,88.3111,180,1,0.05000
5423,92.7444,85,1,0.05000
5424,89.6333,117,1,0.05000
5425,94.4000,80,1,0.05000
5426,87.9222,159,1,0.05000
5427,90.6444,114,1,0.05000
5428,89.6333,165,1,0.05000
5429,90.5667,121,1,0.05000
5430,88.3556,160,1,0.05000
5431,91.0889,114,1,0.05000
5432,89.6444,124,1,0.05000
5433,87.8444,174,1,0.05000
5434,89.2000,164,1,0.05000
5435,89.0333,171,1,0.05000
5436,91.6333,113,1,0.05000
5437,93.5556,84,1,0.05000
5438,91.3222,101,1,0.05000
5439,89.8111,165,1,0.05000
5440,88.3333,178,1,0.05000
5441,89.6444,164,1,0.05000
5442,90.3667,163,1,0.05000
5443,89.8444,162,1,0.05000
5444,89.4667,164,1,0.05000
5445,88.3667,207,1,0.05000
5446,75.1556,396,1,0.05000
5447,89.8111,165,1,0.05000
5448,93.5667,83,1,0.05000
5449,89.5333,166,1,0.05000
5450,88.0444,212,1,0.05000
5451,71.9889,393,1,0.05000
5452,81.0333,275,1,0.05000
5453,89.9444,169,1,0.05000
5454,91.2222,166,1,0.05000
5455,93.1667,87,1,0.05000
5456,93.7444,83,1,0.05000
5457,92.6222,104,1,0.05000
5458,90.7667,159,1,0.05000
5459,93.2667,86,1,0.05000
5460,93.1111,92,1,0.05000
5461,87.0222,208,1,0.05000
5462,92.8667,82,1,0.05000
5463,92.9778,88,1,0.05000
5464,92.9222,85,1,0.05000
5465,92.4889,100,1,0.05000
5466,92.8000,88,1,0.05000
5467,88.1111,158,1,0.05000
5468,92.4111,83,1,0.05000
5469,91.5556,104,1,0.05000
5470,93.3667,85,1,0.05000
5471,90.4889,144,1,0.05000
5472,92.7778,90,1,0.05000
5473,92.9667,89,1,0.05000
5474,89.7444,115,1,0.05000
5475,92.7000,89,1,0.05000
5476,89.6000,144,1,0.05000
5477,92.4333,89,1,0.05000
5478,89.6000,160,1,0.05000
5479,90.7222,123,1,0.05000
5480,90.2111,169,1,0.05000
5481,90.7667,143,1,0.05000
5482,87.4333,187,1,0.05000
5483,90.5889,167,1,0.05000
5484,89.8000,166,1,0.05000
5485,89.0111,173,1,0.05000
5486,92.5556,94,1,0.05000
5487,90.3667,163,1,0.05000
5488,90.0000,164,1,0.05000
5489,90.0000,164,1,0.05000
5490,90.5778,160,1,0.05000
5491,89.8667,160,1,0.05000
5492,90.1111,162,1,0.05000
5493,88.8556,171,1,0.05000
5494,89.7222,165,1,0.05000
5495,89.9222,163,1,0.05000
5496,89.9000,165,1,0.05000
5497,90.1778,164,1,0.05000
5498,90.3778,162,1,0.05000
5499,89.6778,161,1,0.05000
5500,89.2778,173,1,0.05000
5501,90.9111,162,1,0.05000
5502,90.4667,162,1,0.05000
5503,90.4778,153,1,0.05000
5504,88.4778,165,1,0.05000
5505,90.4889,152,1,0.05000
5506,90.9444,151,1,0.05000
5507,90.6556,153,1,0.05000
5508,90.7222,147,1,0.05000
5509,90.8667,150,1,0.05000
5510,89.9778,158,1,0.05000
5511,90.7111,148,1,0.05000
5512,90.3333,150,1,0.05000
5513,90.9333,152,1,0.05000
5514,90.4222,158,1,0.05000
5515,90.1111,162,1,0.05000
5516,85.2333,241,1,0.05000
5517,86.3444,213,1,0.05000
5518,81.2778,341,1,0.05000
5519,90.6889,158,1,0.05000
5520,90.0111,147,1,0.05000
5521,89.4222,168,1,0.05000
5522,89.3111,170,1,0.05000
5523,90.7111,156,1,0.05000
5524,90.4222,150,1,0.05000
5525,90.6222,156,1,0.05000
5526,91.5111,156,1,0.05000
5527,90.7778,150,1,0.05000
5528,93.3444,79,1,0.05000
5529,89.1556,168,1,0.05000
5530,89.7333,172,1,0.05000
5531,90.5778,152,1,0.05000
5532,90.0778,157,1,0.05000
5533,89.9333,162,1,0.05000
5534,89.0667,168,1,0.05000
5535,90.7667,159,1,0.05000
5536,90.7222,163,1,0.05000
5537,90.4333,157,1,0.05000
5538,90.4111,151,1,0.05000
5539,88.9333,172,1,0.05000
5540,89.9444,153,1,0.05000
5541,89.9889,157,1,0.05000
5542,91.2000,152,1,0.05000
5543,90.5667,161,1,0.05000
5544,91.0444,150,1,0.05000
5545,89.8000,150,1,0.05000
5546,90.2556,157,1,0.05000
5547,90.3556,164,1,0.05000
5548,90.7667,159,1,0.05000
5549,90.2222,160,1,0.05000
5550,91.1556,156,1,0.05000
5551,90.7889,157,1,0.05000
5552,90.6556,153,1,0.05000
5553,90.6111,157,1,0.05000
5554,90.2333,151,1,0.05000
5555,91.1667,155,1,0.05000
5556,90.9222,161,1,0.05000
5557,90.3000,153,1,0.05000
5558,89.9556,168,1,0.05000
5559,91.2889,160,1,0.05000
5560,88.9667,177,1,0.05000
5561,90.0889,156,1,0.05000
5562,90.6667,152,1,0.05000
5563,88.9111,174,1,0.05000
5564,90.6667,160,1,0.05000
5565,90.3000,153,1,0.05000
5566,82.2778,275,1,0.05000
5567,90.7111,156,1,0.05000
5568,90.9889,155,1,0.05000
5569,88.3111,212,1,0.05000
5570,88.2556,217,1,0.05000
5571,90.8444,152,1,0.05000
5572,87.7444,223,1,0.05000
5573,91.7000,147,1,0.05000
5574,87.8111,241,1,0.05000
5575,87.0889,218,1,0.05000
5576,84.9444,251,1,0.05000
5577,88.0333,221,1,0.05000
5578,91.7333,144,1,0.05000
5579,91.6111,147,1,0.05000
5580,90.5889,151,1,0.05000
5581,91.2778,161,1,0.05000
5582,90.5556,146,1,0.05000
5583,90.0556,167,1,0.05000
5584,90.3667,139,1,0.05000
5585,91.6778,157,1,0.05000
5586,90.2556,149,1,0.05000
5587,90.8222,146,1,0.05000
5588,91.6222,146,1,0.05000
5589,90.7000,149,1,0.05000
5590,91.0556,149,1,0.05000
5591,92.0111,143,1,0.05000
5592,86.2333,215,1,0.05000
5593,89.6333,157,1,0.05000
5594,90.0111,155,1,0.05000
5595,90.4444,156,1,0.05000
5596,90.8000,164,1,0.05000
5597,86.8222,226,1,0.05000
5598,90.7667,151,1,0.05000
5599,90.3000,161,1,0.05000
5600,89.6444,172,1,0.05000
5601,89.6000,152,1,0.05000
5602,89.1333,162,1,0.05000
5603,91.6333,153,1,0.05000
5604,86.3333,230,1,0.05000
5605,90.3000,169,1,0.05000
5606,90.3778,146,1,0.05000
5607,89.1111,180,1,0.05000
5608,90.3333,158,1,0.05000
5609,88.8333,173,1,0.05000
5610,88.6222,160,1,0.05000
5611,90.2222,160,1,0.05000
5612,90.0000,156,1,0.05000
5613,89.9111,164,1,0.05000
5614,89.8778,167,1,0.05000
5615,89.4000,178,1,0.05000
5616,89.4778,171,1,0.05000
5617,89.2889,180,1,0.05000
5618,89.5778,162,1,0.05000
5619,90.0778,165,1,0.05000
5620,90.3889,161,1,0.05000
5621,90.8000,156,1,0.05000
5622,90.1778,164,1,0.05000
5623,87.3667,225,1,0.05000
5624,88.9111,166,1,0.05000
5625,91.0444,142,1,0.05000
5626,90.0222,162,1,0.05000
5627,90.0222,154,1,0.05000
5628,89.6778,169,1,0.05000
5629,90.1778,156,1,0.05000
5630,93.2222,90,1,0.05000
5631,90.7333,154,1,0.05000
5632,92.5333,88,1,0.05000
5633,92.5111,90,1,0.05000
5634,89.4111,169,1,0.05000
5635,89.0556,169,1,0.05000
5636,92.3556,104,1,0.05000
5637,88.2778,183,1,0.05000
5638,88.8222,166,1,0.05000
5639,88.7444,181,1,0.05000
5640,90.3889,153,1,0.05000
5641,90.4111,151,1,0.05000
5642,89.4333,167,1,0.05000
5643,92.0556,131,1,0.05000
5644,89.4111,169,1,0.05000
5645,86.2556,245,1,0.05000
5646,80.9000,303,1,0.05000
5647,89.7222,157,1,0.05000
5648,88.3444,201,1,0.05000
5649,93.2667,110,1,0.05000
5650,90.2333,159,1,0.05000
5651,90.8889,148,1,0.05000
5652,91.1889,145,1,0.05000
5653,76.9111,414,1,0.05000
5654,88.9778,184,1,0.05000
5655,89.6778,161,1,0.05000
5656,89.7111,166,1,0.05000
5657,92.6667,84,1,0.05000
5658,89.9444,169,1,0.05000
5659,89.7333,164,1,0.05000
5660,90.5333,164,1,0.05000
5661,89.9778,166,1,0.05000
5662,89.6889,160,1,0.05000
5663,89.4111,161,1,0.05000
5664,89.1667,167,1,0.05000
5665,90.1889,163,1,0.05000
5666,90.7111,164,1,0.05000
5667,89.3778,172,1,0.05000
5668,89.7778,168,1,0.05000
5669,91.1778,154,1,0.05000
5670,90.3000,161,1,0.05000
5671,91.0889,146,1,0.05000
5672,91.4889,126,1,0.05000
5673,90.5667,145,1,0.05000
5674,90.5556,146,1,0.05000
5675,90.7889,133,1,0.05000
5676,90.6333,155,1,0.05000
5677,91.8889,130,1,0.05000
5678,91.3444,155,1,0.05000
5679,91.4889,142,1,0.05000
5680,90.8778,141,1,0.05000
5681,90.8778,133,1,0.05000
5682,90.9667,133,1,0.05000
5683,90.7222,147,1,0.05000
5684,89.8444,154,1,0.05000
5685,91.8222,136,1,0.05000
5686,91.4556,145,1,0.05000
5687,89.0333,179,1,0.05000
5688,91.6667,142,1,0.05000
5689,91.9556,124,1,0.05000
5690,90.0889,148,1,0.05000
5691,91.0778,155,1,0.05000
5692,91.3778,136,1,0.05000
5693,91.0000,146,1,0.05000
5694,91.2889,136,1,0.05000
5695,90.7222,155,1,0.05000
5696,90.8111,147,1,0.05000
5697,91.8667,140,1,0.05000
5698,91.3222,141,1,0.05000
5699,91.7222,137,1,0.05000
5700,91.6000,140,1,0.05000
5701,92.4556,103,1,0.05000
5702,90.1111,162,1,0.05000
5703,90.5000,151,1,0.05000
5704,92.3889,101,1,0.05000
5705,91.0333,143,1,0.05000
5706,88.8667,170,1,0.05000
5707,92.6556,101,1,0.05000
5708,91.3333,140,1,0.05000
5709,92.5000,99,1,0.05000
5710,90.0889,148,1,0.05000
5711,90.7889,141,1,0.05000
5712,90.7000,149,1,0.05000
5713,91.4667,136,1,0.05000
5714,89.9778,150,1,0.05000
5715,90.7778,142,1,0.05000
5716,91.6333,137,1,0.05000
5717,89.6556,163,1,0.05000
5718,89.9889,149,1,0.05000
5719,88.6111,161,1,0.05000
5720,91.0556,133,1,0.05000
5721,92.0778,137,1,0.05000
5722,88.4111,195,1,0.05000
5723,91.0778,139,1,0.05000
5724,91.3333,132,1,0.05000
5725,91.3778,136,1,0.05000
5726,91.1222,143,1,0.05000
5727,92.1889,127,1,0.05000
5728,93.3000,91,1,0.05000
5729,93.9111,92,1,0.05000
5730,91.7000,147,1,0.05000
5731,91.4556,121,1,0.05000
5732,91.2444,140,1,0.05000
5733,91.2778,137,1,0.05000
5734,90.7778,126,1,0.05000
5735,91.8778,123,1,0.05000
5736,90.5667,145,1,0.05000
5737,90.7000,149,1,0.05000
5738,89.6667,162,1,0.05000
5739,-52.3444,999,0,0.05000
5740,92.5889,115,1,0.05000
5741,93.4889,90,1,0.05000
5742,89.1778,158,1,0.05000
5743,90.1111,138,1,0.05000
5744,94.2000,82,1,0.05000
5745,94.7667,79,1,0.05000
5746,93.4889,98,1,0.05000
5747,92.1667,105,1,0.05000
5748,93.9556,96,1,0.05000
5749,94.3333,78,1,0.05000
5750,93.1667,103,1,0.05000
5751,91.1333,174,1,0.05000
5752,92.6222,128,1,0.05000
5753,93.5222,95,1,0.05000
5754,87.8000,194,1,0.05000
5755,94.2889,82,1,0.05000
5756,93.8000,86,1,0.05000
5757,90.9667,173,1,0.05000
5758,90.0333,137,1,0.05000
5759,93.6667,98,1,0.05000
5760,93.3556,102,1,0.05000
5761,93.7778,104,1,0.05000
5762,89.1222,179,1,0.05000
5763,94.1111,82,1,0.05000
5764,92.3556,128,1,0.05000
5765,89.5000,201,1,0.05000
5766,94.9222,81,1,0.05000
5767,92.7333,102,1,0.05000
5768,92.8333,101,1,0.05000
5769,92.4778,101,1,0.05000
5770,92.4667,118,1,0.05000
5771,92.3667,119,1,0.05000
5772,93.7000,87,1,0.05000
5773,93.2444,88,1,0.05000
5774,94.7333,82,1,0.05000
5775,93.1889,109,1,0.05000
5776,92.5111,114,1,0.05000
5777,92.2889,102,1,0.05000
5778,92.9333,92,1,0.05000
5779,87.6556,159,1,0.05000
5780,92.4333,113,1,0.05000
5781,91.9111,120,1,0.05000
5782,91.7222,121,1,0.05000
5783,92.4222,106,1,0.05000
5784,92.0111,111,1,0.05000
5785,89.2556,183,1,0.05000
5786,93.2444,88,1,0.05000
5787,91.4222,108,1,0.05000
5788,92.7556,92,1,0.05000
5789,94.3222,79,1,0.05000
5790,92.8222,110,1,0.05000
5791,92.0889,112,1,0.05000
5792,89.9444,169,1,0.05000
5793,94.2222,80,1,0.05000
5794,93.2667,94,1,0.05000
5795,93.5667,99,1,0.05000
5796,92.3889,101,1,0.05000
5797,90.6222,180,1,0.05000
5798,93.5889,105,1,0.05000
5799,92.9444,91,1,0.05000
5800,92.4111,115,1,0.05000
5801,94.5222,77,1,0.05000
5802,88.7222,183,1,0.05000
5803,92.7889,97,1,0.05000
5804,93.6667,90,1,0.05000
5805,94.2111,81,1,0.05000
5806,92.6889,98,1,0.05000
5807,92.3000,109,1,0.05000
5808,91.1222,111,1,0.05000
5809,90.4222,182,1,0.05000
5810,92.3111,116,1,0.05000
5811,92.7556,108,1,0.05000
5812,92.6556,101,1,0.05000
5813,92.0667,122,1,0.05000
5814,93.4000,90,1,0.05000
5815,93.3556,94,1,0.05000
5816,93.0333,99,1,0.05000
5817,93.4111,97,1,0.05000
5818,92.3889,101,1,0.05000
5819,94.8778,77,1,0.05000
5820,93.1556,96,1,0.05000
5821,93.3667,85,1,0.05000
5822,91.3444,123,1,0.05000
5823,92.4111,99,1,0.05000
5824,92.0889,120,1,0.05000
5825,93.8222,92,1,0.05000
5826,92.2000,110,1,0.05000
5827,93.4000,90,1,0.05000
5828,94.1000,83,1,0.05000
5829,91.7000,131,1,0.05000
5830,92.3556,112,1,0.05000
5831,93.7889,87,1,0.05000
5832,82.0111,243,1,0.05000
5833,89.7444,163,1,0.05000
5834,91.7000,131,1,0.05000
5835,93.8333,91,1,0.05000
5836,92.2889,118,1,0.05000
5837,92.7889,121,1,0.05000
5838,93.2556,95,1,0.05000
5839,85.8667,208,1,0.05000
5840,93.0778,111,1,0.05000
5841,92.6556,109,1,0.05000
5842,91.9111,104,1,0.05000
5843,91.2667,114,1,0.05000
5844,90.9222,121,1,0.05000
5845,86.3889,209,1,0.05000
5846,93.2111,91,1,0.05000
5847,88.8778,193,1,0.05000
5848,90.2667,132,1,0.05000
5849,90.6333,139,1,0.05000
5850,92.3889,109,1,0.05000
5851,91.2111,111,1,0.05000
5852,90.3667,139,1,0.05000
5853,92.7111,112,1,0.05000
5854,93.8778,87,1,0.05000
5855,87.8444,150,1,0.05000
5856,89.6444,132,1,0.05000
5857,94.2667,84,1,0.05000
5858,89.7667,145,1,0.05000
5859,92.6556,109,1,0.05000
5860,93.6778,89,1,0.05000
5861,92.8222,102,1,0.05000
5862,92.0667,114,1,0.05000
5863,89.5778,138,1,0.05000
5864,93.4778,91,1,0.05000
5865,90.1556,166,1,0.05000
5866,88.6889,186,1,0.05000
5867,91.5667,167,1,0.05000
5868,93.5778,90,1,0.05000
5869,92.5444,111,1,0.05000
5870,92.6333,111,1,0.05000
5871,87.5444,169,1,0.05000
5872,89.5778,202,1,0.05000
5873,90.9778,148,1,0.05000
5874,91.7889,115,1,0.05000
5875,91.9222,111,1,0.05000
5876,93.3000,91,1,0.05000
5877,93.4111,89,1,0.05000
5878,93.2000,92,1,0.05000
5879,93.1556,96,1,0.05000
5880,90.6444,162,1,0.05000
5881,90.0111,187,1,0.05000
5882,91.8000,114,1,0.05000
5883,90.9333,160,1,0.05000
5884,88.8222,190,1,0.05000
5885,92.3333,106,1,0.05000
5886,92.1667,105,1,0.05000
5887,93.1333,106,1,0.05000
5888,91.7333,144,1,0.05000
5889,93.8444,90,1,0.05000
5890,89.3444,223,1,0.05000
5891,91.8333,111,1,0.05000
5892,90.2889,154,1,0.05000
5893,92.0333,109,1,0.05000
5894,93.4222,96,1,0.05000
5895,89.7000,183,1,0.05000
5896,90.8444,160,1,0.05000
5897,87.7889,227,1,0.05000
5898,92.0889,152,1,0.05000
5899,93.3333,104,1,0.05000
5900,90.3778,146,1,0.05000
5901,91.4333,139,1,0.05000
5902,93.3222,97,1,0.05000
5903,91.8444,126,1,0.05000
5904,84.8778,289,1,0.05000
5905,89.5778,154,1,0.05000
5906,93.0000,94,1,0.05000
5907,80.7000,305,1,0.05000
5908,94.5444,83,1,0.05000
5909,90.3333,158,1,0.05000
5910,90.8000,164,1,0.05000
5911,90.2222,152,1,0.05000
5912,94.1889,83,1,0.05000
5913,90.7778,166,1,0.05000
5914,91.4444,154,1,0.05000
5915,92.7444,109,1,0.05000
5916,90.8778,157,1,0.05000
5917,90.2667,156,1,0.05000
5918,88.8333,165,1,0.05000
5919,90.5667,153,1,0.05000
5920,92.6222,104,1,0.05000
5921,93.2222,90,1,0.05000
5922,90.4778,153,1,0.05000
5923,92.0333,109,1,0.05000
5924,91.8889,114,1,0.05000
5925,93.1556,80,1,0.05000
5926,93.3556,78,1,0.05000
5927,91.4889,150,1,0.05000
5928,94.2444,78,1,0.05000
5929,93.4111,81,1,0.05000
5930,92.4889,100,1,0.05000
5931,91.8333,103,1,0.05000
5932,93.5778,74,1,0.05000
5933,92.7778,98,1,0.05000
5934,93.3000,75,1,0.05000
5935,92.9778,80,1,0.05000
5936,90.0667,158,1,0.05000
5937,93.0000,78,1,0.05000
5938,92.9444,83,1,0.05000
5939,89.5667,155,1,0.05000
5940,89.4556,165,1,0.05000
5941,90.5333,116,1,0.05000
5942,88.2333,179,1,0.05000
5943,93.0222,84,1,0.05000
5944,93.6222,78,1,0.05000
5945,90.0333,169,1,0.05000
5946,92.6111,105,1,0.05000
5947,92.1889,111,1,0.05000
5948,91.0000,162,1,0.05000
5949,93.1667,79,1,0.05000
5950,90.3222,143,1,0.05000
5951,90.5444,147,1,0.05000
5952,87.2333,173,1,0.05000
5953,88.9667,177,1,0.05000
5954,89.3333,176,1,0.05000
5955,90.3000,145,1,0.05000
5956,82.1333,248,1,0.05000
5957,89.1444,177,1,0.05000
5958,89.5111,184,1,0.05000
5959,92.1111,110,1,0.05000
5960,94.0889,84,1,0.05000
5961,91.7444,103,1,0.05000
5962,93.1556,104,1,0.05000
5963,91.5000,109,1,0.05000
5964,93.1222,99,1,0.05000
5965,92.8556,99,1,0.05000
5966,93.2000,92,1,0.05000
5967,93.3556,78,1,0.05000
5968,92.4222,106,1,0.05000
5969,92.5222,105,1,0.05000
5970,93.7111,78,1,0.05000
5971,94.3222,79,1,0.05000
5972,92.7444,101,1,0.05000
5973,94.5667,81,1,0.05000
5974,94.2556,85,1,0.05000
5975,94.2889,82,1,0.05000
5976,93.9222,83,1,0.05000
5977,94.1222,81,1,0.05000
5978,92.5778,116,1,0.05000
5979,94.3000,81,1,0.05000
5980,93.9444,81,1,0.05000
5981,93.5889,105,1,0.05000
5982,94.1333,80,1,0.05000
5983,94.8222,82,1,0.05000
5984,93.9444,81,1,0.05000
5985,92.6111,105,1,0.05000
5986,93.7556,82,1,0.05000
5987,92.2222,108,1,0.05000
5988,88.8667,154,1,0.05000
5989,93.3778,108,1,0.05000
5990,92.6556,101,1,0.05000
5991,93.4000,82,1,0.05000
5992,94.0667,78,1,0.05000
5993,94.0667,78,1,0.05000
5994,94.4667,82,1,0.05000
5995,94.4111,79,1,0.05000
5996,92.8889,88,1,0.05000
5997,93.0556,105,1,0.05000
5998,91.8778,115,1,0.05000
5999,87.4333,139,1,0.05000
6000,93.1444,105,1,0.05000
6001,93.7111,78,1,0.05000
6002,94.0556,79,1,0.05000
6003,92.9556,82,1,0.05000
6004,92.4111,91,1,0.05000
6005,94.3222,79,1,0.05000
6006,92.8333,109,1,0.05000
6007,93.3111,106,1,0.05000
6008,94.7556,80,1,0.05000
6009,92.1222,109,1,0.05000
6010,93.2889,108,1,0.05000
6011,94.2333,79,1,0.05000
6012,93.9444,81,1,0.05000
6013,94.5000,79,1,0.05000
6014,94.1444,79,1,0.05000
6015,93.9667,87,1,0.05000
6016,94.4667,82,1,0.05000
6017,94.8111,83,1,0.05000
6018,93.1556,104,1,0.05000
6019,92.6667,100,1,0.05000
6020,92.5444,111,1,0.05000
6021,92.3111,100,1,0.05000
6022,93.5222,79,1,0.05000
6023,93.4111,81,1,0.05000
6024,93.0111,101,1,0.05000
6025,93.6889,104,1,0.05000
6026,92.7556,100,1,0.05000
6027,92.2667,104,1,0.05000
6028,94.2111,81,1,0.05000
6029,91.8222,104,1,0.05000
6030,92.0222,110,1,0.05000
6031,93.9667,79,1,0.05000
6032,94.0222,82,1,0.05000
6033,93.8000,86,1,0.05000
6034,89.4444,166,1,0.05000
6035,92.9444,83,1,0.05000
6036,82.2889,210,1,0.05000
6037,92.4556,103,1,0.05000
6038,93.4000,90,1,0.05000
6039,89.3333,176,1,0.05000
6040,91.7556,102,1,0.05000
6041,94.1333,80,1,0.05000
6042,92.2556,97,1,0.05000
6043,91.1556,108,1,0.05000
6044,91.9889,105,1,0.05000
6045,92.8556,91,1,0.05000
6046,92.6444,102,1,0.05000
6047,92.1889,103,1,0.05000
6048,90.3444,165,1,0.05000
6049,92.6333,111,1,0.05000
6050,93.9889,85,1,0.05000
6051,92.4222,106,1,0.05000
6052,92.1667,105,1,0.05000
6053,92.5333,104,1,0.05000
6054,94.0000,84,1,0.05000
6055,93.8667,80,1,0.05000
6056,92.4667,102,1,0.05000
6057,93.5333,86,1,0.05000
6058,90.1889,139,1,0.05000
6059,91.8556,101,1,0.05000
6060,91.5000,101,1,0.05000
6061,93.1556,80,1,0.05000
6062,92.4667,86,1,0.05000
6063,91.9667,99,1,0.05000
6064,91.2444,108,1,0.05000
6065,90.2222,160,1,0.05000
6066,91.7333,96,1,0.05000
6067,92.4778,93,1,0.05000
6068,77.9556,384,1,0.05000
6069,91.4778,95,1,0.05000
6070,89.7556,154,1,0.05000
6071,88.0222,182,1,0.05000
6072,89.7778,152,1,0.05000
6073,89.5444,157,1,0.05000
6074,92.2333,91,1,0.05000
6075,92.1444,91,1,0.05000
6076,88.8778,169,1,0.05000
6077,92.6556,85,1,0.05000
6078,92.6444,86,1,0.05000
6079,93.2889,76,1,0.05000
6080,90.0333,153,1,0.05000
6081,90.0778,157,1,0.05000
6082,92.5778,84,1,0.05000
6083,93.1889,77,1,0.05000
6084,91.2778,113,1,0.05000
6085,89.7444,131,1,0.05000
6086,88.3889,173,1,0.05000
6087,88.0778,177,1,0.05000
6088,91.1889,113,1,0.05000
6089,92.3889,85,1,0.05000
6090,92.4778,85,1,0.05000
6091,93.0333,83,1,0.05000
6092,92.5889,91,1,0.05000
6093,90.3444,157,1,0.05000
6094,89.2889,164,1,0.05000
6095,88.2778,191,1,0.05000
6096,89.5111,160,1,0.05000
6097,89.2778,181,1,0.05000
6098,90.3667,123,1,0.05000
6099,91.0667,148,1,0.05000
6100,88.8556,179,1,0.05000
6101,90.4556,107,1,0.05000
6102,91.7444,95,1,0.05000
6103,90.6222,156,1,0.05000
6104,91.3111,102,1,0.05000
6105,89.5333,166,1,0.05000
6106,90.0889,132,1,0.05000
6107,91.7111,98,1,0.05000
6108,90.2111,153,1,0.05000
6109,92.0556,91,1,0.05000
6110,92.7778,82,1,0.05000
6111,89.9333,130,1,0.05000
6112,87.6000,204,1,0.05000
6113,90.2778,131,1,0.05000
6114,91.6111,91,1,0.05000
6115,91.5111,92,1,0.05000
6116,89.8556,161,1,0.05000
6117,88.0889,200,1,0.05000
6118,91.8889,90,1,0.05000
6119,90.3667,163,1,0.05000
6120,90.4667,154,1,0.05000
6121,87.9333,206,1,0.05000
6122,89.5222,151,1,0.05000
6123,90.6000,158,1,0.05000
6124,89.9667,151,1,0.05000
6125,89.9222,155,1,0.05000
6126,89.7667,153,1,0.05000
6127,89.8222,148,1,0.05000
6128,89.5111,152,1,0.05000
6129,89.3000,155,1,0.05000
6130,89.6111,151,1,0.05000
6131,89.9222,147,1,0.05000
6132,87.3000,199,1,0.05000
6133,90.3778,162,1,0.05000
6134,89.5222,159,1,0.05000
6135,89.5889,153,1,0.05000
6136,86.9778,188,1,0.05000
6137,90.4889,152,1,0.05000
6138,89.8556,161,1,0.05000
6139,87.9000,169,1,0.05000
6140,89.6889,160,1,0.05000
6141,89.7333,140,1,0.05000
6142,90.0444,152,1,0.05000
6143,89.7889,151,1,0.05000
6144,86.9111,202,1,0.05000
6145,88.8556,163,1,0.05000
6146,90.0222,154,1,0.05000
6147,89.8111,157,1,0.05000
6148,89.4778,155,1,0.05000
6149,89.8111,157,1,0.05000
6150,92.4111,91,1,0.05000
6151,87.5667,191,1,0.05000
6152,88.4667,206,1,0.05000
6153,86.5000,223,1,0.05000
6154,89.9000,149,1,0.05000
6155,88.1222,165,1,0.05000
6156,88.8333,157,1,0.05000
6157,89.3778,156,1,0.05000
6158,90.0111,155,1,0.05000
6159,89.6556,163,1,0.05000
6160,90.0111,163,1,0.05000
6161,90.4333,165,1,0.05000
6162,90.4222,158,1,0.05000
6163,89.1000,165,1,0.05000
6164,90.4111,143,1,0.05000
6165,90.9222,137,1,0.05000
6166,89.4556,157,1,0.05000
6167,90.3556,140,1,0.05000
6168,89.5556,148,1,0.05000
6169,89.8000,158,1,0.05000
6170,90.4333,141,1,0.05000
6171,89.6333,157,1,0.05000
6172,90.4667,138,1,0.05000
6173,90.3556,140,1,0.05000
6174,90.4333,141,1,0.05000
6175,90.3556,140,1,0.05000
6176,91.0222,144,1,0.05000
6177,91.1667,131,1,0.05000
6178,91.2444,132,1,0.05000
6179,89.8444,138,1,0.05000
6180,90.5778,144,1,0.05000
6181,90.0444,144,1,0.05000
6182,89.4889,162,1,0.05000
6183,89.9222,155,1,0.05000
6184,90.8222,138,1,0.05000
6185,90.5556,146,1,0.05000
6186,90.8222,138,1,0.05000
6187,91.0222,128,1,0.05000
6188,92.1556,130,1,0.05000
6189,91.9111,144,1,0.05000
6190,91.7111,130,1,0.05000
6191,90.0444,144,1,0.05000
6192,90.6667,144,1,0.05000
6193,91.4889,142,1,0.05000
6194,90.5889,143,1,0.05000
6195,91.7222,145,1,0.05000
6196,91.5556,128,1,0.05000
6197,91.8000,138,1,0.05000
6198,92.3667,127,1,0.05000
6199,90.4778,145,1,0.05000
6200,89.9111,148,1,0.05000
6201,91.6778,133,1,0.05000
6202,91.4556,129,1,0.05000
6203,91.3778,136,1,0.05000
6204,90.2111,153,1,0.05000
6205,91.2444,140,1,0.05000
6206,90.4556,147,1,0.05000
6207,90.7556,136,1,0.05000
6208,90.5111,142,1,0.05000
6209,90.1111,138,1,0.05000
6210,92.3889,133,1,0.05000
6211,91.0556,133,1,0.05000
6212,89.9222,155,1,0.05000
6213,90.2444,150,1,0.05000
6214,89.6778,153,1,0.05000
6215,89.9333,170,1,0.05000
6216,87.8667,188,1,0.05000
6217,90.2889,162,1,0.05000
6218,90.4444,164,1,0.05000
6219,90.2333,151,1,0.05000
6220,91.6556,135,1,0.05000
6221,91.9222,95,1,0.05000
6222,90.1333,160,1,0.05000
6223,91.9333,126,1,0.05000
6224,89.3556,166,1,0.05000
6225,90.1111,154,1,0.05000
6226,90.4778,145,1,0.05000
6227,91.0889,138,1,0.05000
6228,88.2889,158,1,0.05000
6229,91.6778,133,1,0.05000
6230,89.7667,169,1,0.05000
6231,91.1111,136,1,0.05000
6232,92.7000,137,1,0.05000
6233,88.7778,178,1,0.05000
6234,91.3667,161,1,0.05000
6235,89.9667,167,1,0.05000
6236,90.1556,158,1,0.05000
6237,90.3333,150,1,0.05000
6238,91.6222,138,1,0.05000
6239,90.7556,160,1,0.05000
6240,90.9444,159,1,0.05000
6241,90.9778,148,1,0.05000
6242,91.3778,168,1,0.05000
6243,91.8000,130,1,0.05000
6244,91.9556,140,1,0.05000
6245,91.1778,138,1,0.05000
6246,91.4222,148,1,0.05000
6247,91.2111,151,1,0.05000
6248,87.4778,223,1,0.05000
6249,91.4111,141,1,0.05000
6250,91.0000,154,1,0.05000
6251,90.9000,163,1,0.05000
6252,91.1667,147,1,0.05000
6253,92.4111,123,1,0.05000
6254,90.4444,148,1,0.05000
6255,91.1667,131,1,0.05000
6256,91.2556,139,1,0.05000
6257,91.7222,129,1,0.05000
6258,91.3000,151,1,0.05000
6259,89.5556,164,1,0.05000
6260,90.6778,167,1,0.05000
6261,87.2111,207,1,0.05000
6262,89.6667,170,1,0.05000
6263,89.0111,165,1,0.05000
6264,90.4667,154,1,0.05000
6265,91.0111,129,1,0.05000
6266,90.9222,145,1,0.05000
6267,90.4778,145,1,0.05000
6268,91.0222,136,1,0.05000
6269,90.2111,169,1,0.05000
6270,90.1111,146,1,0.05000
6271,88.8667,162,1,0.05000
6272,89.5444,149,1,0.05000
6273,88.9000,159,1,0.05000
6274,89.6667,162,1,0.05000
6275,91.3111,126,1,0.05000
6276,90.3111,168,1,0.05000
6277,90.0333,161,1,0.05000
6278,89.5333,158,1,0.05000
6279,90.4333,165,1,0.05000
6280,89.7333,164,1,0.05000
6281,89.6000,176,1,0.05000
6282,89.4778,163,1,0.05000
6283,86.5333,212,1,0.05000
6284,89.1222,163,1,0.05000
6285,88.9222,165,1,0.05000
6286,89.8444,162,1,0.05000
6287,89.8222,164,1,0.05000
6288,89.6000,160,1,0.05000
6289,90.5667,161,1,0.05000
6290,89.1556,160,1,0.05000
6291,89.9444,161,1,0.05000
6292,88.2000,174,1,0.05000
6293,94.7111,84,1,0.05000
6294,94.4444,84,1,0.05000
6295,87.3778,216,1,0.05000
6296,91.7667,109,1,0.05000
6297,94.1111,82,1,0.05000
6298,93.6222,86,1,0.05000
6299,89.5444,165,1,0.05000
6300,90.9000,131,1,0.05000
6301,93.5333,86,1,0.05000
6302,89.5667,171,1,0.05000
6303,89.2444,168,1,0.05000
6304,90.9444,127,1,0.05000
6305,91.3222,133,1,0.05000
6306,89.9111,148,1,0.05000
6307,90.2556,141,1,0.05000
6308,93.1333,106,1,0.05000
6309,94.1889,83,1,0.05000
6310,93.4444,102,1,0.05000
6311,94.1667,85,1,0.05000
6312,92.7889,105,1,0.05000
6313,92.7778,106,1,0.05000
6314,94.6889,86,1,0.05000
6315,92.9556,106,1,0.05000
6316,91.6556,127,1,0.05000
6317,89.7556,170,1,0.05000
6318,88.4667,166,1,0.05000
6319,91.0667,140,1,0.05000
6320,89.4222,152,1,0.05000
6321,93.5111,88,1,0.05000
6322,93.1222,91,1,0.05000
6323,89.0222,156,1,0.05000
6324,89.4778,163,1,0.05000
6325,90.2556,149,1,0.05000
6326,93.0444,90,1,0.05000
6327,80.0222,374,1,0.05000
6328,93.2222,90,1,0.05000
6329,93.6000,88,1,0.05000
6330,94.1778,92,1,0.05000
6331,93.7889,87,1,0.05000
6332,92.0111,143,1,0.05000
6333,93.7778,88,1,0.05000
6334,93.9556,88,1,0.05000
6335,90.2778,171,1,0.05000
6336,90.0111,171,1,0.05000
6337,89.2889,180,1,0.05000
6338,88.9556,186,1,0.05000
6339,92.2556,105,1,0.05000
6340,92.8778,97,1,0.05000
6341,89.7333,172,1,0.05000
6342,89.2222,178,1,0.05000
6343,90.0778,173,1,0.05000
6344,93.7556,98,1,0.05000
6345,94.1778,84,1,0.05000
6346,89.4556,173,1,0.05000
6347,89.9222,171,1,0.05000
6348,89.8889,158,1,0.05000
6349,93.0778,87,1,0.05000
6350,89.9000,149,1,0.05000
6351,89.0222,164,1,0.05000
6352,91.1667,107,1,0.05000
6353,88.7444,157,1,0.05000
6354,87.8000,186,1,0.05000
6355,90.3333,150,1,0.05000
6356,90.1778,156,1,0.05000
6357,93.9111,84,1,0.05000
6358,93.9000,85,1,0.05000
6359,93.6889,88,1,0.05000
6360,89.4222,152,1,0.05000
6361,89.1667,151,1,0.05000
6362,88.4556,167,1,0.05000
6363,89.6444,140,1,0.05000
6364,92.4000,116,1,0.05000
6365,89.8778,151,1,0.05000
6366,93.5333,86,1,0.05000
6367,90.8667,150,1,0.05000
6368,91.8111,137,1,0.05000
6369,91.5556,136,1,0.05000
6370,90.0778,165,1,0.05000
6371,89.8667,136,1,0.05000
6372,91.4444,130,1,0.05000
6373,93.4333,87,1,0.05000
6374,93.3667,85,1,0.05000
6375,91.1444,133,1,0.05000
6376,90.4111,143,1,0.05000
6377,91.0556,125,1,0.05000
6378,91.4667,128,1,0.05000
6379,91.4333,139,1,0.05000
6380,90.9222,137,1,0.05000
6381,91.1333,134,1,0.05000
6382,90.7333,130,1,0.05000
6383,88.5000,171,1,0.05000
6384,90.8000,140,1,0.05000
6385,91.3111,126,1,0.05000
6386,90.9444,151,1,0.05000
6387,86.3556,220,1,0.05000
6388,90.0778,157,1,0.05000
6389,88.0444,188,1,0.05000
6390,89.4222,160,1,0.05000
6391,93.6111,87,1,0.05000
6392,93.2889,84,1,0.05000
6393,92.4000,92,1,0.05000
6394,93.1444,89,1,0.05000
6395,89.9000,141,1,0.05000
6396,88.5222,169,1,0.05000
6397,92.4667,86,1,0.05000
6398,93.1111,84,1,0.05000
6399,93.2111,83,1,0.05000
6400,92.8111,87,1,0.05000
6401,93.3000,83,1,0.05000
6402,91.1667,131,1,0.05000
6403,88.6111,169,1,0.05000
6404,92.4556,87,1,0.05000
6405,92.7778,90,1,0.05000
6406,92.3333,90,1,0.05000
6407,89.0444,170,1,0.05000
6408,93.4444,78,1,0.05000
6409,89.7778,160,1,0.05000
6410,94.1889,75,1,0.05000
6411,89.3444,167,1,0.05000
6412,93.1667,87,1,0.05000
6413,93.6556,83,1,0.05000
6414,92.9000,87,1,0.05000
6415,94.1889,75,1,0.05000
6416,93.0222,84,1,0.05000
6417,93.5333,86,1,0.05000
6418,91.5000,125,1,0.05000
6419,93.7333,84,1,0.05000
6420,91.7000,123,1,0.05000
6421,91.3778,128,1,0.05000
6422,93.8444,82,1,0.05000
6423,91.6667,126,1,0.05000
6424,90.8667,126,1,0.05000
6425,92.6444,94,1,0.05000
6426,87.7667,157,1,0.05000
6427,93.6778,81,1,0.05000
6428,93.6556,83,1,0.05000
6429,93.1889,85,1,0.05000
6430,90.7000,125,1,0.05000
6431,93.7778,88,1,0.05000
6432,86.5333,196,1,0.05000
6433,93.8222,84,1,0.05000
6434,94.2667,84,1,0.05000
6435,93.8222,84,1,0.05000
6436,94.2889,82,1,0.05000
6437,86.3556,220,1,0.05000
6438,92.9111,86,1,0.05000
6439,90.5333,132,1,0.05000
6440,90.4556,131,1,0.05000
6441,90.8667,126,1,0.05000
6442,93.6444,84,1,0.05000
6443,93.5444,85,1,0.05000
6444,93.0778,87,1,0.05000
6445,93.0000,86,1,0.05000
6446,93.3667,85,1,0.05000
6447,92.0333,101,1,0.05000
6448,89.6778,161,1,0.05000
6449,89.2333,177,1,0.05000
6450,93.1333,90,1,0.05000
6451,92.8111,87,1,0.05000
6452,89.6222,126,1,0.05000
6453,90.4222,126,1,0.05000
6454,92.9667,89,1,0.05000
6455,93.2333,89,1,0.05000
6456,92.9333,92,1,0.05000
6457,93.2000,84,1,0.05000
6458,92.9000,95,1,0.05000
6459,90.4111,127,1,0.05000
6460,93.7222,85,1,0.05000
6461,93.0778,87,1,0.05000
6462,92.9556,90,1,0.05000
6463,93.3444,87,1,0.05000
6464,92.1000,95,1,0.05000
6465,92.9778,88,1,0.05000
6466,92.7778,90,1,0.05000
6467,89.5333,134,1,0.05000
6468,89.3889,171,1,0.05000
6469,93.0111,85,1,0.05000
6470,92.8000,88,1,0.05000
6471,88.5000,171,1,0.05000
6472,94.2667,76,1,0.05000
6473,94.1889,75,1,0.05000
6474,93.7667,89,1,0.05000
6475,91.3111,110,1,0.05000
6476,92.9333,92,1,0.05000
6477,92.2556,89,1,0.05000
6478,93.2222,90,1,0.05000
6479,93.1333,90,1,0.05000
6480,94.1333,80,1,0.05000
6481,93.6222,86,1,0.05000
6482,92.8444,92,1,0.05000
6483,86.8000,148,1,0.05000
6484,92.6667,92,1,0.05000
6485,92.3222,91,1,0.05000
6486,90.2111,121,1,0.05000
6487,92.2222,100,1,0.05000
6488,89.1000,141,1,0.05000
6489,89.4556,133,1,0.05000
6490,90.9778,140,1,0.05000
6491,93.7222,93,1,0.05000
6492,90.4556,123,1,0.05000
6493,91.9000,105,1,0.05000
6494,91.0667,124,1,0.05000
6495,93.0444,90,1,0.05000
6496,93.2556,95,1,0.05000
6497,94.5444,83,1,0.05000
6498,94.3333,78,1,0.05000
6499,93.1778,102,1,0.05000
6500,93.0444,90,1,0.05000
6501,90.6333,115,1,0.05000
6502,93.8444,90,1,0.05000
6503,93.7778,88,1,0.05000
6504,94.4667,74,1,0.05000
6505,94.1667,85,1,0.05000
6506,91.4889,110,1,0.05000
6507,91.2000,112,1,0.05000
6508,92.6444,102,1,0.05000
6509,90.9889,115,1,0.05000
6510,91.2444,116,1,0.05000
6511,91.6444,112,1,0.05000
6512,91.6556,111,1,0.05000
6513,93.3000,99,1,0.05000
6514,92.0333,109,1,0.05000
6515,82.2222,264,1,0.05000
6516,92.8222,102,1,0.05000
6517,93.6333,93,1,0.05000
6518,93.7667,89,1,0.05000
6519,93.5889,89,1,0.05000
6520,93.3778,92,1,0.05000
6521,93.8556,89,1,0.05000
6522,91.2778,121,1,0.05000
6523,90.4556,131,1,0.05000
6524,92.6889,98,1,0.05000
6525,90.2444,134,1,0.05000
6526,92.4778,101,1,0.05000
6527,90.9778,124,1,0.05000
6528,94.2111,89,1,0.05000
6529,90.1778,132,1,0.05000
6530,93.6667,90,1,0.05000
6531,92.9667,97,1,0.05000
6532,94.1778,92,1,0.05000
6533,90.4556,131,1,0.05000
6534,91.4111,125,1,0.05000
6535,93.7556,90,1,0.05000
6536,89.8889,134,1,0.05000
6537,93.2556,103,1,0.05000
6538,90.1000,139,1,0.05000
6539,93.4444,94,1,0.05000
6540,93.2111,91,1,0.05000
6541,93.5778,90,1,0.05000
6542,93.7556,90,1,0.05000
6543,93.5889,89,1,0.05000
6544,89.3000,155,1,0.05000
6545,90.6000,134,1,0.05000
6546,93.1778,94,1,0.05000
6547,89.9667,143,1,0.05000
6548,88.4444,192,1,0.05000
6549,91.4889,118,1,0.05000
6550,91.3444,123,1,0.05000
6551,93.1222,91,1,0.05000
6552,93.4111,89,1,0.05000
6553,93.7444,91,1,0.05000
6554,93.4778,91,1,0.05000
6555,93.4000,90,1,0.05000
6556,93.4778,91,1,0.05000
6557,92.4778,101,1,0.05000
6558,93.6889,88,1,0.05000
6559,93.4667,92,1,0.05000
6560,90.8667,134,1,0.05000
6561,94.1222,89,1,0.05000
6562,92.1778,104,1,0.05000
6563,92.6556,101,1,0.05000
6564,93.2889,92,1,0.05000
6565,93.6556,91,1,0.05000
6566,88.0556,187,1,0.05000
6567,83.0556,277,1,0.05000
6568,90.0778,141,1,0.05000
6569,92.9667,97,1,0.05000
6570,93.7333,92,1,0.05000
6571,91.6667,118,1,0.05000
6572,93.2111,91,1,0.05000
6573,93.0000,102,1,0.05000
6574,92.6556,101,1,0.05000
6575,92.8333,101,1,0.05000
6576,92.5333,96,1,0.05000
6577,90.3222,167,1,0.05000
6578,94.8444,80,1,0.05000
6579,89.1556,168,1,0.05000
6580,90.8111,163,1,0.05000
6581,85.3667,221,1,0.05000
6582,90.2889,170,1,0.05000
6583,93.4111,89,1,0.05000
6584,90.8444,112,1,0.05000
6585,90.5111,118,1,0.05000
6586,92.9444,99,1,0.05000
6587,92.8000,96,1,0.05000
6588,92.9556,98,1,0.05000
6589,90.0667,166,1,0.05000
6590,89.4778,171,1,0.05000
6591,93.0111,93,1,0.05000
6592,90.8889,116,1,0.05000
6593,92.7111,96,1,0.05000
6594,93.3333,96,1,0.05000
6595,86.6444,202,1,0.05000
6596,92.0556,107,1,0.05000
6597,88.3222,179,1,0.05000
6598,86.2444,230,1,0.05000
6599,90.9444,159,1,0.05000
6600,94.2000,82,1,0.05000
6601,91.4222,140,1,0.05000
6602,89.4778,163,1,0.05000
6603,91.9333,110,1,0.05000
6604,94.3000,81,1,0.05000
6605,88.8556,171,1,0.05000
6606,93.5778,82,1,0.05000
6607,88.9333,164,1,0.05000
6608,92.9778,88,1,0.05000
6609,92.4556,103,1,0.05000
6610,88.9778,168,1,0.05000
6611,94.0889,76,1,0.05000
6612,88.3556,168,1,0.05000
6613,92.8778,89,1,0.05000
6614,92.2889,94,1,0.05000
6615,93.8000,86,1,0.05000
6616,92.6333,95,1,0.05000
6617,91.3000,103,1,0.05000
6618,93.0444,90,1,0.05000
6619,88.6222,168,1,0.05000
6620,91.4111,101,1,0.05000
6621,87.4000,174,1,0.05000
6622,89.2222,162,1,0.05000
6623,88.8333,173,1,0.05000
6624,89.3556,166,1,0.05000
6625,92.5778,92,1,0.05000
6626,89.4333,167,1,0.05000
6627,93.3333,88,1,0.05000
6628,88.3889,173,1,0.05000
6629,88.5000,171,1,0.05000
6630,89.3667,165,1,0.05000
6631,89.9333,162,1,0.05000
6632,90.2111,153,1,0.05000
6633,88.7333,166,1,0.05000
6634,89.1222,163,1,0.05000
6635,88.0000,176,1,0.05000
6636,88.8667,162,1,0.05000
6637,88.7556,172,1,0.05000
6638,92.4778,93,1,0.05000
6639,92.1444,91,1,0.05000
6640,92.9667,89,1,0.05000
6641,93.7889,87,1,0.05000
6642,93.5000,89,1,0.05000
6643,90.9667,109,1,0.05000
6644,89.7333,164,1,0.05000
6645,92.9556,90,1,0.05000
6646,89.2444,168,1,0.05000
6647,89.2444,168,1,0.05000
6648,88.4556,159,1,0.05000
6649,89.6778,169,1,0.05000
6650,93.1778,94,1,0.05000
6651,92.3556,96,1,0.05000
6652,89.2444,176,1,0.05000
6653,89.5111,160,1,0.05000
6654,90.2667,172,1,0.05000
6655,93.2778,93,1,0.05000
6656,89.7222,173,1,0.05000
6657,90.8444,160,1,0.05000
6658,89.4000,170,1,0.05000
6659,88.9111,174,1,0.05000
6660,89.1556,168,1,0.05000
6661,93.1556,96,1,0.05000
6662,92.0778,105,1,0.05000
6663,88.4667,182,1,0.05000
6664,88.9222,165,1,0.05000
6665,90.3111,160,1,0.05000
6666,91.2444,156,1,0.05000
6667,90.4000,160,1,0.05000
6668,90.4556,155,1,0.05000
6669,90.1000,163,1,0.05000
6670,89.6667,162,1,0.05000
6671,91.8222,104,1,0.05000
6672,88.7889,169,1,0.05000
6673,89.8444,162,1,0.05000
6674,88.8333,165,1,0.05000
6675,90.7667,151,1,0.05000
6676,90.2444,158,1,0.05000
6677,90.4111,159,1,0.05000
6678,90.9444,151,1,0.05000
6679,89.4000,162,1,0.05000
6680,86.6000,214,1,0.05000
6681,90.4778,153,1,0.05000
6682,90.3778,154,1,0.05000
6683,90.3444,157,1,0.05000
6684,90.5556,154,1,0.05000
6685,89.5667,155,1,0.05000
6686,89.9556,152,1,0.05000
6687,89.9778,150,1,0.05000
6688,88.9444,163,1,0.05000
6689,89.9111,148,1,0.05000
6690,89.6000,152,1,0.05000
6691,90.4000,152,1,0.05000
6692,90.3444,157,1,0.05000
6693,89.3556,158,1,0.05000
6694,88.6333,159,1,0.05000
6695,89.5778,154,1,0.05000
6696,90.3778,146,1,0.05000
6697,89.5556,148,1,0.05000
6698,89.5556,156,1,0.05000
6699,89.7333,148,1,0.05000
6700,89.3333,152,1,0.05000
6701,89.9556,152,1,0.05000
6702,90.5111,150,1,0.05000
6703,90.4222,150,1,0.05000
6704,91.3222,149,1,0.05000
6705,89.3778,148,1,0.05000
6706,89.6444,156,1,0.05000
6707,88.0667,218,1,0.05000
6708,90.1889,155,1,0.05000
6709,91.7444,111,1,0.05000
6710,90.2556,157,1,0.05000
6711,90.0333,153,1,0.05000
6712,90.5889,159,1,0.05000
6713,89.4222,168,1,0.05000
6714,91.0222,152,1,0.05000
6715,90.3778,154,1,0.05000
6716,91.5222,155,1,0.05000
6717,91.3444,155,1,0.05000
6718,91.6111,155,1,0.05000
6719,90.6889,166,1,0.05000
6720,90.1778,164,1,0.05000
6721,90.2000,162,1,0.05000
6722,90.2889,162,1,0.05000
6723,89.9556,168,1,0.05000
6724,90.5444,163,1,0.05000
6725,90.6667,160,1,0.05000
6726,89.9667,167,1,0.05000
6727,90.6889,166,1,0.05000
6728,89.5222,167,1,0.05000
6729,91.4111,157,1,0.05000
6730,89.6889,168,1,0.05000
6731,90.5222,157,1,0.05000
6732,91.3889,151,1,0.05000
6733,90.9667,157,1,0.05000
6734,91.4333,155,1,0.05000
6735,90.8778,165,1,0.05000
6736,90.3556,148,1,0.05000
6737,91.2333,149,1,0.05000
6738,90.6111,157,1,0.05000
6739,90.0111,147,1,0.05000
6740,90.6333,155,1,0.05000
6741,90.4222,150,1,0.05000
6742,90.4111,159,1,0.05000
6743,91.0333,159,1,0.05000
6744,90.3333,158,1,0.05000
6745,91.6667,158,1,0.05000
6746,90.3778,154,1,0.05000
6747,90.1556,158,1,0.05000
6748,90.8556,159,1,0.05000
6749,90.3667,155,1,0.05000
6750,90.8111,155,1,0.05000
6751,91.3444,147,1,0.05000
6752,91.1667,139,1,0.05000
6753,90.5222,149,1,0.05000
6754,86.5444,235,1,0.05000
6755,90.7667,151,1,0.05000
6756,90.8778,157,1,0.05000
6757,90.7556,152,1,0.05000
6758,91.1333,150,1,0.05000
6759,86.6889,206,1,0.05000
6760,88.4333,217,1,0.05000
6761,90.9667,141,1,0.05000
6762,90.4222,150,1,0.05000
6763,89.9444,161,1,0.05000
6764,91.0556,149,1,0.05000
6765,91.5111,132,1,0.05000
6766,90.5111,142,1,0.05000
6767,91.1667,147,1,0.05000
6768,90.4556,139,1,0.05000
6769,90.4000,144,1,0.05000
6770,90.9222,137,1,0.05000
6771,91.5111,140,1,0.05000
6772,87.5556,216,1,0.05000
6773,90.3667,139,1,0.05000
6774,91.3667,153,1,0.05000
6775,91.8444,134,1,0.05000
6776,91.3333,132,1,0.05000
6777,90.4111,143,1,0.05000
6778,91.6556,135,1,0.05000
6779,90.9333,144,1,0.05000
6780,91.1556,140,1,0.05000
6781,87.2000,224,1,0.05000
6782,90.6444,146,1,0.05000
6783,87.4000,214,1,0.05000
6784,86.6667,240,1,0.05000
6785,77.1333,426,1,0.05000
6786,90.8778,141,1,0.05000
6787,89.9333,154,1,0.05000
6788,90.7778,150,1,0.05000
6789,91.3444,147,1,0.05000
6790,90.2333,151,1,0.05000
6791,90.7111,148,1,0.05000
6792,90.0333,153,1,0.05000
6793,90.7000,149,1,0.05000
6794,91.2000,136,1,0.05000
6795,91.9667,139,1,0.05000
6796,90.3222,143,1,0.05000
6797,90.4444,148,1,0.05000
6798,89.9444,153,1,0.05000
6799,90.8667,166,1,0.05000
6800,94.6778,87,1,0.05000
6801,94.4111,87,1,0.05000
6802,94.6667,80,1,0.05000
6803,90.7444,161,1,0.05000
6804,90.4889,152,1,0.05000
6805,90.3556,164,1,0.05000
6806,90.0556,159,1,0.05000
6807,93.5778,74,1,0.05000
6808,91.8556,109,1,0.05000
6809,94.2111,81,1,0.05000
6810,89.9889,157,1,0.05000
6811,90.9778,164,1,0.05000
6812,90.4222,166,1,0.05000
6813,91.3778,160,1,0.05000
6814,90.1333,152,1,0.05000
6815,91.2222,150,1,0.05000
6816,91.6444,160,1,0.05000
6817,91.6000,156,1,0.05000
6818,90.8778,133,1,0.05000
6819,91.1778,154,1,0.05000
6820,92.2778,87,1,0.05000
6821,92.8778,97,1,0.05000
6822,90.5111,158,1,0.05000
6823,91.0667,156,1,0.05000
6824,91.2444,148,1,0.05000
6825,90.7778,150,1,0.05000
6826,91.0444,158,1,0.05000
6827,90.8667,158,1,0.05000
6828,90.8000,156,1,0.05000
6829,93.0556,97,1,0.05000
6830,90.6778,167,1,0.05000
6831,90.2556,165,1,0.05000
6832,90.7222,163,1,0.05000
6833,89.1000,173,1,0.05000
6834,89.9667,167,1,0.05000
6835,90.2778,155,1,0.05000
6836,90.6667,152,1,0.05000
6837,89.5889,145,1,0.05000
6838,91.0111,161,1,0.05000
6839,90.5889,159,1,0.05000
6840,90.7778,166,1,0.05000
6841,90.4556,203,1,0.05000
6842,87.6778,221,1,0.05000
6843,93.1000,141,1,0.05000
6844,92.6778,131,1,0.05000
6845,92.0000,136,1,0.05000
6846,88.9556,218,1,0.05000
6847,88.5667,261,1,0.05000
6848,92.3444,137,1,0.05000
6849,92.3222,139,1,0.05000
6850,81.0444,354,1,0.05000
6851,81.9667,303,1,0.05000
6852,89.7333,140,1,0.05000
6853,83.3333,260,1,0.05000
6854,82.2778,283,1,0.05000
6855,91.2111,127,1,0.05000
6856,91.1000,137,1,0.05000
6857,75.6667,374,1,0.05000
6858,94.1222,97,1,0.05000
6859,73.5556,460,1,0.05000
6860,90.5444,171,1,0.05000
6861,91.6667,134,1,0.05000
6862,88.3667,167,1,0.05000
6863,89.3889,155,1,0.05000
6864,91.4222,124,1,0.05000
6865,88.0111,191,1,0.05000
6866,91.1000,121,1,0.05000
6867,90.9556,118,1,0.05000
6868,90.8111,131,1,0.05000
6869,91.9889,121,1,0.05000
6870,93.2778,93,1,0.05000
6871,85.9444,185,1,0.05000
6872,91.2000,120,1,0.05000
6873,89.1111,148,1,0.05000
6874,90.7333,138,1,0.05000
6875,92.4667,126,1,0.05000
6876,93.4222,88,1,0.05000
6877,91.1889,145,1,0.05000
6878,94.4222,78,1,0.05000
6879,90.5444,139,1,0.05000
6880,87.1778,170,1,0.05000
6881,90.7000,149,1,0.05000
6882,94.5667,81,1,0.05000
6883,94.2222,80,1,0.05000
6884,93.9111,76,1,0.05000
6885,92.3556,104,1,0.05000
6886,92.8000,88,1,0.05000
6887,93.3778,84,1,0.05000
6888,91.5667,103,1,0.05000
6889,91.3111,102,1,0.05000
6890,91.6000,100,1,0.05000
6891,94.2222,80,1,0.05000
6892,92.8111,87,1,0.05000
6893,86.6667,168,1,0.05000
6894,92.6111,89,1,0.05000
6895,93.4444,86,1,0.05000
6896,93.2444,88,1,0.05000
6897,91.0333,111,1,0.05000
6898,69.4556,581,1,0.05000
6899,93.2111,83,1,0.05000
6900,93.0111,85,1,0.05000
6901,88.2111,253,1,0.05000
6902,93.4667,84,1,0.05000
6903,92.8444,92,1,0.05000
6904,92.7556,92,1,0.05000
6905,88.7111,160,1,0.05000
6906,92.4778,101,1,0.05000
6907,93.2667,86,1,0.05000
6908,93.2778,85,1,0.05000
6909,91.4778,119,1,0.05000
6910,93.3222,81,1,0.05000
6911,93.3000,83,1,0.05000
6912,92.9778,88,1,0.05000
6913,93.4000,82,1,0.05000
6914,93.0556,89,1,0.05000
6915,93.1111,84,1,0.05000
6916,93.3778,84,1,0.05000
6917,92.8778,97,1,0.05000
6918,93.4444,94,1,0.05000
6919,93.4000,90,1,0.05000
6920,93.6444,84,1,0.05000
6921,93.5889,81,1,0.05000
6922,93.4000,82,1,0.05000
6923,92.7667,83,1,0.05000
6924,93.3556,86,1,0.05000
6925,92.9111,86,1,0.05000
6926,93.1333,90,1,0.05000
6927,93.5444,85,1,0.05000
6928,92.8556,83,1,0.05000
6929,92.8778,81,1,0.05000
6930,93.3778,84,1,0.05000
6931,93.5444,85,1,0.05000
6932,93.0333,83,1,0.05000
6933,93.9667,79,1,0.05000
6934,92.7000,97,1,0.05000
6935,93.2222,90,1,0.05000
6936,93.3333,88,1,0.05000
6937,93.6333,85,1,0.05000
6938,93.2556,87,1,0.05000
6939,93.6333,77,1,0.05000
6940,93.0222,84,1,0.05000
6941,93.0667,88,1,0.05000
6942,93.0778,87,1,0.05000
6943,92.3556,88,1,0.05000
6944,92.8556,83,1,0.05000
6945,93.0333,91,1,0.05000
6946,92.1889,95,1,0.05000
6947,92.9667,89,1,0.05000
6948,92.2556,97,1,0.05000
6949,93.0778,79,1,0.05000
6950,92.5000,99,1,0.05000
6951,93.9222,75,1,0.05000
6952,93.6889,80,1,0.05000
6953,94.0778,77,1,0.05000
6954,94.0333,81,1,0.05000
6955,94.0222,74,1,0.05000
6956,93.9556,80,1,0.05000
6957,93.6111,79,1,0.05000
6958,93.6222,78,1,0.05000
6959,93.4778,75,1,0.05000
6960,93.4778,75,1,0.05000
6961,93.5889,89,1,0.05000
6962,93.8222,84,1,0.05000
6963,94.0556,79,1,0.05000
6964,94.0444,80,1,0.05000
6965,93.7778,80,1,0.05000
6966,93.6333,77,1,0.05000
6967,94.2444,78,1,0.05000
6968,92.8222,94,1,0.05000
6969,93.2333,89,1,0.05000
6970,93.5556,76,1,0.05000
6971,94.0111,75,1,0.05000
6972,93.8111,77,1,0.05000
6973,94.3333,78,1,0.05000
6974,94.3889,81,1,0.05000
6975,93.0889,94,1,0.05000
6976,94.6111,77,1,0.05000
6977,94.5667,81,1,0.05000
6978,94.4778,73,1,0.05000
6979,94.7111,76,1,0.05000
6980,94.5667,81,1,0.05000
6981,94.5556,74,1,0.05000
6982,94.2778,83,1,0.05000
6983,94.7778,78,1,0.05000
6984,94.8667,78,1,0.05000
6985,94.0889,84,1,0.05000
6986,94.0333,89,1,0.05000
6987,93.4889,90,1,0.05000
6988,94.1333,88,1,0.05000
6989,93.7778,88,1,0.05000
6990,94.3444,85,1,0.05000
6991,91.9889,97,1,0.05000
6992,94.6556,81,1,0.05000
6993,94.2556,77,1,0.05000
6994,94.8111,75,1,0.05000
6995,94.2778,83,1,0.05000
6996,93.2000,100,1,0.05000
6997,94.5444,75,1,0.05000
6998,94.4333,77,1,0.05000
6999,94.5444,75,1,0.05000
7000,94.4000,88,1,0.05000
7001,92.9222,93,1,0.05000
7002,93.2000,92,1,0.05000
7003,95.0222,80,1,0.05000
7004,94.5111,86,1,0.05000
7005,94.6778,79,1,0.05000
7006,94.6889,78,1,0.05000
7007,94.6889,78,1,0.05000
7008,94.8222,74,1,0.05000
7009,94.5667,89,1,0.05000
7010,94.6111,77,1,0.05000
7011,94.5222,85,1,0.05000
7012,94.9556,78,1,0.05000
7013,93.4667,92,1,0.05000
7014,94.7889,77,1,0.05000
7015,90.3556,116,1,0.05000
7016,94.3556,84,1,0.05000
7017,93.6000,88,1,0.05000
7018,94.3333,78,1,0.05000
7019,94.4778,81,1,0.05000
7020,93.9111,92,1,0.05000
7021,93.9778,86,1,0.05000
7022,93.0556,97,1,0.05000
7023,94.6667,80,1,0.05000
7024,94.6000,78,1,0.05000
7025,94.8778,77,1,0.05000
7026,94.1000,83,1,0.05000
7027,94.8889,76,1,0.05000
7028,93.7111,86,1,0.05000
7029,94.7667,79,1,0.05000
7030,93.7556,90,1,0.05000
7031,94.6667,80,1,0.05000
7032,94.4889,80,1,0.05000
7033,94.4444,84,1,0.05000
7034,93.6778,89,1,0.05000
7035,94.2889,82,1,0.05000
7036,93.4889,90,1,0.05000
7037,93.4556,93,1,0.05000
7038,92.3778,94,1,0.05000
7039,93.6778,89,1,0.05000
7040,94.8222,82,1,0.05000
7041,90.5889,159,1,0.05000
7042,94.1778,84,1,0.05000
7043,94.7778,78,1,0.05000
7044,94.9556,78,1,0.05000
7045,94.7111,76,1,0.05000
7046,94.8333,73,1,0.05000
7047,94.6333,75,1,0.05000
7048,93.9889,77,1,0.05000
7049,94.2000,82,1,0.05000
7050,94.1111,82,1,0.05000
7051,94.6444,82,1,0.05000
7052,94.2111,81,1,0.05000
7053,94.7111,76,1,0.05000
7054,94.3444,77,1,0.05000
7055,94.6111,77,1,0.05000
7056,94.3444,77,1,0.05000
7057,94.3889,81,1,0.05000
7058,92.6889,98,1,0.05000
7059,94.6333,75,1,0.05000
7060,94.3444,77,1,0.05000
7061,94.8222,74,1,0.05000
7062,94.2778,83,1,0.05000
7063,94.5778,80,1,0.05000
7064,95.0111,73,1,0.05000
7065,94.6444,82,1,0.05000
7066,94.5556,74,1,0.05000
7067,93.8667,80,1,0.05000
7068,94.7222,75,1,0.05000
7069,94.1111,82,1,0.05000
7070,92.1889,111,1,0.05000
7071,94.3444,77,1,0.05000
7072,94.0667,78,1,0.05000
7073,94.4000,80,1,0.05000
7074,93.7444,83,1,0.05000
7075,91.8000,114,1,0.05000
7076,94.7222,75,1,0.05000
7077,91.4889,110,1,0.05000
7078,94.3111,80,1,0.05000
7079,94.6000,78,1,0.05000
7080,95.0667,76,1,0.05000
7081,94.8111,75,1,0.05000
7082,94.6111,77,1,0.05000
7083,94.0000,76,1,0.05000
7084,94.2556,85,1,0.05000
7085,90.5111,126,1,0.05000
7086,94.5333,76,1,0.05000
7087,94.6444,82,1,0.05000
7088,94.8111,75,1,0.05000
7089,94.5222,85,1,0.05000
7090,94.4000,80,1,0.05000
7091,94.4889,80,1,0.05000
7092,95.0222,80,1,0.05000
7093,95.0111,73,1,0.05000
7094,93.8556,81,1,0.05000
7095,94.5000,79,1,0.05000
7096,93.9111,84,1,0.05000
7097,94.5111,78,1,0.05000
7098,94.5778,80,1,0.05000
7099,95.1444,77,1,0.05000
7100,91.1444,117,1,0.05000
7101,94.5889,79,1,0.05000
7102,95.1333,78,1,0.05000
7103,94.2000,82,1,0.05000
7104,94.5000,79,1,0.05000
7105,94.6111,77,1,0.05000
7106,94.8889,76,1,0.05000
7107,93.9444,81,1,0.05000
7108,94.8111,75,1,0.05000
7109,94.8000,76,1,0.05000
7110,94.8667,78,1,0.05000
7111,95.0444,78,1,0.05000
7112,94.6222,84,1,0.05000
7113,94.7222,75,1,0.05000
7114,94.7000,77,1,0.05000
7115,89.7667,169,1,0.05000
7116,94.8889,76,1,0.05000
7117,94.0333,81,1,0.05000
7118,94.5667,81,1,0.05000
7119,94.1333,88,1,0.05000
7120,94.5111,78,1,0.05000
7121,94.7111,76,1,0.05000
7122,94.6222,76,1,0.05000
7123,94.7667,79,1,0.05000
7124,94.4222,78,1,0.05000
7125,89.9333,130,1,0.05000
7126,89.8889,126,1,0.05000
7127,94.3889,81,1,0.05000
7128,94.5667,89,1,0.05000
7129,94.4222,78,1,0.05000
7130,94.4444,76,1,0.05000
7131,94.7667,79,1,0.05000
7132,94.2222,80,1,0.05000
7133,94.4222,78,1,0.05000
7134,94.3000,81,1,0.05000
7135,93.6444,84,1,0.05000
7136,94.2667,76,1,0.05000
7137,94.1222,81,1,0.05000
7138,94.3889,81,1,0.05000
7139,94.0667,86,1,0.05000
7140,93.7889,79,1,0.05000
7141,91.6667,110,1,0.05000
7142,94.3222,79,1,0.05000
7143,93.8111,77,1,0.05000
7144,94.2778,83,1,0.05000
7145,94.0889,76,1,0.05000
7146,87.4556,209,1,0.05000
7147,94.1000,83,1,0.05000
7148,92.0111,119,1,0.05000
7149,94.3222,79,1,0.05000
7150,92.2222,116,1,0.05000
7151,94.4222,78,1,0.05000
7152,94.0556,87,1,0.05000
7153,94.8333,81,1,0.05000
7154,94.8444,80,1,0.05000
7155,94.7667,79,1,0.05000
7156,93.6778,89,1,0.05000
7157,94.2778,83,1,0.05000
7158,93.0000,94,1,0.05000
7159,94.3778,82,1,0.05000
7160,94.8000,84,1,0.05000
7161,94.1333,80,1,0.05000
7162,93.6556,99,1,0.05000
7163,94.0000,76,1,0.05000
7164,93.3000,91,1,0.05000
7165,92.7889,97,1,0.05000
7166,94.7333,82,1,0.05000
7167,93.6222,86,1,0.05000
7168,95.0889,82,1,0.05000
7169,94.5222,77,1,0.05000
7170,93.4000,90,1,0.05000
7171,94.5333,84,1,0.05000
7172,94.0333,81,1,0.05000
7173,93.9778,78,1,0.05000
7174,94.3333,78,1,0.05000
7175,94.8889,76,1,0.05000
7176,94.2889,82,1,0.05000
7177,94.5000,79,1,0.05000
7178,94.5000,87,1,0.05000
7179,94.1000,91,1,0.05000
7180,94.5444,83,1,0.05000
7181,93.4111,89,1,0.05000
7182,94.3111,80,1,0.05000
7183,94.3111,88,1,0.05000
7184,94.1222,89,1,0.05000
7185,93.8889,94,1,0.05000
7186,94.2000,82,1,0.05000
7187,93.4222,88,1,0.05000
7188,94.2556,77,1,0.05000
7189,93.6444,92,1,0.05000
7190,93.3222,89,1,0.05000
7191,94.6667,80,1,0.05000
7192,94.3778,82,1,0.05000
7193,94.3333,86,1,0.05000
7194,93.4778,91,1,0.05000
7195,94.1222,89,1,0.05000
7196,94.4778,81,1,0.05000
7197,94.7778,78,1,0.05000
7198,94.7556,80,1,0.05000
7199,94.5111,78,1,0.05000
7200,94.7889,85,1,0.05000
7201,94.6667,80,1,0.05000
7202,94.0444,88,1,0.05000
7203,94.2111,89,1,0.05000
7204,93.3889,91,1,0.05000
7205,94.3222,87,1,0.05000
7206,93.7000,87,1,0.05000
7207,94.5889,87,1,0.05000
7208,93.3667,93,1,0.05000
7209,94.4000,88,1,0.05000
7210,94.5444,83,1,0.05000
7211,94.2111,89,1,0.05000
7212,93.1333,90,1,0.05000
7213,94.0333,89,1,0.05000
7214,93.7667,89,1,0.05000
7215,88.6667,172,1,0.05000
7216,93.6222,94,1,0.05000
7217,94.0000,84,1,0.05000
7218,93.2000,92,1,0.05000
7219,92.8778,89,1,0.05000
7220,92.4667,102,1,0.05000
7221,91.5444,113,1,0.05000
7222,92.7222,95,1,0.05000
7223,93.1222,91,1,0.05000
7224,94.5111,78,1,0.05000
7225,93.6667,82,1,0.05000
7226,92.3778,94,1,0.05000
7227,89.2222,162,1,0.05000
7228,91.5000,101,1,0.05000
7229,92.4333,97,1,0.05000
7230,93.2222,82,1,0.05000
7231,94.3000,81,1,0.05000
7232,94.3222,79,1,0.05000
7233,93.9889,85,1,0.05000
7234,93.3667,85,1,0.05000
7235,92.7000,89,1,0.05000
7236,93.7444,83,1,0.05000
7237,93.5778,90,1,0.05000
7238,92.8556,91,1,0.05000
7239,93.1444,89,1,0.05000
7240,93.1889,93,1,0.05000
7241,90.4889,168,1,0.05000
7242,93.8667,88,1,0.05000
7243,93.2778,93,1,0.05000
7244,93.8667,88,1,0.05000
7245,93.0667,88,1,0.05000
7246,92.6444,94,1,0.05000
7247,93.4333,87,1,0.05000
7248,93.7333,84,1,0.05000
7249,93.8556,89,1,0.05000
7250,92.9778,96,1,0.05000
7251,93.7111,86,1,0.05000
7252,93.7667,89,1,0.05000
7253,93.0667,96,1,0.05000
7254,94.1000,83,1,0.05000
7255,93.6444,92,1,0.05000
7256,93.6444,92,1,0.05000
7257,93.4889,90,1,0.05000
7258,94.4333,85,1,0.05000
7259,93.2889,92,1,0.05000
7260,94.2444,86,1,0.05000
7261,92.9111,94,1,0.05000
7262,93.6222,94,1,0.05000
7263,93.0667,88,1,0.05000
7264,93.8333,91,1,0.05000
7265,93.2556,87,1,0.05000
7266,93.6333,85,1,0.05000
7267,93.3556,94,1,0.05000
7268,93.6889,88,1,0.05000
7269,92.6000,90,1,0.05000
7270,90.2000,162,1,0.05000
7271,93.1778,94,1,0.05000
7272,93.3333,88,1,0.05000
7273,93.6444,92,1,0.05000
7274,92.5222,97,1,0.05000
7275,92.8333,101,1,0.05000
7276,89.0222,164,1,0.05000
7277,93.1000,93,1,0.05000
7278,88.9111,182,1,0.05000
7279,93.1222,83,1,0.05000
7280,93.1222,91,1,0.05000
7281,93.0222,92,1,0.05000
7282,92.5778,92,1,0.05000
7283,93.3889,91,1,0.05000
7284,92.3667,87,1,0.05000
7285,86.7333,194,1,0.05000
7286,92.5556,86,1,0.05000
7287,87.6778,189,1,0.05000
7288,93.1333,90,1,0.05000
7289,92.9222,93,1,0.05000
7290,82.9889,275,1,0.05000
7291,89.2000,164,1,0.05000
7292,88.1778,160,1,0.05000
7293,92.9111,86,1,0.05000
7294,92.6000,90,1,0.05000
7295,92.7111,88,1,0.05000
7296,92.5111,90,1,0.05000
7297,89.0000,166,1,0.05000
7298,88.8222,158,1,0.05000
7299,88.5444,175,1,0.05000
7300,92.7444,93,1,0.05000
7301,93.6444,84,1,0.05000
7302,92.8333,85,1,0.05000
7303,93.5667,83,1,0.05000
7304,92.5000,91,1,0.05000
7305,92.4222,82,1,0.05000
7306,92.3778,86,1,0.05000
7307,92.6333,87,1,0.05000
7308,92.5889,83,1,0.05000
7309,93.2778,85,1,0.05000
7310,93.0889,86,1,0.05000
7311,92.7111,88,1,0.05000
7312,91.9667,99,1,0.05000
7313,88.1667,169,1,0.05000
7314,91.6222,106,1,0.05000
7315,91.8000,90,1,0.05000
7316,88.5000,171,1,0.05000
7317,92.1778,88,1,0.05000
7318,92.1667,89,1,0.05000
7319,92.2889,94,1,0.05000
7320,91.0778,99,1,0.05000
7321,89.1889,173,1,0.05000
7322,91.4667,112,1,0.05000
7323,92.7000,89,1,0.05000
7324,92.9000,87,1,0.05000
7325,92.5000,91,1,0.05000
7326,93.3667,85,1,0.05000
7327,92.4778,85,1,0.05000
7328,91.9556,84,1,0.05000
7329,92.6111,89,1,0.05000
7330,92.3778,86,1,0.05000
7331,92.2889,86,1,0.05000
7332,92.4333,89,1,0.05000
7333,91.9444,93,1,0.05000
7334,91.8556,85,1,0.05000
7335,92.6222,88,1,0.05000
7336,91.9778,98,1,0.05000
7337,91.3333,92,1,0.05000
7338,89.1444,153,1,0.05000
7339,92.3000,93,1,0.05000
7340,90.2000,154,1,0.05000
7341,88.0444,172,1,0.05000
7342,89.8000,166,1,0.05000
7343,90.5000,159,1,0.05000
7344,90.1333,160,1,0.05000
7345,89.5000,169,1,0.05000
7346,92.8111,95,1,0.05000
7347,90.0778,165,1,0.05000
7348,90.2778,155,1,0.05000
7349,90.4000,168,1,0.05000
7350,92.4000,84,1,0.05000
7351,92.8667,90,1,0.05000
7352,92.5667,93,1,0.05000
7353,92.1222,93,1,0.05000
7354,88.3333,170,1,0.05000
7355,89.5889,161,1,0.05000
7356,92.0333,93,1,0.05000
7357,91.6222,98,1,0.05000
7358,88.2111,165,1,0.05000
7359,90.3889,161,1,0.05000
7360,88.8667,170,1,0.05000
7361,89.5556,156,1,0.05000
7362,90.9556,150,1,0.05000
7363,90.2778,155,1,0.05000
7364,90.3111,144,1,0.05000
7365,89.7667,161,1,0.05000
7366,88.7556,172,1,0.05000
7367,89.5111,160,1,0.05000
7368,89.8556,161,1,0.05000
7369,89.5778,162,1,0.05000
7370,90.1111,154,1,0.05000
7371,89.5556,156,1,0.05000
7372,90.0333,161,1,0.05000
7373,89.8333,163,1,0.05000
7374,89.5111,152,1,0.05000
7375,88.3222,171,1,0.05000
7376,88.5778,164,1,0.05000
7377,89.9444,161,1,0.05000
7378,90.8222,146,1,0.05000
7379,90.7000,157,1,0.05000
7380,90.4556,147,1,0.05000
7381,90.2667,148,1,0.05000
7382,90.4000,144,1,0.05000
7383,90.7111,156,1,0.05000
7384,90.6444,154,1,0.05000
7385,90.5111,150,1,0.05000
7386,89.5000,161,1,0.05000
7387,90.5222,157,1,0.05000
7388,90.4667,162,1,0.05000
7389,89.7778,152,1,0.05000
7390,89.9222,163,1,0.05000
7391,88.8889,168,1,0.05000
7392,89.9333,162,1,0.05000
7393,90.2111,153,1,0.05000
7394,89.7111,158,1,0.05000
7395,89.7333,148,1,0.05000
7396,90.6222,148,1,0.05000
7397,89.9667,159,1,0.05000
7398,90.1556,158,1,0.05000
7399,90.7556,152,1,0.05000
7400,88.9556,162,1,0.05000
7401,90.6333,139,1,0.05000
7402,89.9222,155,1,0.05000
7403,90.2111,161,1,0.05000
7404,90.7000,149,1,0.05000
7405,91.2556,139,1,0.05000
7406,89.6667,154,1,0.05000
7407,91.5667,135,1,0.05000
7408,90.1889,155,1,0.05000
7409,89.2333,161,1,0.05000
7410,89.3444,167,1,0.05000
7411,90.2556,157,1,0.05000
7412,90.4111,159,1,0.05000
7413,90.3111,152,1,0.05000
7414,90.0111,155,1,0.05000
7415,89.2333,153,1,0.05000
7416,89.9000,141,1,0.05000
7417,90.7333,138,1,0.05000
7418,90.2000,154,1,0.05000
7419,91.2444,140,1,0.05000
7420,90.5778,152,1,0.05000
7421,90.2667,140,1,0.05000
7422,89.9444,153,1,0.05000
7423,91.5222,139,1,0.05000
7424,90.8222,146,1,0.05000
7425,90.6556,145,1,0.05000
7426,92.1778,136,1,0.05000
7427,90.4111,143,1,0.05000
7428,91.0889,138,1,0.05000
7429,86.5889,223,1,0.05000
7430,90.1111,146,1,0.05000
7431,91.0222,144,1,0.05000
7432,88.4444,192,1,0.05000
7433,92.3556,128,1,0.05000
7434,91.0889,138,1,0.05000
7435,91.6444,144,1,0.05000
7436,92.1000,143,1,0.05000
7437,90.6000,142,1,0.05000
7438,91.6889,140,1,0.05000
7439,90.4222,150,1,0.05000
7440,86.3111,240,1,0.05000
7441,90.0889,140,1,0.05000
7442,91.1667,155,1,0.05000
7443,90.3222,159,1,0.05000
7444,91.4111,141,1,0.05000
7445,90.7222,147,1,0.05000
7446,90.5667,137,1,0.05000
7447,90.2222,152,1,0.05000
7448,90.7111,148,1,0.05000
7449,89.9556,144,1,0.05000
7450,89.9889,141,1,0.05000
7451,91.6667,142,1,0.05000
7452,92.1333,140,1,0.05000
7453,90.2889,146,1,0.05000
7454,90.6333,139,1,0.05000
7455,90.5667,145,1,0.05000
7456,89.5778,146,1,0.05000
7457,87.4778,199,1,0.05000
7458,91.1667,147,1,0.05000
7459,92.4111,147,1,0.05000
7460,90.7444,137,1,0.05000
7461,91.7333,144,1,0.05000
7462,92.1667,137,1,0.05000
7463,91.0667,148,1,0.05000
7464,87.9444,213,1,0.05000
7465,90.8444,144,1,0.05000
7466,90.0000,164,1,0.05000
7467,89.0222,156,1,0.05000
7468,91.3667,145,1,0.05000
7469,89.8333,155,1,0.05000
7470,88.0111,199,1,0.05000
7471,89.6111,159,1,0.05000
7472,88.1222,173,1,0.05000
7473,87.5444,217,1,0.05000
7474,90.9889,139,1,0.05000
7475,89.3444,167,1,0.05000
7476,91.3444,139,1,0.05000
7477,89.3333,168,1,0.05000
7478,91.9889,129,1,0.05000
7479,89.9000,165,1,0.05000
7480,88.5000,171,1,0.05000
7481,90.1889,163,1,0.05000
7482,89.7333,164,1,0.05000
7483,90.2222,160,1,0.05000
7484,89.2667,166,1,0.05000
7485,89.7000,167,1,0.05000
7486,90.5222,149,1,0.05000
7487,90.4222,158,1,0.05000
7488,90.8444,160,1,0.05000
7489,88.9889,159,1,0.05000
7490,89.6556,155,1,0.05000
7491,90.1667,149,1,0.05000
7492,90.2000,162,1,0.05000
7493,89.8667,152,1,0.05000
7494,90.1444,143,1,0.05000
7495,90.7667,151,1,0.05000
7496,90.9222,145,1,0.05000
7497,90.3333,150,1,0.05000
7498,89.9333,154,1,0.05000
7499,89.0778,159,1,0.05000
7500,91.5444,145,1,0.05000
7501,89.6778,137,1,0.05000
7502,72.9889,503,1,0.05000
7503,91.9444,133,1,0.05000
7504,91.7778,140,1,0.05000
7505,92.3333,138,1,0.05000
7506,91.2222,142,1,0.05000
7507,91.2111,151,1,0.05000
7508,92.2333,147,1,0.05000
7509,91.4444,138,1,0.05000
7510,91.8889,130,1,0.05000
7511,91.3556,146,1,0.05000
7512,89.3667,157,1,0.05000
7513,92.1222,133,1,0.05000
7514,87.9667,227,1,0.05000
7515,87.8889,210,1,0.05000
7516,85.8667,232,1,0.05000
7517,94.8889,76,1,0.05000
7518,86.9444,223,1,0.05000
7519,92.0333,133,1,0.05000
7520,92.1556,130,1,0.05000
7521,90.3889,145,1,0.05000
7522,87.1333,222,1,0.05000
7523,88.0000,208,1,0.05000
7524,89.8889,182,1,0.05000
7525,90.6556,153,1,0.05000
7526,92.6889,130,1,0.05000
7527,93.0222,124,1,0.05000
7528,86.9333,192,1,0.05000
7529,94.1444,79,1,0.05000
7530,91.1222,143,1,0.05000
7531,91.1000,137,1,0.05000
7532,91.8556,141,1,0.05000
7533,92.6444,150,1,0.05000
7534,88.1222,197,1,0.05000
7535,85.2000,252,1,0.05000
7536,85.5222,231,1,0.05000
7537,85.8889,238,1,0.05000
7538,87.4000,222,1,0.05000
7539,89.3667,165,1,0.05000
7540,85.7667,201,1,0.05000
7541,88.3444,177,1,0.05000
7542,89.0556,161,1,0.05000
7543,89.6333,157,1,0.05000
7544,89.7222,165,1,0.05000
7545,89.6000,168,1,0.05000
7546,89.3222,169,1,0.05000
7547,89.4111,169,1,0.05000
7548,86.4556,227,1,0.05000
7549,92.1111,102,1,0.05000
7550,88.0333,173,1,0.05000
7551,89.7111,166,1,0.05000
7552,89.3556,174,1,0.05000
7553,91.4667,104,1,0.05000
7554,89.6667,170,1,0.05000
7555,88.8222,174,1,0.05000
7556,86.8111,227,1,0.05000
7557,89.0889,166,1,0.05000
7558,88.7889,169,1,0.05000
7559,89.6444,172,1,0.05000
7560,89.4667,156,1,0.05000
7561,88.7778,154,1,0.05000
7562,89.2889,164,1,0.05000
7563,85.7444,227,1,0.05000
7564,89.9444,161,1,0.05000
7565,90.0000,164,1,0.05000
7566,91.1556,140,1,0.05000
7567,94.0889,84,1,0.05000
7568,93.1889,93,1,0.05000
7569,92.6222,96,1,0.05000
7570,92.6444,94,1,0.05000
7571,93.9889,85,1,0.05000
7572,93.3889,83,1,0.05000
7573,88.8667,170,1,0.05000
7574,92.3556,136,1,0.05000
7575,91.9111,144,1,0.05000
7576,93.9556,80,1,0.05000
7577,91.8222,136,1,0.05000
7578,88.7000,185,1,0.05000
7579,90.8889,156,1,0.05000
7580,94.2222,80,1,0.05000
7581,92.1889,127,1,0.05000
7582,94.5000,79,1,0.05000
7583,93.7556,82,1,0.05000
7584,91.5222,107,1,0.05000
7585,87.4000,214,1,0.05000
7586,93.0556,97,1,0.05000
7587,88.8333,173,1,0.05000
7588,92.8778,105,1,0.05000
7589,93.8444,82,1,0.05000
7590,93.8333,83,1,0.05000
7591,94.5222,85,1,0.05000
7592,94.0556,87,1,0.05000
7593,88.0889,184,1,0.05000
7594,82.7000,309,1,0.05000
7595,87.3667,201,1,0.05000
7596,86.3444,213,1,0.05000
7597,86.7778,206,1,0.05000
7598,88.8556,179,1,0.05000
7599,90.3778,170,1,0.05000
7600,92.8889,104,1,0.05000
7601,91.5222,123,1,0.05000
7602,89.8889,142,1,0.05000
7603,93.4667,100,1,0.05000
7604,89.5556,148,1,0.05000
7605,89.5889,145,1,0.05000
7606,87.6000,172,1,0.05000
7607,89.4889,154,1,0.05000
7608,89.6667,154,1,0.05000
7609,92.2000,118,1,0.05000
7610,90.3222,143,1,0.05000
7611,93.5111,96,1,0.05000
7612,91.5667,135,1,0.05000
7613,91.6778,141,1,0.05000
7614,88.8222,174,1,0.05000
7615,94.5333,92,1,0.05000
7616,89.7333,180,1,0.05000
7617,90.1778,156,1,0.05000
7618,91.6444,152,1,0.05000
7619,90.1111,170,1,0.05000
7620,89.6111,159,1,0.05000
7621,89.4556,157,1,0.05000
7622,93.3667,93,1,0.05000
7623,92.6889,98,1,0.05000
7624,91.7556,110,1,0.05000
7625,90.4333,157,1,0.05000
7626,91.5889,141,1,0.05000
7627,92.9333,108,1,0.05000
7628,91.0444,126,1,0.05000
7629,91.8000,114,1,0.05000
7630,93.8111,101,1,0.05000
7631,90.5778,160,1,0.05000
7632,91.3222,125,1,0.05000
7633,90.9778,156,1,0.05000
7634,93.4000,106,1,0.05000
7635,94.3222,87,1,0.05000
7636,94.3444,85,1,0.05000
7637,89.4889,170,1,0.05000
7638,93.3889,91,1,0.05000
7639,90.7889,141,1,0.05000
7640,93.2444,96,1,0.05000
7641,90.5333,156,1,0.05000
7642,93.5667,91,1,0.05000
7643,91.2778,129,1,0.05000
7644,92.2778,103,1,0.05000
7645,91.1556,140,1,0.05000
7646,90.8889,148,1,0.05000
7647,93.2556,95,1,0.05000
7648,93.0111,93,1,0.05000
7649,92.4222,90,1,0.05000
7650,93.0667,88,1,0.05000
7651,90.3556,140,1,0.05000
7652,92.1778,104,1,0.05000
7653,94.2778,83,1,0.05000
7654,93.2889,100,1,0.05000
7655,91.3889,151,1,0.05000
7656,92.6000,106,1,0.05000
7657,93.9667,95,1,0.05000
7658,92.2444,106,1,0.05000
7659,92.1889,103,1,0.05000
7660,94.4889,80,1,0.05000
7661,90.3556,116,1,0.05000
7662,94.5444,83,1,0.05000
7663,93.4333,79,1,0.05000
7664,93.7333,76,1,0.05000
7665,91.8000,130,1,0.05000
7666,91.9889,121,1,0.05000
7667,92.9111,94,1,0.05000
7668,90.8444,112,1,0.05000
7669,91.0778,131,1,0.05000
7670,94.2889,74,1,0.05000
7671,93.8889,78,1,0.05000
7672,82.8778,253,1,0.05000
7673,90.5889,143,1,0.05000
7674,89.8111,141,1,0.05000
7675,92.0778,97,1,0.05000
7676,90.7444,145,1,0.05000
7677,91.0333,143,1,0.05000
7678,91.3667,121,1,0.05000
7679,90.8556,143,1,0.05000
7680,92.1556,130,1,0.05000
7681,92.2444,114,1,0.05000
7682,93.9111,76,1,0.05000
7683,93.5667,83,1,0.05000
7684,91.4000,166,1,0.05000
7685,93.8667,80,1,0.05000
7686,93.6333,77,1,0.05000
7687,94.5556,82,1,0.05000
7688,94.6667,80,1,0.05000
7689,92.2778,127,1,0.05000
7690,91.8778,131,1,0.05000
7691,91.3000,119,1,0.05000
7692,92.2111,101,1,0.05000
7693,93.9667,79,1,0.05000
7694,92.2556,97,1,0.05000
7695,94.6556,81,1,0.05000
7696,88.5889,171,1,0.05000
7697,94.6667,80,1,0.05000
7698,94.0556,79,1,0.05000
7699,93.6889,80,1,0.05000
7700,93.9889,85,1,0.05000
7701,93.6333,85,1,0.05000
7702,94.6333,83,1,0.05000
7703,94.3667,83,1,0.05000
7704,91.4556,137,1,0.05000
7705,94.1667,77,1,0.05000
7706,94.0889,84,1,0.05000
7707,93.9556,80,1,0.05000
7708,94.3444,85,1,0.05000
7709,94.1556,78,1,0.05000
7710,93.9000,77,1,0.05000
7711,94.3333,78,1,0.05000
7712,94.3556,92,1,0.05000
7713,94.0778,77,1,0.05000
7714,94.4444,84,1,0.05000
7715,94.0000,84,1,0.05000
7716,94.5778,80,1,0.05000
7717,91.2778,121,1,0.05000
7718,94.4889,80,1,0.05000
7719,90.9889,123,1,0.05000
7720,94.1444,79,1,0.05000
7721,91.5556,120,1,0.05000
7722,93.5000,89,1,0.05000
7723,93.4889,74,1,0.05000
7724,90.4000,128,1,0.05000
7725,93.7444,83,1,0.05000
7726,93.1778,94,1,0.05000
7727,88.3667,167,1,0.05000
7728,94.0333,81,1,0.05000
7729,93.7556,82,1,0.05000
7730,93.4333,79,1,0.05000
7731,93.6889,72,1,0.05000
7732,93.1556,88,1,0.05000
7733,89.2444,160,1,0.05000
7734,94.5667,81,1,0.05000
7735,90.8667,126,1,0.05000
7736,93.0889,86,1,0.05000
7737,91.4111,125,1,0.05000
7738,91.5333,130,1,0.05000
7739,51.9556,716,1,0.05000
7740,93.6667,74,1,0.05000
7741,92.4556,103,1,0.05000
7742,92.4111,99,1,0.05000
7743,92.8667,98,1,0.05000
7744,92.8667,98,1,0.05000
7745,92.4222,98,1,0.05000
7746,87.5889,205,1,0.05000
7747,92.3556,112,1,0.05000
7748,94.0444,80,1,0.05000
7749,92.6333,111,1,0.05000
7750,94.0000,84,1,0.05000
7751,94.1556,86,1,0.05000
7752,94.1444,87,1,0.05000
7753,94.2889,82,1,0.05000
7754,92.9889,111,1,0.05000
7755,94.4222,86,1,0.05000
7756,94.6222,84,1,0.05000
7757,92.8111,111,1,0.05000
7758,94.6444,82,1,0.05000
7759,93.8667,88,1,0.05000
7760,93.8222,84,1,0.05000
7761,94.1778,84,1,0.05000
7762,94.3778,82,1,0.05000
7763,94.2111,81,1,0.05000
7764,93.3667,93,1,0.05000
7765,93.3889,91,1,0.05000
7766,93.6333,85,1,0.05000
7767,93.9667,87,1,0.05000
7768,93.5000,89,1,0.05000
7769,92.4000,196,1,0.05000
7770,92.6333,119,1,0.05000
7771,88.6000,218,1,0.05000
7772,92.5222,113,1,0.05000
7773,93.1333,90,1,0.05000
7774,92.5222,113,1,0.05000
7775,93.7111,86,1,0.05000
7776,89.5444,157,1,0.05000
7777,87.6000,212,1,0.05000
7778,92.1111,118,1,0.05000
7779,92.5333,88,1,0.05000
7780,93.7444,83,1,0.05000
7781,93.1111,84,1,0.05000
7782,93.7222,85,1,0.05000
7783,93.2222,82,1,0.05000
7784,92.9333,84,1,0.05000
7785,92.5556,110,1,0.05000
7786,92.9111,86,1,0.05000
7787,93.1000,85,1,0.05000
7788,93.0333,83,1,0.05000
7789,91.8889,114,1,0.05000
7790,92.2111,109,1,0.05000
7791,91.9889,97,1,0.05000
7792,92.6667,92,1,0.05000
7793,93.3444,87,1,0.05000
7794,92.5444,111,1,0.05000
7795,93.4444,86,1,0.05000
7796,93.1000,85,1,0.05000
7797,92.3778,86,1,0.05000
7798,92.6556,85,1,0.05000
7799,93.2111,83,1,0.05000
7800,93.3111,90,1,0.05000
7801,92.4222,90,1,0.05000
7802,91.2000,104,1,0.05000
7803,92.1778,104,1,0.05000
7804,93.1222,83,1,0.05000
7805,93.9889,85,1,0.05000
7806,93.3000,107,1,0.05000
7807,93.3000,83,1,0.05000
7808,92.4444,112,1,0.05000
7809,92.7667,91,1,0.05000
7810,90.8778,133,1,0.05000
7811,92.9444,91,1,0.05000
7812,92.2778,95,1,0.05000
7813,92.2444,114,1,0.05000
7814,92.5000,115,1,0.05000
7815,93.1333,98,1,0.05000
7816,93.1111,92,1,0.05000
7817,92.8667,90,1,0.05000
7818,92.8111,95,1,0.05000
7819,92.8222,102,1,0.05000
7820,93.2444,96,1,0.05000
7821,92.1222,117,1,0.05000
7822,91.9556,116,1,0.05000
7823,92.9889,87,1,0.05000
7824,92.8222,94,1,0.05000
7825,92.3778,94,1,0.05000
7826,80.3778,310,1,0.05000
7827,88.4889,180,1,0.05000
7828,82.1444,199,1,0.05000
7829,92.9111,94,1,0.05000
7830,92.4556,87,1,0.05000
7831,92.5667,93,1,0.05000
7832,91.8556,117,1,0.05000
7833,92.9111,94,1,0.05000
7834,92.4333,89,1,0.05000
7835,93.6889,88,1,0.05000
7836,93.4111,105,1,0.05000
7837,93.9000,85,1,0.05000
7838,94.0000,84,1,0.05000
7839,93.2111,107,1,0.05000
7840,93.5667,99,1,0.05000
7841,93.3444,103,1,0.05000
7842,93.4889,98,1,0.05000
7843,94.1000,75,1,0.05000
7844,94.1444,79,1,0.05000
7845,93.3000,83,1,0.05000
7846,93.4111,105,1,0.05000
7847,94.1778,76,1,0.05000
7848,92.3889,109,1,0.05000
7849,93.0667,88,1,0.05000
7850,94.2556,77,1,0.05000
7851,88.8556,171,1,0.05000
7852,92.4333,121,1,0.05000
7853,91.9444,93,1,0.05000
7854,92.7333,102,1,0.05000
7855,92.4778,117,1,0.05000
7856,94.1444,79,1,0.05000
7857,93.6778,81,1,0.05000
7858,92.2778,103,1,0.05000
7859,93.6556,83,1,0.05000
7860,92.5667,101,1,0.05000
7861,92.4333,97,1,0.05000
7862,89.1222,147,1,0.05000
7863,91.2667,114,1,0.05000
7864,92.7333,94,1,0.05000
7865,92.5333,96,1,0.05000
7866,91.7222,113,1,0.05000
7867,92.0444,116,1,0.05000
7868,94.1000,75,1,0.05000
7869,86.1000,195,1,0.05000
7870,93.3000,91,1,0.05000
7871,91.8667,116,1,0.05000
7872,91.6333,113,1,0.05000
7873,92.2444,106,1,0.05000
7874,91.3667,121,1,0.05000
7875,91.0111,145,1,0.05000
7876,91.1556,116,1,0.05000
7877,91.5667,111,1,0.05000
7878,91.9667,91,1,0.05000
7879,93.1444,81,1,0.05000
7880,89.6889,152,1,0.05000
7881,88.9333,156,1,0.05000
7882,90.9556,118,1,0.05000
7883,89.5556,172,1,0.05000
7884,87.4444,170,1,0.05000
7885,87.3667,153,1,0.05000
7886,87.9111,168,1,0.05000
7887,86.8667,174,1,0.05000
7888,92.6667,84,1,0.05000
7889,86.6889,190,1,0.05000
7890,90.7778,118,1,0.05000
7891,88.9111,142,1,0.05000
7892,92.5333,88,1,0.05000
7893,91.6444,88,1,0.05000
7894,88.8333,165,1,0.05000
7895,90.8111,99,1,0.05000
7896,88.2667,160,1,0.05000
7897,92.0889,88,1,0.05000
7898,87.0000,178,1,0.05000
7899,86.8667,182,1,0.05000
7900,86.9111,186,1,0.05000
7901,92.2222,92,1,0.05000
7902,91.2667,114,1,0.05000
7903,88.8667,162,1,0.05000
7904,92.3111,92,1,0.05000
7905,88.3556,176,1,0.05000
7906,77.9889,333,1,0.05000
7907,88.0333,173,1,0.05000
7908,89.3889,147,1,0.05000
7909,89.9222,147,1,0.05000
7910,89.5889,153,1,0.05000
7911,89.7333,156,1,0.05000
7912,88.4889,156,1,0.05000
7913,88.9889,151,1,0.05000
7914,91.0333,119,1,0.05000
7915,92.1222,93,1,0.05000
7916,87.2556,171,1,0.05000
7917,89.6333,149,1,0.05000
7918,88.3889,173,1,0.05000
7919,88.5444,159,1,0.05000
7920,88.1222,173,1,0.05000
7921,81.3778,244,1,0.05000
7922,88.9778,152,1,0.05000
7923,89.4222,144,1,0.05000
7924,89.9889,149,1,0.05000
7925,88.6556,173,1,0.05000
7926,90.0111,147,1,0.05000
7927,89.1000,149,1,0.05000
7928,88.2333,171,1,0.05000
7929,88.5333,176,1,0.05000
7930,89.4000,146,1,0.05000
7931,89.7333,148,1,0.05000
7932,84.0000,248,1,0.05000
7933,89.4556,149,1,0.05000
7934,89.6556,147,1,0.05000
7935,88.4778,149,1,0.05000
7936,85.9667,207,1,0.05000
7937,88.1000,175,1,0.05000
7938,85.1111,220,1,0.05000
7939,85.9556,200,1,0.05000
7940,89.8222,148,1,0.05000
7941,87.5556,192,1,0.05000
7942,88.8222,174,1,0.05000
7943,93.7444,83,1,0.05000
7944,91.2778,121,1,0.05000
7945,91.9222,103,1,0.05000
7946,93.5444,85,1,0.05000
7947,93.3667,85,1,0.05000
7948,92.1111,118,1,0.05000
7949,92.6222,96,1,0.05000
7950,91.5556,120,1,0.05000
7951,91.8000,122,1,0.05000
7952,92.3000,101,1,0.05000
7953,91.7444,119,1,0.05000
7954,91.6667,102,1,0.05000
7955,89.9556,136,1,0.05000
7956,91.9778,122,1,0.05000
7957,89.9444,137,1,0.05000
7958,91.0000,122,1,0.05000
7959,92.2889,110,1,0.05000
7960,92.7222,103,1,0.05000
7961,86.0778,213,1,0.05000
7962,87.5889,173,1,0.05000
7963,88.5111,170,1,0.05000
7964,87.9111,192,1,0.05000
7965,91.8889,122,1,0.05000
7966,90.4333,117,1,0.05000
7967,91.1667,123,1,0.05000
7968,91.6000,116,1,0.05000
7969,89.0222,172,1,0.05000
7970,87.1222,191,1,0.05000
7971,87.0667,204,1,0.05000
7972,91.8889,98,1,0.05000
7973,91.3333,124,1,0.05000
7974,88.4889,172,1,0.05000
7975,90.0444,136,1,0.05000
7976,90.4778,121,1,0.05000
7977,92.0000,112,1,0.05000
7978,91.7000,99,1,0.05000
7979,90.9556,126,1,0.05000
7980,91.1333,102,1,0.05000
7981,91.8556,117,1,0.05000
7982,91.7000,99,1,0.05000
7983,91.3222,117,1,0.05000
7984,91.8667,100,1,0.05000
7985,88.6111,169,1,0.05000
7986,92.1222,117,1,0.05000
7987,91.9000,97,1,0.05000
7988,91.0889,106,1,0.05000
7989,88.1000,191,1,0.05000
7990,91.6222,98,1,0.05000
7991,91.2778,113,1,0.05000
7992,91.1556,116,1,0.05000
7993,91.9778,98,1,0.05000
7994,90.8333,105,1,0.05000
7995,91.1222,119,1,0.05000
7996,92.1778,88,1,0.05000
7997,92.1222,93,1,0.05000
7998,87.9889,177,1,0.05000
7999,92.0444,92,1,0.05000
8000,90.9889,107,1,0.05000
8001,83.2556,219,1,0.05000
8002,88.4444,168,1,0.05000
8003,91.5222,99,1,0.05000
8004,91.5444,97,1,0.05000
8005,89.1444,161,1,0.05000
8006,88.1111,182,1,0.05000
8007,88.8556,155,1,0.05000
8008,88.2444,178,1,0.05000
8009,86.2333,215,1,0.05000
8010,89.2889,164,1,0.05000
8011,80.2333,299,1,0.05000
8012,87.9444,173,1,0.05000
8013,89.0556,177,1,0.05000
8014,88.8222,174,1,0.05000
8015,89.4000,170,1,0.05000
8016,88.4889,180,1,0.05000
8017,87.5222,187,1,0.05000
8018,89.2222,146,1,0.05000
8019,88.4333,185,1,0.05000
8020,91.5000,117,1,0.05000
8021,80.0889,288,1,0.05000
8022,88.7000,177,1,0.05000
8023,86.5111,190,1,0.05000
8024,82.4889,272,1,0.05000
8025,85.8333,195,1,0.05000
8026,88.0889,176,1,0.05000
8027,82.6889,270,1,0.05000
8028,87.7444,191,1,0.05000
8029,87.3556,186,1,0.05000
8030,88.7000,185,1,0.05000
8031,88.4111,187,1,0.05000
8032,87.3667,185,1,0.05000
8033,87.8222,184,1,0.05000
8034,87.8111,177,1,0.05000
8035,77.1667,359,1,0.05000
8036,89.8778,151,1,0.05000
8037,76.3333,354,1,0.05000
8038,85.6444,236,1,0.05000
8039,88.5333,168,1,0.05000
8040,90.1667,157,1,0.05000
8041,89.9000,157,1,0.05000
8042,90.2667,156,1,0.05000
8043,89.1667,167,1,0.05000
8044,90.3667,155,1,0.05000
8045,90.5444,155,1,0.05000
8046,90.6667,144,1,0.05000
8047,90.1111,154,1,0.05000
8048,89.8778,167,1,0.05000
8049,90.9000,163,1,0.05000
8050,91.0667,156,1,0.05000
8051,90.8000,148,1,0.05000
8052,90.9444,151,1,0.05000
8053,90.4333,149,1,0.05000
8054,90.9333,152,1,0.05000
8055,89.6444,164,1,0.05000
8056,90.3444,157,1,0.05000
8057,89.8889,158,1,0.05000
8058,90.3444,157,1,0.05000
8059,89.0222,164,1,0.05000
8060,88.8778,169,1,0.05000
8061,91.4889,150,1,0.05000
8062,88.4333,169,1,0.05000
8063,89.7667,145,1,0.05000
8064,90.2778,147,1,0.05000
8065,89.4111,161,1,0.05000
8066,90.5111,158,1,0.05000
8067,89.7222,157,1,0.05000
8068,86.1889,219,1,0.05000
8069,89.8222,148,1,0.05000
8070,86.6778,207,1,0.05000
8071,86.5000,215,1,0.05000
8072,87.7667,229,1,0.05000
8073,90.8778,149,1,0.05000
8074,89.2111,163,1,0.05000
8075,87.7000,219,1,0.05000
8076,87.0778,195,1,0.05000
8077,91.3111,142,1,0.05000
8078,87.6667,182,1,0.05000
8079,89.7444,163,1,0.05000
8080,90.7111,148,1,0.05000
8081,90.3778,162,1,0.05000
8082,89.7778,152,1,0.05000
8083,88.1778,168,1,0.05000
8084,88.7111,176,1,0.05000
8085,85.7000,239,1,0.05000
8086,90.8333,153,1,0.05000
8087,90.2889,146,1,0.05000
8088,89.8556,161,1,0.05000
8089,85.1333,250,1,0.05000
8090,90.3222,159,1,0.05000
8091,90.4667,146,1,0.05000
8092,92.0000,136,1,0.05000
8093,90.5444,155,1,0.05000
8094,91.6889,140,1,0.05000
8095,89.8111,165,1,0.05000
8096,91.3222,141,1,0.05000
8097,90.5667,145,1,0.05000
8098,91.0333,143,1,0.05000
8099,94.6333,83,1,0.05000
8100,92.4778,93,1,0.05000
8101,90.8000,164,1,0.05000
8102,88.8889,184,1,0.05000
8103,88.9444,171,1,0.05000
8104,88.6333,183,1,0.05000
8105,90.1889,163,1,0.05000
8106,90.3333,158,1,0.05000
8107,91.1444,157,1,0.05000
8108,90.6222,156,1,0.05000
8109,90.3000,161,1,0.05000
8110,90.5889,159,1,0.05000
8111,92.1667,153,1,0.05000
8112,90.7111,156,1,0.05000
8113,89.9556,168,1,0.05000
8114,90.6778,159,1,0.05000
8115,91.8889,154,1,0.05000
8116,91.4444,154,1,0.05000
8117,90.7444,161,1,0.05000
8118,89.9222,163,1,0.05000
8119,91.7556,158,1,0.05000
8120,91.8444,150,1,0.05000
8121,91.2000,152,1,0.05000
8122,91.0556,157,1,0.05000
8123,88.6667,204,1,0.05000
8124,91.5111,148,1,0.05000
8125,91.6111,155,1,0.05000
8126,91.2333,157,1,0.05000
8127,89.2000,188,1,0.05000
8128,84.8000,256,1,0.05000
8129,89.6778,177,1,0.05000
8130,91.2111,151,1,0.05000
8131,90.6222,164,1,0.05000
8132,90.3889,185,1,0.05000
8133,90.0889,172,1,0.05000
8134,89.4444,174,1,0.05000
8135,90.2667,164,1,0.05000
8136,91.6222,154,1,0.05000
8137,91.4222,156,1,0.05000
8138,90.7444,153,1,0.05000
8139,91.0222,152,1,0.05000
8140,90.4222,166,1,0.05000
8141,90.9778,156,1,0.05000
8142,91.0889,154,1,0.05000
8143,90.9222,153,1,0.05000
8144,89.8333,163,1,0.05000
8145,91.9444,149,1,0.05000
8146,90.0222,154,1,0.05000
8147,89.1333,170,1,0.05000
8148,88.9333,164,1,0.05000
8149,90.2889,162,1,0.05000
8150,90.5000,143,1,0.05000
8151,89.5667,155,1,0.05000
8152,90.0000,148,1,0.05000
8153,94.3111,88,1,0.05000
8154,86.8556,191,1,0.05000
8155,90.1556,150,1,0.05000
8156,91.1333,142,1,0.05000
8157,88.9778,176,1,0.05000
8158,90.6667,144,1,0.05000
8159,88.4333,177,1,0.05000
8160,89.4000,170,1,0.05000
8161,89.9333,154,1,0.05000
8162,88.9222,173,1,0.05000
8163,90.1444,159,1,0.05000
8164,88.2222,180,1,0.05000
8165,65.2222,674,1,0.05000
8166,91.3111,142,1,0.05000
8167,91.1667,147,1,0.05000
8168,90.4000,160,1,0.05000
8169,89.0556,169,1,0.05000
8170,90.1667,165,1,0.05000
8171,91.3222,141,1,0.05000
8172,91.0778,155,1,0.05000
8173,91.2333,141,1,0.05000
8174,91.7778,140,1,0.05000
8175,94.3556,84,1,0.05000
8176,90.0222,162,1,0.05000
8177,89.3778,164,1,0.05000
8178,91.2000,144,1,0.05000
8179,90.1778,156,1,0.05000
8180,89.4778,147,1,0.05000
8181,91.3333,140,1,0.05000
8182,89.8333,163,1,0.05000
8183,94.7556,80,1,0.05000
8184,89.1667,167,1,0.05000
8185,94.0333,81,1,0.05000
8186,93.8556,81,1,0.05000
8187,93.7000,87,1,0.05000
8188,93.2556,87,1,0.05000
8189,89.9222,163,1,0.05000
8190,92.2889,94,1,0.05000
8191,93.8889,78,1,0.05000
8192,93.9667,79,1,0.05000
8193,94.2556,77,1,0.05000
8194,94.2000,82,1,0.05000
8195,91.0667,140,1,0.05000
8196,93.5222,79,1,0.05000
8197,93.6000,80,1,0.05000
8198,94.2889,82,1,0.05000
8199,94.2667,76,1,0.05000
8200,94.1889,75,1,0.05000
8201,94.3889,81,1,0.05000
8202,94.1667,77,1,0.05000
8203,90.5556,130,1,0.05000
8204,91.2444,116,1,0.05000
8205,94.0778,77,1,0.05000
8206,89.8667,144,1,0.05000
8207,91.3333,132,1,0.05000
8208,91.0333,135,1,0.05000
8209,90.9889,131,1,0.05000
8210,89.3889,155,1,0.05000
8211,90.8667,134,1,0.05000
8212,90.7000,141,1,0.05000
8213,91.0333,143,1,0.05000
8214,87.2778,201,1,0.05000
8215,91.3556,146,1,0.05000
8216,89.9778,142,1,0.05000
8217,89.3667,157,1,0.05000
8218,90.4000,144,1,0.05000
8219,79.8222,344,1,0.05000
8220,79.8556,341,1,0.05000
8221,89.6889,160,1,0.05000
8222,93.2111,83,1,0.05000
8223,89.7444,163,1,0.05000
8224,92.8333,85,1,0.05000
8225,89.6000,168,1,0.05000
8226,88.8000,168,1,0.05000
8227,89.5778,162,1,0.05000
8228,81.3778,284,1,0.05000
8229,92.0778,97,1,0.05000
8230,86.7889,213,1,0.05000
8231,88.4111,187,1,0.05000
8232,93.0333,91,1,0.05000
8233,88.2222,188,1,0.05000
8234,93.7222,85,1,0.05000
8235,81.4111,337,1,0.05000
8236,93.8889,78,1,0.05000
8237,94.2000,82,1,0.05000
8238,93.8222,100,1,0.05000
8239,94.5333,92,1,0.05000
8240,94.3000,81,1,0.05000
8241,93.5222,87,1,0.05000
8242,93.5444,93,1,0.05000
8243,93.9667,79,1,0.05000
8244,93.4444,78,1,0.05000
8245,93.6667,74,1,0.05000
8246,94.2222,96,1,0.05000
8247,94.6778,87,1,0.05000
8248,94.8667,86,1,0.05000
8249,94.1889,83,1,0.05000
8250,94.3000,73,1,0.05000
8251,93.9556,80,1,0.05000
8252,94.2889,74,1,0.05000
8253,94.0444,72,1,0.05000
8254,93.7000,71,1,0.05000
8255,93.9556,72,1,0.05000
8256,93.1667,79,1,0.05000
8257,93.2222,82,1,0.05000
8258,93.3111,90,1,0.05000
8259,89.9111,156,1,0.05000
8260,93.4889,74,1,0.05000
8261,93.3111,74,1,0.05000
8262,94.0333,89,1,0.05000
8263,89.9000,149,1,0.05000
8264,93.1000,77,1,0.05000
8265,92.6111,89,1,0.05000
8266,93.4222,80,1,0.05000
8267,92.9333,76,1,0.05000
8268,93.5667,75,1,0.05000
8269,89.5222,151,1,0.05000
8270,89.5222,151,1,0.05000
8271,93.0111,77,1,0.05000
8272,93.1556,80,1,0.05000
8273,92.9333,76,1,0.05000
8274,91.3111,110,1,0.05000
8275,93.0222,92,1,0.05000
8276,88.1111,198,1,0.05000
8277,90.4000,160,1,0.05000
8278,93.9111,76,1,0.05000
8279,91.1556,148,1,0.05000
8280,91.9667,131,1,0.05000
8281,92.8222,134,1,0.05000
8282,90.8667,150,1,0.05000
8283,91.8111,137,1,0.05000
8284,92.3889,125,1,0.05000
8285,91.1333,134,1,0.05000
8286,91.5889,125,1,0.05000
8287,91.6444,136,1,0.05000
8288,91.1333,142,1,0.05000
8289,91.6333,129,1,0.05000
8290,91.5889,133,1,0.05000
8291,91.8778,131,1,0.05000
8292,91.7778,124,1,0.05000
8293,92.3222,123,1,0.05000
8294,90.8889,132,1,0.05000
8295,90.8889,132,1,0.05000
8296,88.2444,186,1,0.05000
8297,91.2778,129,1,0.05000
8298,62.7222,603,1,0.05000
8299,91.0889,130,1,0.05000
8300,91.3778,128,1,0.05000
8301,91.7333,120,1,0.05000
8302,93.9889,77,1,0.05000
8303,90.6000,126,1,0.05000
8304,90.4111,119,1,0.05000
8305,94.0000,84,1,0.05000
8306,90.9889,131,1,0.05000
8307,91.8000,130,1,0.05000
8308,90.2000,122,1,0.05000
8309,91.5667,135,1,0.05000
8310,91.7111,114,1,0.05000
8311,91.1000,129,1,0.05000
8312,88.3444,177,1,0.05000
8313,94.0111,75,1,0.05000
8314,91.9556,132,1,0.05000
8315,93.8333,75,1,0.05000
8316,91.0778,123,1,0.05000
8317,91.1333,134,1,0.05000
8318,92.0222,118,1,0.05000
8319,93.9778,78,1,0.05000
8320,94.3556,76,1,0.05000
8321,91.8444,126,1,0.05000
8322,94.4667,82,1,0.05000
8323,91.6889,124,1,0.05000
8324,94.2556,77,1,0.05000
8325,92.0333,133,1,0.05000
8326,87.6556,199,1,0.05000
8327,94.0778,77,1,0.05000
8328,94.2778,75,1,0.05000
8329,90.0556,159,1,0.05000
8330,94.5333,76,1,0.05000
8331,94.4000,80,1,0.05000
8332,94.3667,83,1,0.05000
8333,94.3556,76,1,0.05000
8334,94.6222,76,1,0.05000
8335,93.9889,77,1,0.05000
8336,93.6222,78,1,0.05000
8337,94.0778,77,1,0.05000
8338,94.2444,78,1,0.05000
8339,94.6000,78,1,0.05000
8340,94.2333,79,1,0.05000
8341,94.1444,79,1,0.05000
8342,93.3111,90,1,0.05000
8343,94.4222,78,1,0.05000
8344,93.4556,85,1,0.05000
8345,94.4889,80,1,0.05000
8346,93.5778,82,1,0.05000
8347,94.7222,75,1,0.05000
8348,92.2667,96,1,0.05000
8349,94.4333,77,1,0.05000
8350,94.1667,77,1,0.05000
8351,94.8889,76,1,0.05000
8352,94.4444,76,1,0.05000
8353,94.6333,75,1,0.05000
8354,94.6111,77,1,0.05000
8355,94.2000,74,1,0.05000
8356,93.9556,80,1,0.05000
8357,93.3222,97,1,0.05000
8358,92.9222,93,1,0.05000
8359,92.3111,100,1,0.05000
8360,92.9444,91,1,0.05000
8361,94.4222,78,1,0.05000
8362,94.6333,75,1,0.05000
8363,94.0444,80,1,0.05000
8364,94.8556,79,1,0.05000
8365,94.6778,79,1,0.05000
8366,93.0556,89,1,0.05000
8367,93.2000,92,1,0.05000
8368,93.7444,83,1,0.05000
8369,94.6667,80,1,0.05000
8370,93.3889,83,1,0.05000
8371,94.6778,79,1,0.05000
8372,93.2778,93,1,0.05000
8373,94.3333,78,1,0.05000
8374,93.8111,85,1,0.05000
8375,92.0667,98,1,0.05000
8376,94.5000,79,1,0.05000
8377,92.9111,94,1,0.05000
8378,94.1333,80,1,0.05000
8379,93.9889,77,1,0.05000
8380,92.6333,95,1,0.05000
8381,94.5111,78,1,0.05000
8382,94.5778,80,1,0.05000
8383,92.4444,96,1,0.05000
8384,94.0778,77,1,0.05000
8385,94.4111,79,1,0.05000
8386,92.9333,92,1,0.05000
8387,93.3222,89,1,0.05000
8388,94.0000,76,1,0.05000
8389,92.6556,93,1,0.05000
8390,94.3000,81,1,0.05000
8391,94.6667,80,1,0.05000
8392,94.3444,77,1,0.05000
8393,93.6333,77,1,0.05000
8394,94.7667,79,1,0.05000
8395,93.0667,96,1,0.05000
8396,92.8111,95,1,0.05000
8397,93.8556,73,1,0.05000
8398,94.5000,79,1,0.05000
8399,94.6889,78,1,0.05000
8400,94.5111,78,1,0.05000
8401,92.8111,95,1,0.05000
8402,94.5778,80,1,0.05000
8403,93.3667,85,1,0.05000
8404,94.2222,80,1,0.05000
8405,94.7000,77,1,0.05000
8406,94.7667,79,1,0.05000
8407,94.5000,79,1,0.05000
8408,94.3778,82,1,0.05000
8409,94.6778,79,1,0.05000
8410,93.4222,88,1,0.05000
8411,94.6889,78,1,0.05000
8412,94.6667,80,1,0.05000
8413,94.3889,81,1,0.05000
8414,92.8222,94,1,0.05000
8415,93.2000,92,1,0.05000
8416,94.4889,80,1,0.05000
8417,93.3667,85,1,0.05000
8418,94.4778,81,1,0.05000
8419,93.0000,94,1,0.05000
8420,94.4444,76,1,0.05000
8421,93.0889,94,1,0.05000
8422,93.5778,90,1,0.05000
8423,94.8556,79,1,0.05000
8424,94.7667,79,1,0.05000
8425,93.3889,91,1,0.05000
8426,94.4889,80,1,0.05000
8427,94.8444,80,1,0.05000
8428,94.8333,81,1,0.05000
8429,94.5778,80,1,0.05000
8430,94.5556,82,1,0.05000
8431,93.9111,84,1,0.05000
8432,93.2333,89,1,0.05000
8433,94.6778,79,1,0.05000
8434,94.8222,82,1,0.05000
8435,93.7667,89,1,0.05000
8436,94.6667,80,1,0.05000
8437,94.0556,79,1,0.05000
8438,95.1778,82,1,0.05000
8439,94.6556,81,1,0.05000
8440,94.5778,80,1,0.05000
8441,93.3556,94,1,0.05000
8442,93.1778,94,1,0.05000
8443,93.1667,95,1,0.05000
8444,92.4111,99,1,0.05000
8445,94.7778,78,1,0.05000
8446,93.3667,85,1,0.05000
8447,94.8222,82,1,0.05000
8448,94.3000,81,1,0.05000
8449,94.7778,78,1,0.05000
8450,93.7000,87,1,0.05000
8451,93.0556,97,1,0.05000
8452,95.0222,80,1,0.05000
8453,94.6889,78,1,0.05000
8454,94.5889,79,1,0.05000
8455,94.7444,81,1,0.05000
8456,93.0778,95,1,0.05000
8457,94.5778,80,1,0.05000
8458,94.9333,80,1,0.05000
8459,94.7444,81,1,0.05000
8460,94.5556,82,1,0.05000
8461,94.6556,81,1,0.05000
8462,94.0778,85,1,0.05000
8463,94.8000,76,1,0.05000
8464,94.2333,79,1,0.05000
8465,93.7778,80,1,0.05000
8466,92.5333,96,1,0.05000
8467,92.9000,95,1,0.05000
8468,94.1111,82,1,0.05000
8469,93.7222,77,1,0.05000
8470,92.5000,99,1,0.05000
8471,92.6000,98,1,0.05000
8472,94.0333,81,1,0.05000
8473,93.8000,78,1,0.05000
8474,93.9556,80,1,0.05000
8475,92.5111,98,1,0.05000
8476,94.1222,81,1,0.05000
8477,94.3778,82,1,0.05000
8478,93.9111,84,1,0.05000
8479,94.1667,77,1,0.05000
8480,93.9444,81,1,0.05000
8481,94.3111,80,1,0.05000
8482,94.4889,80,1,0.05000
8483,94.4222,78,1,0.05000
8484,93.0556,97,1,0.05000
8485,93.8222,84,1,0.05000
8486,94.2667,76,1,0.05000
8487,94.0444,80,1,0.05000
8488,94.4889,80,1,0.05000
8489,93.2222,90,1,0.05000
8490,93.8111,77,1,0.05000
8491,93.4333,87,1,0.05000
8492,94.4000,80,1,0.05000
8493,94.3000,81,1,0.05000
8494,94.2778,83,1,0.05000
8495,94.4444,84,1,0.05000
8496,93.8667,80,1,0.05000
8497,93.8111,85,1,0.05000
8498,94.4111,79,1,0.05000
8499,94.6556,81,1,0.05000
8500,93.7667,81,1,0.05000
8501,92.8889,96,1,0.05000
8502,94.2000,82,1,0.05000
8503,94.3000,81,1,0.05000
8504,94.2000,82,1,0.05000
8505,93.8333,83,1,0.05000
8506,92.9778,96,1,0.05000
8507,94.5444,83,1,0.05000
8508,94.2778,83,1,0.05000
8509,94.4667,82,1,0.05000
8510,93.8222,84,1,0.05000
8511,92.8222,94,1,0.05000
8512,93.8000,86,1,0.05000
8513,93.8778,87,1,0.05000
8514,93.9667,87,1,0.05000
8515,92.6111,97,1,0.05000
8516,93.0778,95,1,0.05000
8517,94.0000,84,1,0.05000
8518,93.7333,84,1,0.05000
8519,93.7556,82,1,0.05000
8520,94.0000,84,1,0.05000
8521,92.7667,99,1,0.05000
8522,92.4222,98,1,0.05000
8523,92.3222,99,1,0.05000
8524,92.4333,97,1,0.05000
8525,89.8444,130,1,0.05000
8526,94.0778,85,1,0.05000
8527,90.5889,135,1,0.05000
8528,94.4333,85,1,0.05000
8529,94.1444,87,1,0.05000
8530,94.4556,83,1,0.05000
8531,93.8333,83,1,0.05000
8532,93.4222,88,1,0.05000
8533,91.8778,107,1,0.05000
8534,93.3778,92,1,0.05000
8535,93.4889,90,1,0.05000
8536,93.2778,93,1,0.05000
8537,93.3889,91,1,0.05000
8538,92.3778,110,1,0.05000
8539,92.6111,105,1,0.05000
8540,92.7556,108,1,0.05000
8541,92.6778,99,1,0.05000
8542,93.2111,91,1,0.05000
8543,93.3889,91,1,0.05000
8544,93.5444,101,1,0.05000
8545,94.3222,95,1,0.05000
8546,94.9889,83,1,0.05000
8547,94.0667,94,1,0.05000
8548,93.5667,99,1,0.05000
8549,94.8333,81,1,0.05000
8550,94.4778,81,1,0.05000
8551,95.1000,81,1,0.05000
8552,94.5889,79,1,0.05000
8553,94.6000,86,1,0.05000
8554,94.8333,81,1,0.05000
8555,93.2778,101,1,0.05000
8556,94.2667,84,1,0.05000
8557,94.9667,85,1,0.05000
8558,94.1000,99,1,0.05000
8559,94.7222,83,1,0.05000
8560,94.5222,85,1,0.05000
8561,94.3222,87,1,0.05000
8562,93.2889,100,1,0.05000
8563,94.8889,76,1,0.05000
8564,93.7889,95,1,0.05000
8565,94.8111,83,1,0.05000
8566,94.1778,76,1,0.05000
8567,92.8111,95,1,0.05000
8568,89.9333,122,1,0.05000
8569,89.0778,175,1,0.05000
8570,93.9556,80,1,0.05000
8571,93.5333,86,1,0.05000
8572,93.8889,78,1,0.05000
8573,93.8778,79,1,0.05000
8574,89.6667,162,1,0.05000
8575,91.9111,104,1,0.05000
8576,89.3111,178,1,0.05000
8577,93.0778,95,1,0.05000
8578,89.7556,178,1,0.05000
8579,92.7667,99,1,0.05000
8580,92.5222,97,1,0.05000
8581,93.3667,85,1,0.05000
8582,92.2778,103,1,0.05000
8583,93.8667,80,1,0.05000
8584,93.2556,87,1,0.05000
8585,93.6556,83,1,0.05000
8586,87.9000,185,1,0.05000
8587,93.2333,89,1,0.05000
8588,92.8000,96,1,0.05000
8589,93.3556,86,1,0.05000
8590,93.9444,81,1,0.05000
8591,93.3000,83,1,0.05000
8592,93.3222,81,1,0.05000
8593,93.5000,81,1,0.05000
8594,93.8444,90,1,0.05000
8595,93.1333,82,1,0.05000
8596,88.8889,176,1,0.05000
8597,87.9111,184,1,0.05000
8598,93.2333,81,1,0.05000
8599,92.8444,84,1,0.05000
8600,93.4000,82,1,0.05000
8601,92.1111,94,1,0.05000
8602,93.3556,78,1,0.05000
8603,93.3333,80,1,0.05000
8604,93.4222,80,1,0.05000
8605,92.2111,93,1,0.05000
8606,90.3556,116,1,0.05000
8607,93.4556,77,1,0.05000
8608,93.5333,78,1,0.05000
8609,93.0667,80,1,0.05000
8610,92.7667,83,1,0.05000
8611,88.9667,169,1,0.05000
8612,91.7222,97,1,0.05000
8613,93.5556,76,1,0.05000
8614,93.1889,77,1,0.05000
8615,92.8111,87,1,0.05000
8616,92.4889,92,1,0.05000
8617,92.6000,90,1,0.05000
8618,91.0222,112,1,0.05000
8619,90.2556,117,1,0.05000
8620,90.7556,112,1,0.05000
8621,91.4778,103,1,0.05000
8622,90.6889,110,1,0.05000
8623,89.3667,125,1,0.05000
8624,86.1667,205,1,0.05000
8625,91.6556,103,1,0.05000
8626,90.0333,153,1,0.05000
8627,93.1333,82,1,0.05000
8628,87.6556,175,1,0.05000
8629,89.4333,167,1,0.05000
8630,89.2778,165,1,0.05000
8631,87.7222,177,1,0.05000
8632,86.7111,180,1,0.05000
8633,90.1667,117,1,0.05000
8634,90.2667,116,1,0.05000
8635,93.3889,75,1,0.05000
8636,82.7667,231,1,0.05000
8637,86.4556,195,1,0.05000
8638,86.6778,183,1,0.05000
8639,88.7000,161,1,0.05000
8640,87.6778,189,1,0.05000
8641,84.2222,228,1,0.05000
8642,87.0222,184,1,0.05000
8643,89.9556,144,1,0.05000
8644,90.5111,110,1,0.05000
8645,88.5778,172,1,0.05000
8646,89.1333,170,1,0.05000
8647,89.8556,145,1,0.05000
8648,91.7333,96,1,0.05000
8649,76.2000,358,1,0.05000
8650,92.4889,84,1,0.05000
8651,93.5667,75,1,0.05000
8652,93.6222,78,1,0.05000
8653,92.5222,97,1,0.05000
8654,92.5000,99,1,0.05000
8655,93.6778,81,1,0.05000
8656,93.7889,79,1,0.05000
8657,93.2000,84,1,0.05000
8658,93.2333,81,1,0.05000
8659,93.6889,80,1,0.05000
8660,92.4222,90,1,0.05000
8661,93.4889,82,1,0.05000
8662,91.6333,113,1,0.05000
8663,92.3000,93,1,0.05000
8664,93.3444,79,1,0.05000
8665,91.7667,101,1,0.05000
8666,92.0778,97,1,0.05000
8667,89.5333,158,1,0.05000
8668,92.4667,94,1,0.05000
8669,91.3556,106,1,0.05000
8670,88.2222,180,1,0.05000
8671,92.4667,94,1,0.05000
8672,88.6111,169,1,0.05000
8673,91.4111,101,1,0.05000
8674,86.2444,222,1,0.05000
8675,92.7222,87,1,0.05000
8676,88.8000,176,1,0.05000
8677,91.8556,101,1,0.05000
8678,86.8222,202,1,0.05000
8679,90.7556,152,1,0.05000
8680,89.5556,164,1,0.05000
8681,88.9778,168,1,0.05000
8682,90.1000,163,1,0.05000
8683,89.4667,164,1,0.05000
8684,89.7778,168,1,0.05000
8685,88.5889,171,1,0.05000
8686,93.0333,91,1,0.05000
8687,89.6333,157,1,0.05000
8688,86.4444,220,1,0.05000
8689,90.1444,151,1,0.05000
8690,89.9667,151,1,0.05000
8691,92.5778,92,1,0.05000
8692,87.2222,182,1,0.05000
8693,88.7667,163,1,0.05000
8694,90.0000,148,1,0.05000
8695,92.1778,96,1,0.05000
8696,87.5556,184,1,0.05000
8697,93.6889,80,1,0.05000
8698,88.6778,171,1,0.05000
8699,90.6111,141,1,0.05000
8700,88.4667,174,1,0.05000
8701,89.4778,155,1,0.05000
8702,88.9556,162,1,0.05000
8703,89.0000,166,1,0.05000
8704,84.3111,228,1,0.05000
8705,87.8889,162,1,0.05000
8706,87.8111,169,1,0.05000
8707,91.0444,102,1,0.05000
8708,88.3667,159,1,0.05000
8709,88.2000,166,1,0.05000
8710,88.6889,170,1,0.05000
8711,88.8778,169,1,0.05000
8712,88.4667,166,1,0.05000
8713,88.8111,159,1,0.05000
8714,89.7667,145,1,0.05000
8715,90.3889,145,1,0.05000
8716,87.6000,180,1,0.05000
8717,88.2889,166,1,0.05000
8718,92.6667,92,1,0.05000
8719,92.5111,90,1,0.05000
8720,89.1667,167,1,0.05000
8721,89.1222,147,1,0.05000
8722,89.9222,107,1,0.05000
8723,92.8778,81,1,0.05000
8724,87.4333,171,1,0.05000
8725,93.6222,78,1,0.05000
8726,92.9556,82,1,0.05000
8727,89.5444,157,1,0.05000
8728,92.3778,86,1,0.05000
8729,91.5778,94,1,0.05000
8730,92.3556,96,1,0.05000
8731,88.4778,165,1,0.05000
8732,91.5000,101,1,0.05000
8733,85.5333,198,1,0.05000
8734,88.7556,156,1,0.05000
8735,89.4000,146,1,0.05000
8736,89.9556,112,1,0.05000
8737,88.9778,160,1,0.05000
8738,91.7000,99,1,0.05000
8739,92.4556,87,1,0.05000
8740,88.1000,175,1,0.05000
8741,92.8444,92,1,0.05000
8742,92.0667,98,1,0.05000
8743,86.0222,194,1,0.05000
8744,88.0778,161,1,0.05000
8745,88.6778,163,1,0.05000
8746,92.6444,86,1,0.05000
8747,90.5556,106,1,0.05000
8748,91.6000,100,1,0.05000
8749,90.8222,106,1,0.05000
8750,91.7111,98,1,0.05000
8751,93.3111,90,1,0.05000
8752,91.5000,101,1,0.05000
8753,93.1778,86,1,0.05000
8754,90.0000,116,1,0.05000
8755,87.7000,179,1,0.05000
8756,89.1889,157,1,0.05000
8757,92.5778,92,1,0.05000
8758,90.2111,161,1,0.05000
8759,89.4222,168,1,0.05000
8760,89.8333,163,1,0.05000
8761,89.8000,158,1,0.05000
8762,90.2444,150,1,0.05000
8763,88.9444,171,1,0.05000
8764,87.7667,181,1,0.05000
8765,90.1333,152,1,0.05000
8766,88.7778,178,1,0.05000
8767,90.4667,162,1,0.05000
8768,87.8444,174,1,0.05000
8769,88.2556,161,1,0.05000
8770,88.0444,180,1,0.05000
8771,90.1556,150,1,0.05000
8772,87.9000,169,1,0.05000
8773,90.2333,143,1,0.05000
8774,88.7000,161,1,0.05000
8775,91.1333,142,1,0.05000
8776,90.0667,150,1,0.05000
8777,88.1000,175,1,0.05000
8778,88.5111,170,1,0.05000
8779,90.9000,147,1,0.05000
8780,89.6444,156,1,0.05000
8781,90.2333,151,1,0.05000
8782,90.5222,157,1,0.05000
8783,89.6556,171,1,0.05000
8784,88.8333,173,1,0.05000
8785,81.8111,301,1,0.05000
8786,79.1111,376,1,0.05000
8787,89.9111,164,1,0.05000
8788,79.8444,310,1,0.05000
8789,91.6667,150,1,0.05000
8790,91.2444,148,1,0.05000
8791,90.5556,154,1,0.05000
8792,87.3778,216,1,0.05000
8793,83.9889,257,1,0.05000
8794,90.5222,141,1,0.05000
8795,87.1333,222,1,0.05000
8796,91.0778,147,1,0.05000
8797,91.0111,145,1,0.05000
8798,90.6556,145,1,0.05000
8799,90.3556,148,1,0.05000
8800,88.4111,171,1,0.05000
8801,87.5889,213,1,0.05000
8802,90.1111,154,1,0.05000
8803,90.2333,159,1,0.05000
8804,89.1556,160,1,0.05000
8805,89.7667,161,1,0.05000
8806,83.4778,247,1,0.05000
8807,85.2111,235,1,0.05000
8808,88.1778,168,1,0.05000
8809,89.6667,154,1,0.05000
8810,88.9222,165,1,0.05000
8811,87.6667,182,1,0.05000
8812,88.5444,167,1,0.05000
8813,90.0667,166,1,0.05000
8814,87.7111,178,1,0.05000
8815,94.3000,81,1,0.05000
8816,89.8556,161,1,0.05000
8817,89.1667,167,1,0.05000
8818,88.9222,173,1,0.05000
8819,88.7778,162,1,0.05000
8820,94.0000,84,1,0.05000
8821,92.4000,100,1,0.05000
8822,94.3000,81,1,0.05000
8823,93.9333,82,1,0.05000
8824,93.7333,84,1,0.05000
8825,93.6000,88,1,0.05000
8826,92.3667,95,1,0.05000
8827,85.5000,201,1,0.05000
8828,93.1444,89,1,0.05000
8829,89.4000,162,1,0.05000
8830,84.9556,250,1,0.05000
8831,93.8222,84,1,0.05000
8832,89.6667,162,1,0.05000
8833,88.4889,172,1,0.05000
8834,89.0556,169,1,0.05000
8835,89.8333,163,1,0.05000
8836,87.4778,175,1,0.05000
8837,92.5222,97,1,0.05000
8838,93.4556,77,1,0.05000
8839,92.5778,92,1,0.05000
8840,92.7111,96,1,0.05000
8841,85.3222,209,1,0.05000
8842,89.5000,161,1,0.05000
8843,92.2444,106,1,0.05000
8844,92.7222,87,1,0.05000
8845,93.1889,85,1,0.05000
8846,93.3778,92,1,0.05000
8847,93.8667,80,1,0.05000
8848,92.9556,98,1,0.05000
8849,94.2556,85,1,0.05000
8850,93.3778,84,1,0.05000
8851,90.2778,155,1,0.05000
8852,93.9556,80,1,0.05000
8853,93.0000,102,1,0.05000
8854,93.3778,100,1,0.05000
8855,93.3778,100,1,0.05000
8856,93.9333,82,1,0.05000
8857,89.5222,175,1,0.05000
8858,92.5778,100,1,0.05000
8859,88.2444,178,1,0.05000
8860,89.9667,159,1,0.05000
8861,93.5333,94,1,0.05000
8862,94.1556,78,1,0.05000
8863,93.1000,93,1,0.05000
8864,93.1111,92,1,0.05000
8865,93.3556,78,1,0.05000
8866,89.8889,166,1,0.05000
8867,90.1556,150,1,0.05000
8868,92.7889,97,1,0.05000
8869,84.0778,257,1,0.05000
8870,92.9444,83,1,0.05000
8871,89.4111,153,1,0.05000
8872,88.9667,161,1,0.05000
8873,89.8444,154,1,0.05000
8874,93.9667,79,1,0.05000
8875,92.0778,105,1,0.05000
8876,92.5444,95,1,0.05000
8877,91.6000,100,1,0.05000
8878,88.2667,176,1,0.05000
8879,93.3000,83,1,0.05000
8880,88.7556,172,1,0.05000
8881,91.8889,90,1,0.05000
8882,93.8444,82,1,0.05000
8883,92.8111,87,1,0.05000
8884,90.2889,154,1,0.05000
8885,93.4444,78,1,0.05000
8886,91.5333,106,1,0.05000
8887,87.8444,182,1,0.05000
8888,89.2556,159,1,0.05000
8889,89.1556,160,1,0.05000
8890,90.0333,161,1,0.05000
8891,93.3333,80,1,0.05000
8892,93.0222,84,1,0.05000
8893,92.4556,103,1,0.05000
8894,92.7667,91,1,0.05000
8895,89.0111,133,1,0.05000
8896,53.1444,673,1,0.05000
8897,69.9111,468,1,0.05000
8898,89.0333,171,1,0.05000
8899,66.0778,501,1,0.05000
8900,86.2222,216,1,0.05000
8901,87.3111,206,1,0.05000
8902,91.4667,152,1,0.05000
8903,90.2667,156,1,0.05000
8904,89.8333,163,1,0.05000
8905,90.6333,155,1,0.05000
8906,88.4222,194,1,0.05000
8907,89.4556,165,1,0.05000
8908,91.8222,104,1,0.05000
8909,87.6556,207,1,0.05000
8910,90.3000,145,1,0.05000
8911,92.8444,100,1,0.05000
8912,91.3556,130,1,0.05000
8913,90.3889,161,1,0.05000
8914,89.9889,149,1,0.05000
8915,92.8000,104,1,0.05000
8916,90.2333,167,1,0.05000
8917,89.7889,143,1,0.05000
8918,90.4778,161,1,0.05000
8919,89.3222,145,1,0.05000
8920,85.6556,219,1,0.05000
8921,89.6444,156,1,0.05000
8922,92.1111,110,1,0.05000
8923,88.9444,171,1,0.05000
8924,92.3111,100,1,0.05000
8925,90.3333,134,1,0.05000
8926,93.2556,87,1,0.05000
8927,92.8889,88,1,0.05000
8928,93.1444,89,1,0.05000
8929,92.5778,92,1,0.05000
8930,92.8556,91,1,0.05000
8931,92.2444,98,1,0.05000
8932,92.0000,104,1,0.05000
8933,91.9222,103,1,0.05000
8934,92.1111,102,1,0.05000
8935,91.6556,111,1,0.05000
8936,93.9111,92,1,0.05000
8937,88.1111,158,1,0.05000
8938,92.5778,92,1,0.05000
8939,91.0222,112,1,0.05000
8940,93.2333,89,1,0.05000
8941,93.3778,92,1,0.05000
8942,92.7222,95,1,0.05000
8943,93.0889,94,1,0.05000
8944,92.2111,101,1,0.05000
8945,90.6333,139,1,0.05000
8946,91.9111,104,1,0.05000
8947,90.3778,138,1,0.05000
8948,93.2222,90,1,0.05000
8949,92.2111,101,1,0.05000
8950,93.0111,93,1,0.05000
8951,92.5556,94,1,0.05000
8952,93.0444,90,1,0.05000
8953,92.9222,93,1,0.05000
8954,93.0333,91,1,0.05000
8955,93.3778,92,1,0.05000
8956,92.8000,96,1,0.05000
8957,92.5667,93,1,0.05000
8958,89.5000,169,1,0.05000
8959,92.0333,101,1,0.05000
8960,91.9667,99,1,0.05000
8961,89.4000,154,1,0.05000
8962,92.5000,99,1,0.05000
8963,88.2333,179,1,0.05000
8964,91.4889,126,1,0.05000
8965,91.5000,125,1,0.05000
8966,89.4000,154,1,0.05000
8967,89.3111,146,1,0.05000
8968,87.4778,215,1,0.05000
8969,90.8444,120,1,0.05000
8970,90.4222,166,1,0.05000
8971,92.6222,96,1,0.05000
8972,92.7000,97,1,0.05000
8973,91.9333,102,1,0.05000
8974,92.0444,100,1,0.05000
8975,92.7000,97,1,0.05000
8976,91.8667,100,1,0.05000
8977,88.9222,149,1,0.05000
8978,92.9222,93,1,0.05000
8979,92.1444,99,1,0.05000
8980,90.2111,129,1,0.05000
8981,91.4333,107,1,0.05000
8982,92.6444,94,1,0.05000
8983,93.4556,93,1,0.05000
8984,92.6000,98,1,0.05000
8985,92.7556,92,1,0.05000
8986,89.4556,173,1,0.05000
8987,92.1222,125,1,0.05000
8988,89.9333,170,1,0.05000
8989,92.8111,95,1,0.05000
8990,92.6556,93,1,0.05000
8991,92.6333,95,1,0.05000
8992,92.1889,95,1,0.05000
8993,92.5667,93,1,0.05000
8994,90.2222,168,1,0.05000
8995,92.6333,95,1,0.05000
8996,91.3111,110,1,0.05000
8997,89.0889,174,1,0.05000
8998,89.9889,165,1,0.05000
8999,90.1444,111,1,0.05000
9000,91.1000,105,1,0.05000
9001,92.1000,95,1,0.05000
9002,91.4889,102,1,0.05000
9003,90.7889,141,1,0.05000
9004,88.4222,162,1,0.05000
9005,89.3556,126,1,0.05000
9006,92.3000,93,1,0.05000
9007,92.5111,90,1,0.05000
9008,88.0222,174,1,0.05000
9009,91.9333,94,1,0.05000
9010,84.0111,207,1,0.05000
9011,89.2667,174,1,0.05000
9012,91.1889,129,1,0.05000
9013,91.4556,129,1,0.05000
9014,85.4889,234,1,0.05000
9015,88.2556,161,1,0.05000
9016,90.3333,150,1,0.05000
9017,89.1667,151,1,0.05000
9018,89.9333,154,1,0.05000
9019,90.2889,154,1,0.05000
9020,84.6222,256,1,0.05000
9021,87.1111,224,1,0.05000
9022,85.8556,225,1,0.05000
9023,90.8444,144,1,0.05000
9024,88.5222,153,1,0.05000
9025,90.0333,145,1,0.05000
9026,86.3778,226,1,0.05000
9027,90.5111,158,1,0.05000
9028,88.9333,140,1,0.05000
9029,90.4111,135,1,0.05000
9030,89.2000,148,1,0.05000
9031,90.8222,138,1,0.05000
9032,89.2667,142,1,0.05000
9033,85.5778,218,1,0.05000
9034,89.8444,170,1,0.05000
9035,90.2111,169,1,0.05000
9036,90.2222,160,1,0.05000
9037,85.1333,242,1,0.05000
9038,84.6556,245,1,0.05000
9039,91.4000,134,1,0.05000
9040,89.3444,159,1,0.05000
9041,90.1333,160,1,0.05000
9042,88.8889,168,1,0.05000
9043,90.3778,162,1,0.05000
9044,86.5222,229,1,0.05000
9045,85.5222,247,1,0.05000
9046,89.7778,152,1,0.05000
9047,92.3667,119,1,0.05000
9048,90.6333,155,1,0.05000
9049,91.2556,139,1,0.05000
9050,90.4667,154,1,0.05000
9051,90.5333,140,1,0.05000
9052,88.7333,158,1,0.05000
9053,90.4556,155,1,0.05000
9054,90.3889,153,1,0.05000
9055,93.0556,121,1,0.05000
9056,89.8444,162,1,0.05000
9057,89.7778,152,1,0.05000
9058,90.4556,131,1,0.05000
9059,93.4556,77,1,0.05000
9060,93.3111,74,1,0.05000
9061,90.3111,152,1,0.05000
9062,91.3000,103,1,0.05000
9063,91.6556,127,1,0.05000
9064,93.5667,75,1,0.05000
9065,92.5444,87,1,0.05000
9066,93.2778,77,1,0.05000
9067,90.1667,141,1,0.05000
9068,90.6222,140,1,0.05000
9069,92.7111,88,1,0.05000
9070,93.3778,84,1,0.05000
9071,90.6444,138,1,0.05000
9072,93.5556,84,1,0.05000
9073,90.8000,100,1,0.05000
9074,91.6333,129,1,0.05000
9075,93.7778,80,1,0.05000
9076,93.2000,84,1,0.05000
9077,93.3778,76,1,0.05000
9078,92.1889,87,1,0.05000
9079,93.2889,76,1,0.05000
9080,93.3222,81,1,0.05000
9081,92.9889,79,1,0.05000
9082,93.3222,81,1,0.05000
9083,93.2333,81,1,0.05000
9084,90.0333,121,1,0.05000
9085,91.9667,91,1,0.05000
9086,92.8778,89,1,0.05000
9087,92.7889,89,1,0.05000
9088,93.1667,87,1,0.05000
9089,92.3111,92,1,0.05000
9090,91.7333,104,1,0.05000
9091,92.7556,92,1,0.05000
9092,93.1778,86,1,0.05000
9093,91.8778,91,1,0.05000
9094,93.1000,85,1,0.05000
9095,73.3889,459,1,0.05000
9096,91.3333,108,1,0.05000
9097,90.8111,107,1,0.05000
9098,92.2667,88,1,0.05000
9099,89.7000,127,1,0.05000
9100,92.5222,81,1,0.05000
9101,92.7444,85,1,0.05000
9102,90.3111,120,1,0.05000
9103,92.0778,105,1,0.05000
9104,90.2667,116,1,0.05000
9105,90.2556,109,1,0.05000
9106,88.9778,128,1,0.05000
9107,87.9778,146,1,0.05000
9108,89.7667,121,1,0.05000
9109,92.3000,85,1,0.05000
9110,91.2778,97,1,0.05000
9111,88.9444,155,1,0.05000
9112,93.0000,78,1,0.05000
9113,92.6222,80,1,0.05000
9114,91.5111,108,1,0.05000
9115,91.6111,123,1,0.05000
9116,91.0222,112,1,0.05000
9117,88.4222,178,1,0.05000
9118,91.4111,93,1,0.05000
9119,91.1556,132,1,0.05000
9120,88.1000,167,1,0.05000
9121,82.2222,264,1,0.05000
9122,87.8667,180,1,0.05000
9123,91.6556,127,1,0.05000
9124,88.7111,176,1,0.05000
9125,91.0000,106,1,0.05000
9126,90.2778,123,1,0.05000
9127,91.4444,130,1,0.05000
9128,89.5556,140,1,0.05000
9129,85.7444,203,1,0.05000
9130,88.6333,175,1,0.05000
9131,90.1111,154,1,0.05000
9132,90.3111,128,1,0.05000
9133,92.5000,91,1,0.05000
9134,92.1889,119,1,0.05000
9135,92.0889,104,1,0.05000
9136,91.8111,105,1,0.05000
9137,93.1556,112,1,0.05000
9138,91.5667,111,1,0.05000
9139,91.3000,111,1,0.05000
9140,91.8222,96,1,0.05000
9141,92.4333,89,1,0.05000
9142,92.3778,102,1,0.05000
9143,93.4667,76,1,0.05000
9144,92.3333,98,1,0.05000
9145,91.5778,102,1,0.05000
9146,93.6111,79,1,0.05000
9147,91.4667,104,1,0.05000
9148,88.0000,152,1,0.05000
9149,91.2111,103,1,0.05000
9150,91.8222,104,1,0.05000
9151,91.7222,121,1,0.05000
9152,94.5000,79,1,0.05000
9153,93.8444,90,1,0.05000
9154,93.6667,82,1,0.05000
9155,90.2222,152,1,0.05000
9156,94.2333,79,1,0.05000
9157,92.6889,90,1,0.05000
9158,93.4111,81,1,0.05000
9159,93.3444,79,1,0.05000
9160,93.9889,85,1,0.05000
9161,93.7778,80,1,0.05000
9162,93.5889,81,1,0.05000
9163,93.3333,88,1,0.05000
9164,93.1778,94,1,0.05000
9165,94.3111,80,1,0.05000
9166,91.0444,102,1,0.05000
9167,92.7889,89,1,0.05000
9168,92.1556,98,1,0.05000
9169,91.4000,126,1,0.05000
9170,91.0111,137,1,0.05000
9171,91.4667,96,1,0.05000
9172,93.3889,83,1,0.05000
9173,93.7444,75,1,0.05000
9174,93.6556,75,1,0.05000
9175,94.0778,77,1,0.05000
9176,88.3556,176,1,0.05000
9177,93.4778,75,1,0.05000
9178,93.1111,84,1,0.05000
9179,89.5333,166,1,0.05000
9180,88.8111,175,1,0.05000
9181,93.6222,78,1,0.05000
9182,93.4111,81,1,0.05000
9183,90.7333,154,1,0.05000
9184,93.0111,85,1,0.05000
9185,93.5000,81,1,0.05000
9186,94.9444,79,1,0.05000
9187,94.7667,79,1,0.05000
9188,89.1444,161,1,0.05000
9189,94.7889,77,1,0.05000
9190,93.3000,91,1,0.05000
9191,94.7889,77,1,0.05000
9192,94.1889,83,1,0.05000
9193,90.0889,156,1,0.05000
9194,89.3778,156,1,0.05000
9195,91.8333,127,1,0.05000
9196,91.0000,146,1,0.05000
9197,93.3222,81,1,0.05000
9198,93.2222,74,1,0.05000
9199,93.0111,77,1,0.05000
9200,94.1000,75,1,0.05000
9201,92.9667,89,1,0.05000
9202,93.5000,81,1,0.05000
9203,94.5778,72,1,0.05000
9204,94.2333,71,1,0.05000
9205,92.9444,83,1,0.05000
9206,94.0333,81,1,0.05000
9207,91.8000,98,1,0.05000
9208,92.8444,84,1,0.05000
9209,92.2111,93,1,0.05000
9210,93.1667,79,1,0.05000
9211,92.3556,88,1,0.05000
9212,92.4000,92,1,0.05000
9213,94.3889,81,1,0.05000
9214,93.1000,93,1,0.05000
9215,94.7333,74,1,0.05000
9216,94.6111,77,1,0.05000
9217,93.2556,79,1,0.05000
9218,92.9222,77,1,0.05000
9219,94.7778,78,1,0.05000
9220,92.3222,83,1,0.05000
9221,94.3333,78,1,0.05000
9222,93.9667,71,1,0.05000
9223,92.6000,90,1,0.05000
9224,92.7333,126,1,0.05000
9225,91.6222,98,1,0.05000
9226,91.5889,101,1,0.05000
9227,94.6000,78,1,0.05000
9228,94.7000,77,1,0.05000
9229,92.7111,88,1,0.05000
9230,94.5444,75,1,0.05000
9231,91.9778,98,1,0.05000
9232,91.1556,108,1,0.05000
9233,94.3222,79,1,0.05000
9234,92.9000,87,1,0.05000
9235,88.6667,172,1,0.05000
9236,89.1000,165,1,0.05000
9237,89.8444,154,1,0.05000
9238,89.8667,160,1,0.05000
9239,90.1000,163,1,0.05000
9240,90.3222,111,1,0.05000
9241,88.7000,185,1,0.05000
9242,91.1000,145,1,0.05000
9243,90.6222,156,1,0.05000
9244,89.9889,157,1,0.05000
9245,90.2444,158,1,0.05000
9246,91.4333,155,1,0.05000
9247,90.5111,166,1,0.05000
9248,91.5889,133,1,0.05000
9249,90.6444,146,1,0.05000
9250,89.2667,174,1,0.05000
9251,92.1556,138,1,0.05000
9252,91.5111,164,1,0.05000
9253,91.8111,145,1,0.05000
9254,93.4000,130,1,0.05000
9255,90.8667,158,1,0.05000
9256,92.8778,129,1,0.05000
9257,91.6889,132,1,0.05000
9258,91.7667,133,1,0.05000
9259,92.8333,125,1,0.05000
9260,92.6556,125,1,0.05000
9261,89.7889,159,1,0.05000
9262,90.2889,162,1,0.05000
9263,90.1444,167,1,0.05000
9264,91.1000,137,1,0.05000
9265,92.1889,135,1,0.05000
9266,90.5111,150,1,0.05000
9267,92.9556,130,1,0.05000
9268,92.1333,140,1,0.05000
9269,93.6556,131,1,0.05000
9270,92.2000,134,1,0.05000
9271,89.8667,168,1,0.05000
9272,90.9667,149,1,0.05000
9273,92.3889,133,1,0.05000
9274,93.3778,124,1,0.05000
9275,91.9444,133,1,0.05000
9276,92.2111,141,1,0.05000
9277,92.9889,143,1,0.05000
9278,91.9111,136,1,0.05000
9279,93.0556,137,1,0.05000
9280,93.0889,134,1,0.05000
9281,88.0111,207,1,0.05000
9282,92.0889,128,1,0.05000
9283,91.9222,135,1,0.05000
9284,92.4111,139,1,0.05000
9285,92.0111,127,1,0.05000
9286,86.5778,264,1,0.05000
9287,91.7778,132,1,0.05000
9288,92.7222,135,1,0.05000
9289,91.6667,134,1,0.05000
9290,92.2444,130,1,0.05000
9291,85.3889,275,1,0.05000
9292,92.8889,128,1,0.05000
9293,86.5333,244,1,0.05000
9294,91.7444,127,1,0.05000
9295,88.0889,184,1,0.05000
9296,88.3667,207,1,0.05000
9297,87.0333,191,1,0.05000
9298,91.4889,134,1,0.05000
9299,91.9000,129,1,0.05000
9300,93.9778,78,1,0.05000
9301,91.2667,130,1,0.05000
9302,85.4333,239,1,0.05000
9303,90.0889,124,1,0.05000
9304,92.1000,135,1,0.05000
9305,91.4444,122,1,0.05000
9306,93.6778,73,1,0.05000
9307,83.9889,241,1,0.05000
9308,93.6111,79,1,0.05000
9309,93.6556,75,1,0.05000
9310,90.9222,121,1,0.05000
9311,94.1333,80,1,0.05000
9312,93.8556,81,1,0.05000
9313,88.4000,188,1,0.05000
9314,91.6556,151,1,0.05000
9315,93.7111,78,1,0.05000
9316,88.1444,211,1,0.05000
9317,93.6333,77,1,0.05000
9318,94.2222,80,1,0.05000
9319,92.8222,126,1,0.05000
9320,92.0556,131,1,0.05000
9321,91.0667,148,1,0.05000
9322,94.1778,84,1,0.05000
9323,91.0889,146,1,0.05000
9324,91.1556,140,1,0.05000
9325,92.0111,127,1,0.05000
9326,93.7111,86,1,0.05000
9327,89.6222,158,1,0.05000
9328,90.2000,154,1,0.05000
9329,93.4889,74,1,0.05000
9330,92.8778,121,1,0.05000
9331,90.3000,169,1,0.05000
9332,90.6444,138,1,0.05000
9333,93.3778,84,1,0.05000
9334,93.5778,90,1,0.05000
9335,90.3333,142,1,0.05000
9336,90.9667,125,1,0.05000
9337,90.0667,166,1,0.05000
9338,92.3222,99,1,0.05000
9339,89.6778,153,1,0.05000
9340,90.7111,140,1,0.05000
9341,89.9444,145,1,0.05000
9342,93.0556,121,1,0.05000
9343,90.4889,144,1,0.05000
9344,92.9778,120,1,0.05000
9345,93.3556,78,1,0.05000
9346,94.1556,78,1,0.05000
9347,92.9111,118,1,0.05000
9348,89.7333,148,1,0.05000
9349,92.9111,86,1,0.05000
9350,92.8556,123,1,0.05000
9351,94.3889,81,1,0.05000
9352,91.7889,123,1,0.05000
9353,93.8889,78,1,0.05000
9354,93.0444,82,1,0.05000
9355,90.0444,152,1,0.05000
9356,90.7333,146,1,0.05000
9357,90.5778,144,1,0.05000
9358,91.6111,147,1,0.05000
9359,92.6333,95,1,0.05000
9360,94.3889,73,1,0.05000
9361,90.8000,140,1,0.05000
9362,91.0444,150,1,0.05000
9363,92.6556,117,1,0.05000
9364,93.8889,94,1,0.05000
9365,93.5333,78,1,0.05000
9366,92.6222,120,1,0.05000
9367,93.5667,75,1,0.05000
9368,93.5778,74,1,0.05000
9369,92.6333,127,1,0.05000
9370,94.1889,83,1,0.05000
9371,93.1444,89,1,0.05000
9372,91.7222,121,1,0.05000
9373,93.3222,89,1,0.05000
9374,91.8556,125,1,0.05000
9375,90.5667,145,1,0.05000
9376,94.2444,78,1,0.05000
9377,90.3111,144,1,0.05000
9378,92.6778,123,1,0.05000
9379,90.3556,156,1,0.05000
9380,93.7889,87,1,0.05000
9381,93.1444,81,1,0.05000
9382,90.9444,135,1,0.05000
9383,94.0111,83,1,0.05000
9384,91.2111,151,1,0.05000
9385,90.9444,143,1,0.05000
9386,93.7000,79,1,0.05000
9387,93.0667,80,1,0.05000
9388,94.1333,80,1,0.05000
9389,94.7222,75,1,0.05000
9390,90.4000,144,1,0.05000
9391,92.4000,92,1,0.05000
9392,92.5667,125,1,0.05000
9393,91.4889,142,1,0.05000
9394,91.7889,123,1,0.05000
9395,90.6889,142,1,0.05000
9396,91.4556,129,1,0.05000
9397,91.7444,127,1,0.05000
9398,90.8889,148,1,0.05000
9399,93.7333,76,1,0.05000
9400,92.8556,83,1,0.05000
9401,90.0111,155,1,0.05000
9402,89.5333,150,1,0.05000
9403,94.3667,83,1,0.05000
9404,92.1556,130,1,0.05000
9405,91.9889,129,1,0.05000
9406,94.9889,83,1,0.05000
9407,94.5222,77,1,0.05000
9408,90.2667,156,1,0.05000
9409,94.0667,78,1,0.05000
9410,89.9778,150,1,0.05000
9411,94.6778,79,1,0.05000
9412,91.1333,142,1,0.05000
9413,90.4444,148,1,0.05000
9414,89.8889,142,1,0.05000
9415,94.1778,84,1,0.05000
9416,91.7778,132,1,0.05000
9417,89.4333,159,1,0.05000
9418,89.8000,158,1,0.05000
9419,90.2000,146,1,0.05000
9420,88.9444,179,1,0.05000
9421,88.6222,176,1,0.05000
9422,88.4444,168,1,0.05000
9423,90.5556,146,1,0.05000
9424,95.0667,84,1,0.05000
9425,89.1333,162,1,0.05000
9426,91.2778,129,1,0.05000
9427,91.3111,134,1,0.05000
9428,90.9889,131,1,0.05000
9429,88.4889,180,1,0.05000
9430,90.7000,149,1,0.05000
9431,91.3778,136,1,0.05000
9432,90.7778,142,1,0.05000
9433,89.1222,155,1,0.05000
9434,91.3778,136,1,0.05000
9435,91.5222,139,1,0.05000
9436,91.1444,133,1,0.05000
9437,91.5667,135,1,0.05000
9438,88.9333,172,1,0.05000
9439,91.0333,143,1,0.05000
9440,90.1222,145,1,0.05000
9441,89.0444,170,1,0.05000
9442,90.5222,165,1,0.05000
9443,90.9667,133,1,0.05000
9444,90.2667,156,1,0.05000
9445,91.2444,132,1,0.05000
9446,90.1111,170,1,0.05000
9447,91.3667,137,1,0.05000
9448,91.8556,133,1,0.05000
9449,91.8778,131,1,0.05000
9450,90.6667,136,1,0.05000
9451,90.0333,169,1,0.05000
9452,91.9111,128,1,0.05000
9453,91.0444,134,1,0.05000
9454,90.7444,137,1,0.05000
9455,90.4000,176,1,0.05000
9456,90.5667,169,1,0.05000
9457,91.0333,135,1,0.05000
9458,90.0778,157,1,0.05000
9459,91.3000,135,1,0.05000
9460,89.9222,163,1,0.05000
9461,91.2556,131,1,0.05000
9462,89.9667,167,1,0.05000
9463,91.4667,136,1,0.05000
9464,90.1667,157,1,0.05000
9465,90.8556,135,1,0.05000
9466,91.0556,141,1,0.05000
9467,92.8778,121,1,0.05000
9468,89.8000,150,1,0.05000
9469,91.2778,137,1,0.05000
9470,89.8667,152,1,0.05000
9471,92.0222,126,1,0.05000
9472,91.9333,142,1,0.05000
9473,90.3444,157,1,0.05000
9474,90.0111,147,1,0.05000
9475,92.5778,140,1,0.05000
9476,93.0444,138,1,0.05000
9477,91.4889,126,1,0.05000
9478,91.4889,126,1,0.05000
9479,91.9444,133,1,0.05000
9480,92.1333,124,1,0.05000
9481,92.9000,143,1,0.05000
9482,92.1000,135,1,0.05000
9483,92.6889,138,1,0.05000
9484,91.3889,127,1,0.05000
9485,90.0333,153,1,0.05000
9486,92.6333,143,1,0.05000
9487,91.4444,122,1,0.05000
9488,92.0444,132,1,0.05000
9489,89.5333,150,1,0.05000
9490,91.2111,135,1,0.05000
9491,90.9444,151,1,0.05000
9492,92.4111,131,1,0.05000
9493,92.0222,134,1,0.05000
9494,90.6444,154,1,0.05000
9495,92.7889,145,1,0.05000
9496,88.3778,190,1,0.05000
9497,90.0333,185,1,0.05000
9498,90.9000,155,1,0.05000
9499,91.8778,139,1,0.05000
9500,91.6444,144,1,0.05000
9501,89.9667,175,1,0.05000
9502,90.9000,171,1,0.05000
9503,88.2667,200,1,0.05000
9504,93.5333,142,1,0.05000
9505,92.0889,144,1,0.05000
9506,91.9778,138,1,0.05000
9507,91.4111,133,1,0.05000
9508,91.2111,151,1,0.05000
9509,92.2444,146,1,0.05000
9510,83.3333,324,1,0.05000
9511,92.1222,141,1,0.05000
9512,86.9111,234,1,0.05000
9513,91.6556,143,1,0.05000
9514,90.9667,149,1,0.05000
9515,92.1000,135,1,0.05000
9516,92.3778,150,1,0.05000
9517,91.7111,138,1,0.05000
9518,91.3556,138,1,0.05000
9519,91.5556,136,1,0.05000
9520,92.2333,147,1,0.05000
9521,89.2222,154,1,0.05000
9522,91.1000,145,1,0.05000
9523,91.0000,138,1,0.05000
9524,89.6333,157,1,0.05000
9525,91.2889,152,1,0.05000
9526,91.1222,151,1,0.05000
9527,89.8222,148,1,0.05000
9528,91.5444,137,1,0.05000
9529,91.6667,142,1,0.05000
9530,85.2000,244,1,0.05000
9531,87.5444,201,1,0.05000
9532,91.1111,144,1,0.05000
9533,90.7444,145,1,0.05000
9534,86.0333,225,1,0.05000
9535,79.3889,327,1,0.05000
9536,84.4333,273,1,0.05000
9537,88.1444,211,1,0.05000
9538,85.3000,235,1,0.05000
9539,91.2444,148,1,0.05000
9540,86.2444,222,1,0.05000
9541,87.0778,219,1,0.05000
9542,89.1111,164,1,0.05000
9543,86.7889,213,1,0.05000
9544,87.4556,217,1,0.05000
9545,78.5333,364,1,0.05000
9546,84.1667,289,1,0.05000
9547,87.3000,207,1,0.05000
9548,93.9000,85,1,0.05000
9549,86.2667,204,1,0.05000
9550,86.3111,200,1,0.05000
9551,81.4667,308,1,0.05000
9552,87.6222,194,1,0.05000
9553,86.6889,214,1,0.05000
9554,85.9444,209,1,0.05000
9555,92.2889,126,1,0.05000
9556,90.9667,141,1,0.05000
9557,90.8333,145,1,0.05000
9558,89.5778,170,1,0.05000
9559,87.7111,178,1,0.05000
9560,89.1889,165,1,0.05000
9561,89.5556,164,1,0.05000
9562,88.8222,174,1,0.05000
9563,90.0000,172,1,0.05000
9564,89.4111,161,1,0.05000
9565,89.6333,165,1,0.05000
9566,94.6444,82,1,0.05000
9567,90.0111,163,1,0.05000
9568,88.0111,175,1,0.05000
9569,89.1778,166,1,0.05000
9570,89.0444,170,1,0.05000
9571,94.5667,81,1,0.05000
9572,93.8778,79,1,0.05000
9573,94.2222,80,1,0.05000
9574,94.2000,82,1,0.05000
9575,94.0667,86,1,0.05000
9576,94.2111,81,1,0.05000
9577,93.6667,82,1,0.05000
9578,93.1222,91,1,0.05000
9579,92.9778,88,1,0.05000
9580,92.3667,95,1,0.05000
9581,94.2333,87,1,0.05000
9582,94.6333,83,1,0.05000
9583,91.8889,98,1,0.05000
9584,93.8222,84,1,0.05000
9585,93.0889,86,1,0.05000
9586,94.2000,82,1,0.05000
9587,93.7444,83,1,0.05000
9588,93.7333,84,1,0.05000
9589,92.5778,92,1,0.05000
9590,88.8889,168,1,0.05000
9591,94.0556,79,1,0.05000
9592,93.4556,85,1,0.05000
9593,94.3778,82,1,0.05000
9594,93.9111,84,1,0.05000
9595,94.0667,78,1,0.05000
9596,93.8556,81,1,0.05000
9597,93.1778,86,1,0.05000
9598,93.7556,82,1,0.05000
9599,93.6333,85,1,0.05000
9600,91.3444,147,1,0.05000
9601,93.1667,87,1,0.05000
9602,91.5444,145,1,0.05000
9603,91.6333,145,1,0.05000
9604,92.8333,93,1,0.05000
9605,93.6556,83,1,0.05000
9606,93.8444,82,1,0.05000
9607,89.5000,153,1,0.05000
9608,93.8667,80,1,0.05000
9609,92.2556,97,1,0.05000
9610,89.9778,166,1,0.05000
9611,93.1889,85,1,0.05000
9612,93.4111,89,1,0.05000
9613,93.3556,78,1,0.05000
9614,93.8556,81,1,0.05000
9615,88.8556,171,1,0.05000
9616,93.8556,81,1,0.05000
9617,93.5889,81,1,0.05000
9618,93.7000,87,1,0.05000
9619,92.7667,91,1,0.05000
9620,93.6444,84,1,0.05000
9621,93.5667,83,1,0.05000
9622,94.0667,86,1,0.05000
9623,88.7111,168,1,0.05000
9624,89.5889,161,1,0.05000
9625,88.7889,177,1,0.05000
9626,92.9778,88,1,0.05000
9627,93.3333,88,1,0.05000
9628,93.7111,86,1,0.05000
9629,93.3444,87,1,0.05000
9630,93.3000,91,1,0.05000
9631,91.6667,102,1,0.05000
9632,89.7778,168,1,0.05000
9633,93.0222,92,1,0.05000
9634,92.9000,87,1,0.05000
9635,92.8889,88,1,0.05000
9636,92.3889,93,1,0.05000
9637,92.7556,92,1,0.05000
9638,88.7667,163,1,0.05000
9639,91.7111,98,1,0.05000
9640,92.2778,95,1,0.05000
9641,87.6556,175,1,0.05000
9642,88.7556,164,1,0.05000
9643,90.6111,141,1,0.05000
9644,88.8667,162,1,0.05000
9645,89.9444,161,1,0.05000
9646,90.5667,137,1,0.05000
9647,90.6667,104,1,0.05000
9648,89.4111,161,1,0.05000
9649,89.2333,161,1,0.05000
9650,88.8889,160,1,0.05000
9651,91.8889,98,1,0.05000
9652,92.6556,93,1,0.05000
9653,92.1000,95,1,0.05000
9654,91.1556,140,1,0.05000
9655,90.5444,139,1,0.05000
9656,92.1667,97,1,0.05000
9657,90.5333,140,1,0.05000
9658,89.6222,150,1,0.05000
9659,90.9778,148,1,0.05000
9660,90.8222,146,1,0.05000
9661,89.6667,162,1,0.05000
9662,92.6111,89,1,0.05000
9663,90.6111,149,1,0.05000
9664,88.0778,169,1,0.05000
9665,88.6556,157,1,0.05000
9666,90.3889,145,1,0.05000
9667,90.0889,140,1,0.05000
9668,88.6000,162,1,0.05000
9669,90.8889,140,1,0.05000
9670,91.3111,142,1,0.05000
9671,91.0111,145,1,0.05000
9672,89.8667,144,1,0.05000
9673,90.0333,145,1,0.05000
9674,89.8667,144,1,0.05000
9675,90.2778,155,1,0.05000
9676,88.4333,161,1,0.05000
9677,89.7556,154,1,0.05000
9678,89.7667,153,1,0.05000
9679,90.2222,152,1,0.05000
9680,90.0778,157,1,0.05000
9681,90.0222,154,1,0.05000
9682,89.9556,152,1,0.05000
9683,89.5778,162,1,0.05000
9684,88.8667,162,1,0.05000
9685,89.9222,155,1,0.05000
9686,85.9000,229,1,0.05000
9687,91.2000,136,1,0.05000
9688,91.7333,136,1,0.05000
9689,89.8000,150,1,0.05000
9690,89.2000,156,1,0.05000
9691,90.7778,142,1,0.05000
9692,89.8778,151,1,0.05000
9693,91.5556,104,1,0.05000
9694,90.4000,152,1,0.05000
9695,90.7556,152,1,0.05000
9696,90.0444,152,1,0.05000
9697,91.5111,140,1,0.05000
9698,90.0889,156,1,0.05000
9699,90.9444,143,1,0.05000
9700,90.0778,149,1,0.05000
9701,90.7111,148,1,0.05000
9702,91.5444,137,1,0.05000
9703,90.6889,142,1,0.05000
9704,91.3333,140,1,0.05000
9705,90.7222,147,1,0.05000
9706,91.2444,140,1,0.05000
9707,90.2667,148,1,0.05000
9708,92.2222,140,1,0.05000
9709,92.6778,139,1,0.05000
9710,89.7111,158,1,0.05000
9711,90.5778,144,1,0.05000
9712,91.4444,138,1,0.05000
9713,89.2778,157,1,0.05000
9714,91.7333,128,1,0.05000
9715,88.8889,160,1,0.05000
9716,90.9444,143,1,0.05000
9717,89.5333,150,1,0.05000
9718,90.1889,155,1,0.05000
9719,90.9889,147,1,0.05000
9720,89.6333,165,1,0.05000
9721,90.9667,141,1,0.05000
9722,91.3889,135,1,0.05000
9723,91.6889,140,1,0.05000
9724,90.4222,142,1,0.05000
9725,91.5222,139,1,0.05000
9726,88.7333,150,1,0.05000
9727,91.7000,139,1,0.05000
9728,90.0333,153,1,0.05000
9729,90.2333,151,1,0.05000
9730,89.3778,156,1,0.05000
9731,92.0778,137,1,0.05000
9732,91.0111,145,1,0.05000
9733,90.8889,140,1,0.05000
9734,89.6556,155,1,0.05000
9735,90.9111,146,1,0.05000
9736,91.0667,140,1,0.05000
9737,90.4556,155,1,0.05000
9738,90.4222,158,1,0.05000
9739,91.3444,139,1,0.05000
9740,90.6556,153,1,0.05000
9741,91.7778,140,1,0.05000
9742,90.8889,140,1,0.05000
9743,90.6111,149,1,0.05000
9744,90.8778,141,1,0.05000
9745,90.4889,144,1,0.05000
9746,91.6000,140,1,0.05000
9747,90.5000,143,1,0.05000
9748,90.3444,149,1,0.05000
9749,90.6667,144,1,0.05000
9750,91.3000,143,1,0.05000
9751,92.3556,136,1,0.05000
9752,88.8778,177,1,0.05000
9753,93.1000,133,1,0.05000
9754,91.2444,140,1,0.05000
9755,91.2556,139,1,0.05000
9756,92.0333,141,1,0.05000
9757,90.0111,147,1,0.05000
9758,92.0556,139,1,0.05000
9759,88.4444,216,1,0.05000
9760,90.5556,154,1,0.05000
9761,92.1111,142,1,0.05000
9762,89.4333,151,1,0.05000
9763,91.3444,147,1,0.05000
9764,90.4333,149,1,0.05000
9765,85.4444,230,1,0.05000
9766,90.2667,148,1,0.05000
9767,92.1333,140,1,0.05000
9768,91.2111,143,1,0.05000
9769,92.8222,142,1,0.05000
9770,92.2333,139,1,0.05000
9771,92.1889,143,1,0.05000
9772,90.1778,164,1,0.05000
9773,90.6000,158,1,0.05000
9774,86.5889,223,1,0.05000
9775,86.3556,204,1,0.05000
9776,87.2333,213,1,0.05000
9777,91.1000,137,1,0.05000
9778,88.9333,180,1,0.05000
9779,87.0222,224,1,0.05000
9780,85.7667,225,1,0.05000
9781,86.2222,232,1,0.05000
9782,91.2556,131,1,0.05000
9783,92.7444,117,1,0.05000
9784,91.6889,140,1,0.05000
9785,86.7667,223,1,0.05000
9786,87.9667,187,1,0.05000
9787,83.3000,271,1,0.05000
9788,82.4778,329,1,0.05000
9789,89.4000,178,1,0.05000
9790,88.4222,170,1,0.05000
9791,92.3889,117,1,0.05000
9792,70.6556,545,1,0.05000
9793,90.9000,147,1,0.05000
9794,90.5444,163,1,0.05000
9795,89.8778,159,1,0.05000
9796,92.7000,129,1,0.05000
9797,90.6000,150,1,0.05000
9798,90.4111,159,1,0.05000
9799,90.2556,149,1,0.05000
9800,92.1556,122,1,0.05000
9801,94.0222,74,1,0.05000
9802,94.2222,80,1,0.05000
9803,93.7111,78,1,0.05000
9804,90.9889,115,1,0.05000
9805,94.1333,80,1,0.05000
9806,92.9111,94,1,0.05000
9807,93.6778,89,1,0.05000
9808,93.9000,77,1,0.05000
9809,93.9000,77,1,0.05000
9810,94.0778,77,1,0.05000
9811,94.0111,75,1,0.05000
9812,93.4556,77,1,0.05000
9813,93.2667,78,1,0.05000
9814,93.8556,81,1,0.05000
9815,89.8667,152,1,0.05000
9816,94.2111,73,1,0.05000
9817,93.4778,83,1,0.05000
9818,94.2556,77,1,0.05000
9819,93.6667,90,1,0.05000
9820,93.6667,74,1,0.05000
9821,93.6444,92,1,0.05000
9822,92.3667,95,1,0.05000
9823,92.7889,89,1,0.05000
9824,91.8556,101,1,0.05000
9825,92.8667,98,1,0.05000
9826,94.1556,78,1,0.05000
9827,94.1667,77,1,0.05000
9828,94.3111,80,1,0.05000
9829,93.7667,81,1,0.05000
9830,93.5556,76,1,0.05000
9831,93.2444,80,1,0.05000
9832,93.6000,80,1,0.05000
9833,94.0889,76,1,0.05000
9834,93.4667,76,1,0.05000
9835,93.8444,74,1,0.05000
9836,93.7444,75,1,0.05000
9837,93.5556,76,1,0.05000
9838,90.3556,132,1,0.05000
9839,93.5333,78,1,0.05000
9840,94.0000,76,1,0.05000
9841,93.1444,81,1,0.05000
9842,93.9222,75,1,0.05000
9843,93.9333,74,1,0.05000
9844,94.0667,78,1,0.05000
9845,93.2556,79,1,0.05000
9846,90.0111,131,1,0.05000
9847,93.6000,80,1,0.05000
9848,93.4444,78,1,0.05000
9849,93.4444,78,1,0.05000
9850,93.7444,75,1,0.05000
9851,93.4556,77,1,0.05000
9852,93.6778,73,1,0.05000
9853,93.7556,82,1,0.05000
9854,93.3667,77,1,0.05000
9855,93.6333,77,1,0.05000
9856,93.7111,78,1,0.05000
9857,93.4778,75,1,0.05000
9858,93.5000,73,1,0.05000
9859,93.8222,76,1,0.05000
9860,93.2000,76,1,0.05000
9861,93.5444,77,1,0.05000
9862,93.2111,75,1,0.05000
9863,93.5778,74,1,0.05000
9864,93.4444,78,1,0.05000
9865,93.4889,74,1,0.05000
9866,93.0889,78,1,0.05000
9867,92.9111,78,1,0.05000
9868,93.8111,77,1,0.05000
9869,93.5778,74,1,0.05000
9870,93.4000,74,1,0.05000
9871,93.5333,78,1,0.05000
9872,93.8222,76,1,0.05000
9873,89.9667,151,1,0.05000
9874,90.1111,146,1,0.05000
9875,93.3889,75,1,0.05000
9876,90.0889,148,1,0.05000
9877,93.3556,78,1,0.05000
9878,93.3000,83,1,0.05000
9879,93.3333,80,1,0.05000
9880,93.3333,80,1,0.05000
9881,90.3222,151,1,0.05000
9882,93.2778,77,1,0.05000
9883,93.1556,80,1,0.05000
9884,93.2889,76,1,0.05000
9885,93.4667,76,1,0.05000
9886,93.5667,75,1,0.05000
9887,93.5667,75,1,0.05000
9888,90.1444,151,1,0.05000
9889,93.3333,80,1,0.05000
9890,93.2000,76,1,0.05000
9891,93.2778,77,1,0.05000
9892,93.1778,78,1,0.05000
9893,93.1889,77,1,0.05000
9894,93.1667,79,1,0.05000
9895,93.5333,78,1,0.05000
9896,93.6778,81,1,0.05000
9897,93.0778,79,1,0.05000
9898,93.6000,80,1,0.05000
9899,93.7778,80,1,0.05000
9900,89.4667,156,1,0.05000
9901,93.1778,78,1,0.05000
9902,93.4333,79,1,0.05000
9903,93.6000,80,1,0.05000
9904,89.5444,157,1,0.05000
9905,93.4556,77,1,0.05000
9906,93.3333,80,1,0.05000
9907,93.5444,77,1,0.05000
9908,93.1667,79,1,0.05000
9909,93.0889,78,1,0.05000
9910,93.0778,79,1,0.05000
9911,93.7000,79,1,0.05000
9912,93.4222,80,1,0.05000
9913,93.4444,78,1,0.05000
9914,89.1000,157,1,0.05000
9915,93.2667,78,1,0.05000
9916,93.6222,78,1,0.05000
9917,93.3556,78,1,0.05000
9918,93.8000,78,1,0.05000
9919,93.9667,79,1,0.05000
9920,93.1778,78,1,0.05000
9921,94.0778,77,1,0.05000
9922,93.2889,76,1,0.05000
9923,93.5444,77,1,0.05000
9924,93.3556,78,1,0.05000
9925,89.3111,154,1,0.05000
9926,93.4444,78,1,0.05000
9927,92.5889,83,1,0.05000
9928,89.8556,153,1,0.05000
9929,93.3556,78,1,0.05000
9930,93.4333,79,1,0.05000
9931,93.2333,81,1,0.05000
9932,90.4889,112,1,0.05000
9933,89.7333,148,1,0.05000
9934,93.8556,81,1,0.05000
9935,93.3444,79,1,0.05000
9936,93.1111,76,1,0.05000
9937,93.3111,74,1,0.05000
9938,93.6222,78,1,0.05000
9939,93.4333,79,1,0.05000
9940,93.2000,76,1,0.05000
9941,90.5222,149,1,0.05000
9942,93.3444,79,1,0.05000
9943,92.9667,81,1,0.05000
9944,93.3444,79,1,0.05000
9945,93.0556,81,1,0.05000
9946,92.8667,82,1,0.05000
9947,93.1111,76,1,0.05000
9948,93.1889,77,1,0.05000
9949,93.2556,79,1,0.05000
9950,89.6444,148,1,0.05000
9951,92.3222,83,1,0.05000
9952,92.9333,76,1,0.05000
9953,93.0778,79,1,0.05000
9954,93.0444,82,1,0.05000
9955,93.4222,80,1,0.05000
9956,88.5222,161,1,0.05000
9957,93.0000,78,1,0.05000
9958,93.1444,81,1,0.05000
9959,93.0667,80,1,0.05000
9960,93.1667,79,1,0.05000
9961,93.0667,80,1,0.05000
9962,93.0889,78,1,0.05000
9963,93.2000,76,1,0.05000
9964,93.1667,79,1,0.05000
9965,93.1000,77,1,0.05000
9966,92.9667,81,1,0.05000
9967,93.4000,82,1,0.05000
9968,93.5111,80,1,0.05000
9969,93.1000,77,1,0.05000
9970,89.0000,158,1,0.05000
9971,93.4222,80,1,0.05000
9972,92.7889,81,1,0.05000
9973,93.1667,79,1,0.05000
9974,93.0667,80,1,0.05000
9975,93.2333,81,1,0.05000
9976,93.0778,79,1,0.05000
9977,93.3444,79,1,0.05000
9978,93.5889,81,1,0.05000
9979,93.1556,80,1,0.05000
9980,92.7889,81,1,0.05000
9981,93.6778,81,1,0.05000
9982,93.3556,78,1,0.05000
9983,93.3444,79,1,0.05000
9984,92.8000,80,1,0.05000
9985,93.7000,79,1,0.05000
9986,93.4667,76,1,0.05000
9987,93.2000,76,1,0.05000
9988,93.8778,79,1,0.05000
9989,93.1778,78,1,0.05000
9990,93.6000,80,1,0.05000
9991,93.4222,80,1,0.05000
9992,93.1333,82,1,0.05000
9993,93.3444,79,1,0.05000
9994,92.8556,83,1,0.05000
9995,93.2667,78,1,0.05000
9996,92.7222,79,1,0.05000
9997,93.0778,79,1,0.05000
9998,93.3222,81,1,0.05000
9999,89.7444,155,1,0.05000
