episode,reward,steps,success,epsilon
0,-51.9250,999,0,1.00000
1,-50.7250,999,0,0.99900
2,-51.4000,999,0,0.99800
3,-50.4250,999,0,0.99700
4,-49.0250,999,0,0.99601
5,-47.9750,999,0,0.99501
6,-48.9250,999,0,0.99401
7,-49.8750,999,0,0.99302
8,-48.2000,999,0,0.99203
9,-48.6000,999,0,0.99104
10,-50.1250,999,0,0.99004
11,-51.7500,999,0,0.98905
12,-49.4750,999,0,0.98807
13,-49.6750,999,0,0.98708
14,-49.9250,999,0,0.98609
15,-48.5500,999,0,0.98510
16,-49.9500,999,0,0.98412
17,-48.6500,999,0,0.98314
18,-49.4250,999,0,0.98215
19,-48.6750,999,0,0.98117
20,-50.6000,999,0,0.98019
21,-51.1250,999,0,0.97921
22,-47.7000,999,0,0.97823
23,-49.4250,999,0,0.97725
24,-48.2500,999,0,0.97627
25,-48.4250,999,0,0.97530
26,-48.5250,999,0,0.97432
27,-48.2250,999,0,0.97335
28,-49.3000,999,0,0.97237
29,-45.6000,999,0,0.97140
30,-49.4500,999,0,0.97043
31,-49.6750,999,0,0.96946
32,-46.6750,999,0,0.96849
33,-47.7250,999,0,0.96752
34,-50.1500,999,0,0.96656
35,-49.2000,999,0,0.96559
36,-48.2500,999,0,0.96462
37,-48.5250,999,0,0.96366
38,-46.4000,999,0,0.96269
39,-47.6250,999,0,0.96173
40,59.6750,813,1,0.96077
41,-51.0500,999,0,0.95981
42,-48.0000,999,0,0.95885
43,-47.0000,999,0,0.95789
44,-46.3500,999,0,0.95693
45,-46.2500,999,0,0.95598
46,-46.0250,999,0,0.95502
47,-46.4500,999,0,0.95406
48,-46.2000,999,0,0.95311
49,-48.5000,999,0,0.95216
50,-47.0250,999,0,0.95121
51,-46.8000,999,0,0.95025
52,-45.6250,999,0,0.94930
53,-48.9250,999,0,0.94835
54,-49.1000,999,0,0.94741
55,-46.2000,999,0,0.94646
56,-48.0750,999,0,0.94551
57,-48.3000,999,0,0.94457
58,-47.4000,999,0,0.94362
59,-46.3500,999,0,0.94268
60,-46.8250,999,0,0.94174
61,-47.4750,999,0,0.94079
62,-48.8750,999,0,0.93985
63,-46.5250,999,0,0.93891
64,-49.0750,999,0,0.93797
65,-45.3750,999,0,0.93704
66,-45.8750,999,0,0.93610
67,-47.8000,999,0,0.93516
68,-48.4500,999,0,0.93423
69,-45.4750,999,0,0.93329
70,-46.0750,999,0,0.93236
71,-46.5500,999,0,0.93143
72,-46.2750,999,0,0.93050
73,-44.8250,999,0,0.92957
74,-45.4500,999,0,0.92864
75,-47.2250,999,0,0.92771
76,-47.0500,999,0,0.92678
77,-47.5000,999,0,0.92585
78,-47.3000,999,0,0.92493
79,-45.2000,999,0,0.92400
80,-46.6500,999,0,0.92308
81,-46.8750,999,0,0.92216
82,-46.0500,999,0,0.92123
83,-44.5000,999,0,0.92031
84,-45.4250,999,0,0.91939
85,-46.3750,999,0,0.91847
86,-47.3000,999,0,0.91755
87,-46.4500,999,0,0.91664
88,-45.4750,999,0,0.91572
89,-45.3250,999,0,0.91480
90,-45.6000,999,0,0.91389
91,-43.7500,999,0,0.91298
92,-45.2250,999,0,0.91206
93,-44.6250,999,0,0.91115
94,-48.5000,999,0,0.91024
95,-44.1250,999,0,0.90933
96,-43.5750,999,0,0.90842
97,-45.2500,999,0,0.90751
98,64.7750,807,1,0.90660
99,-46.9000,999,0,0.90570
100,-46.7750,999,0,0.90479
101,-42.9750,999,0,0.90389
102,-44.5750,999,0,0.90298
103,-46.7750,999,0,0.90208
104,-44.8250,999,0,0.90118
105,-44.1750,999,0,0.90028
106,-45.2250,999,0,0.89938
107,-43.6250,999,0,0.89848
108,-46.7750,999,0,0.89758
109,-46.0000,999,0,0.89668
110,-44.9000,999,0,0.89578
111,-43.9750,999,0,0.89489
112,-46.3000,999,0,0.89399
113,-44.4250,999,0,0.89310
114,-43.9250,999,0,0.89221
115,-44.2750,999,0,0.89131
116,-46.9250,999,0,0.89042
117,-43.2500,999,0,0.88953
118,-43.1500,999,0,0.88864
119,-43.5500,999,0,0.88775
120,-42.4750,999,0,0.88687
121,-44.1250,999,0,0.88598
122,-45.4500,999,0,0.88509
123,-43.8250,999,0,0.88421
124,-39.7250,999,0,0.88333
125,-47.2000,999,0,0.88244
126,-46.5000,999,0,0.88156
127,-45.2000,999,0,0.88068
128,-43.7250,999,0,0.87980
129,-43.8750,999,0,0.87892
130,-44.7250,999,0,0.87804
131,-42.8750,999,0,0.87716
132,-44.0000,999,0,0.87628
133,-44.0000,999,0,0.87541
134,-43.5750,999,0,0.87453
135,-43.9000,999,0,0.87366
136,-45.1750,999,0,0.87278
137,-42.9250,999,0,0.87191
138,-42.6250,999,0,0.87104
139,-42.3750,999,0,0.87017
140,-44.1500,999,0,0.86930
141,-42.4750,999,0,0.86843
142,-42.8000,999,0,0.86756
143,-42.5000,999,0,0.86669
144,-43.9500,999,0,0.86583
145,-41.9000,999,0,0.86496
146,-41.1000,999,0,0.86409
147,-42.2250,999,0,0.86323
148,-44.1750,999,0,0.86237
149,-42.5250,999,0,0.86150
150,-42.0750,999,0,0.86064
151,-42.3000,999,0,0.85978
152,-44.6500,999,0,0.85892
153,-41.3500,999,0,0.85806
154,-42.5000,999,0,0.85721
155,-43.1500,999,0,0.85635
156,-44.2750,999,0,0.85549
157,-45.2000,999,0,0.85464
158,-41.5500,999,0,0.85378
159,-40.3750,999,0,0.85293
160,-43.1500,999,0,0.85208
161,-42.4250,999,0,0.85122
162,-41.8250,999,0,0.85037
163,-41.1000,999,0,0.84952
164,-43.2000,999,0,0.84867
165,-42.7250,999,0,0.84782
166,-41.6000,999,0,0.84698
167,-40.2750,999,0,0.84613
168,-41.0000,999,0,0.84528
169,-41.9250,999,0,0.84444
170,-39.6500,999,0,0.84359
171,-41.5000,999,0,0.84275
172,-42.5250,999,0,0.84191
173,-44.5000,999,0,0.84106
174,-40.6500,999,0,0.84022
175,-43.1750,999,0,0.83938
176,-43.4250,999,0,0.83854
177,-39.9750,999,0,0.83771
178,-41.5500,999,0,0.83687
179,-42.1000,999,0,0.83603
180,-40.3250,999,0,0.83519
181,-43.6750,999,0,0.83436
182,-39.7500,999,0,0.83353
183,-42.7250,999,0,0.83269
184,-42.0500,999,0,0.83186
185,-41.7750,999,0,0.83103
186,-41.4750,999,0,0.83020
187,-38.9000,999,0,0.82937
188,-42.0750,999,0,0.82854
189,-39.2000,999,0,0.82771
190,-40.3000,999,0,0.82688
191,-45.1000,999,0,0.82605
192,-41.1000,999,0,0.82523
193,-41.6000,999,0,0.82440
194,-40.1500,999,0,0.82358
195,-41.5500,999,0,0.82275
196,-40.2750,999,0,0.82193
197,-42.0250,999,0,0.82111
198,-41.4000,999,0,0.82029
199,-40.0250,999,0,0.81947
200,-41.0250,999,0,0.81865
201,-41.2750,999,0,0.81783
202,67.0000,790,1,0.81701
203,-43.1000,999,0,0.81620
204,-37.7750,999,0,0.81538
205,-41.0500,999,0,0.81456
206,-38.8500,999,0,0.81375
207,-41.0000,999,0,0.81294
208,-42.5500,999,0,0.81212
209,-43.0000,999,0,0.81131
210,-41.8500,999,0,0.81050
211,-40.2250,999,0,0.80969
212,-43.0250,999,0,0.80888
213,-40.7250,999,0,0.80807
214,-40.3000,999,0,0.80726
215,-42.3750,999,0,0.80645
216,-38.5250,999,0,0.80565
217,-41.0500,999,0,0.80484
218,-38.4500,999,0,0.80404
219,-40.3500,999,0,0.80323
220,-38.6250,999,0,0.80243
221,-39.6250,999,0,0.80163
222,-40.0000,999,0,0.80083
223,-39.0500,999,0,0.80003
224,-40.6750,999,0,0.79923
225,-41.9750,999,0,0.79843
226,-41.1000,999,0,0.79763
227,-40.1250,999,0,0.79683
228,-39.7750,999,0,0.79603
229,-39.3750,999,0,0.79524
230,-39.9000,999,0,0.79444
231,-39.9000,999,0,0.79365
232,-38.6250,999,0,0.79285
233,-39.3500,999,0,0.79206
234,-38.3500,999,0,0.79127
235,-39.2500,999,0,0.79048
236,-39.1250,999,0,0.78969
237,-38.5500,999,0,0.78890
238,-40.3250,999,0,0.78811
239,-40.8000,999,0,0.78732
240,-37.4750,999,0,0.78653
241,-40.5000,999,0,0.78575
242,-38.8750,999,0,0.78496
243,-37.9500,999,0,0.78418
244,-38.5000,999,0,0.78339
245,-41.3500,999,0,0.78261
246,-40.1500,999,0,0.78183
247,-40.4750,999,0,0.78104
248,-38.9000,999,0,0.78026
249,-38.2750,999,0,0.77948
250,-38.7000,999,0,0.77870
251,-38.4000,999,0,0.77792
252,-38.0750,999,0,0.77715
253,-37.3000,999,0,0.77637
254,-39.7250,999,0,0.77559
255,-39.3000,999,0,0.77482
256,-40.5500,999,0,0.77404
257,-38.7500,999,0,0.77327
258,-38.0500,999,0,0.77250
259,-38.0500,999,0,0.77172
260,-37.3500,999,0,0.77095
261,-37.0750,999,0,0.77018
262,-37.9500,999,0,0.76941
263,-40.9750,999,0,0.76864
264,-35.6500,999,0,0.76787
265,-39.2500,999,0,0.76710
266,-36.2750,999,0,0.76634
267,-38.5500,999,0,0.76557
268,-35.5000,999,0,0.76481
269,-38.2250,999,0,0.76404
270,-37.2750,999,0,0.76328
271,-37.2250,999,0,0.76251
272,-36.2500,999,0,0.76175
273,-35.5000,999,0,0.76099
274,-39.8250,999,0,0.76023
275,-38.4500,999,0,0.75947
276,-37.6250,999,0,0.75871
277,-38.9500,999,0,0.75795
278,-38.6250,999,0,0.75719
279,-36.7250,999,0,0.75643
280,-36.8750,999,0,0.75568
281,-35.5000,999,0,0.75492
282,-40.1000,999,0,0.75417
283,-39.4000,999,0,0.75341
284,-38.7250,999,0,0.75266
285,-38.4750,999,0,0.75191
286,-37.4000,999,0,0.75116
287,-36.8000,999,0,0.75040
288,-36.1000,999,0,0.74965
289,-37.2750,999,0,0.74890
290,-35.6250,999,0,0.74816
291,-39.2250,999,0,0.74741
292,-39.4500,999,0,0.74666
293,-39.1750,999,0,0.74591
294,-35.9000,999,0,0.74517
295,-37.8250,999,0,0.74442
296,-36.1000,999,0,0.74368
297,-36.3000,999,0,0.74293
298,-38.3750,999,0,0.74219
299,-36.8750,999,0,0.74145
300,-36.5000,999,0,0.74071
301,-36.1500,999,0,0.73997
302,-37.3000,999,0,0.73923
303,-37.4250,999,0,0.73849
304,-38.5000,999,0,0.73775
305,-37.8500,999,0,0.73701
306,-36.7500,999,0,0.73627
307,-35.8750,999,0,0.73554
308,-36.3250,999,0,0.73480
309,-37.6250,999,0,0.73407
310,-37.6250,999,0,0.73333
311,-35.0500,999,0,0.73260
312,-37.0000,999,0,0.73187
313,-39.1500,999,0,0.73114
314,-38.7000,999,0,0.73040
315,-37.5750,999,0,0.72967
316,-36.3250,999,0,0.72894
317,-34.8750,999,0,0.72822
318,-39.3750,999,0,0.72749
319,-35.9750,999,0,0.72676
320,-34.6500,999,0,0.72603
321,-37.1750,999,0,0.72531
322,-36.6750,999,0,0.72458
323,-37.1750,999,0,0.72386
324,-35.0750,999,0,0.72313
325,-33.2000,999,0,0.72241
326,-35.3000,999,0,0.72169
327,-37.1000,999,0,0.72097
328,-37.0000,999,0,0.72024
329,-35.7000,999,0,0.71952
330,-36.7750,999,0,0.71881
331,-34.3000,999,0,0.71809
332,-36.3500,999,0,0.71737
333,-36.7500,999,0,0.71665
334,-35.0250,999,0,0.71593
335,-35.1000,999,0,0.71522
336,-36.2000,999,0,0.71450
337,-36.1250,999,0,0.71379
338,-34.2500,999,0,0.71307
339,-36.3500,999,0,0.71236
340,-34.5500,999,0,0.71165
341,-34.7500,999,0,0.71094
342,-34.7000,999,0,0.71023
343,-35.3250,999,0,0.70952
344,-34.5500,999,0,0.70881
345,-35.1250,999,0,0.70810
346,-36.9750,999,0,0.70739
347,-37.5250,999,0,0.70668
348,-35.9500,999,0,0.70598
349,-35.8500,999,0,0.70527
350,-36.0500,999,0,0.70456
351,-33.7750,999,0,0.70386
352,-35.3750,999,0,0.70316
353,-34.1500,999,0,0.70245
354,-35.6250,999,0,0.70175
355,-35.8750,999,0,0.70105
356,-32.6750,999,0,0.70035
357,-36.7000,999,0,0.69965
358,-32.6250,999,0,0.69895
359,-35.3750,999,0,0.69825
360,-32.2750,999,0,0.69755
361,-34.4250,999,0,0.69685
362,-33.0750,999,0,0.69616
363,-34.4500,999,0,0.69546
364,-36.0250,999,0,0.69476
365,-35.9000,999,0,0.69407
366,-36.6000,999,0,0.69338
367,-34.2500,999,0,0.69268
368,-31.5000,999,0,0.69199
369,-35.5250,999,0,0.69130
370,-31.7000,999,0,0.69061
371,-34.3250,999,0,0.68992
372,-37.5750,999,0,0.68923
373,-34.0500,999,0,0.68854
374,-33.8500,999,0,0.68785
375,-33.8250,999,0,0.68716
376,-37.5250,999,0,0.68647
377,-35.5500,999,0,0.68579
378,-34.1750,999,0,0.68510
379,-34.5750,999,0,0.68442
380,-33.7750,999,0,0.68373
381,-35.1750,999,0,0.68305
382,-32.5500,999,0,0.68236
383,-36.5250,999,0,0.68168
384,-33.4000,999,0,0.68100
385,-34.6000,999,0,0.68032
386,-34.3500,999,0,0.67964
387,-34.8500,999,0,0.67896
388,-35.3500,999,0,0.67828
389,-33.3500,999,0,0.67760
390,-32.4750,999,0,0.67692
391,-36.1500,999,0,0.67625
392,-34.5250,999,0,0.67557
393,-32.3250,999,0,0.67490
394,-33.3250,999,0,0.67422
395,-33.1000,999,0,0.67355
396,-34.6000,999,0,0.67287
397,-32.5500,999,0,0.67220
398,-35.1000,999,0,0.67153
399,-33.2500,999,0,0.67086
400,-32.9750,999,0,0.67019
401,-34.5000,999,0,0.66952
402,-35.5500,999,0,0.66885
403,-34.7750,999,0,0.66818
404,-31.9750,999,0,0.66751
405,-32.6250,999,0,0.66684
406,-31.3000,999,0,0.66617
407,-31.7750,999,0,0.66551
408,-32.4750,999,0,0.66484
409,-32.4500,999,0,0.66418
410,-31.6250,999,0,0.66351
411,-34.2750,999,0,0.66285
412,-32.1500,999,0,0.66219
413,-32.3750,999,0,0.66153
414,-31.5500,999,0,0.66086
415,-31.7750,999,0,0.66020
416,-32.3250,999,0,0.65954
417,-35.3250,999,0,0.65888
418,-33.1000,999,0,0.65822
419,-30.4750,999,0,0.65757
420,-30.6750,999,0,0.65691
421,-31.2000,999,0,0.65625
422,-33.0750,999,0,0.65560
423,-36.2500,999,0,0.65494
424,-35.2500,999,0,0.65429
425,-31.8750,999,0,0.65363
426,-32.2250,999,0,0.65298
427,-31.8000,999,0,0.65232
428,-32.6500,999,0,0.65167
429,-31.0250,999,0,0.65102
430,-33.6000,999,0,0.65037
431,-33.1000,999,0,0.64972
432,-32.2000,999,0,0.64907
433,-31.4750,999,0,0.64842
434,-30.7250,999,0,0.64777
435,-33.4500,999,0,0.64712
436,-32.0500,999,0,0.64648
437,-32.6000,999,0,0.64583
438,-32.1000,999,0,0.64518
439,-32.6750,999,0,0.64454
440,-31.7750,999,0,0.64389
441,-32.6750,999,0,0.64325
442,-34.0250,999,0,0.64261
443,-34.3500,999,0,0.64196
444,-34.2000,999,0,0.64132
445,-30.8250,999,0,0.64068
446,-31.5500,999,0,0.64004
447,-31.6500,999,0,0.63940
448,-31.1750,999,0,0.63876
449,-30.3500,999,0,0.63812
450,-32.5000,999,0,0.63748
451,-32.4750,999,0,0.63685
452,-35.3250,999,0,0.63621
453,-32.6750,999,0,0.63557
454,-32.4000,999,0,0.63494
455,-31.3000,999,0,0.63430
456,-30.1250,999,0,0.63367
457,-32.2500,999,0,0.63304
458,-31.6750,999,0,0.63240
459,-32.2500,999,0,0.63177
460,-29.4250,999,0,0.63114
461,-32.6000,999,0,0.63051
462,-31.9250,999,0,0.62988
463,-32.1000,999,0,0.62925
464,-31.2250,999,0,0.62862
465,-29.7250,999,0,0.62799
466,-30.8500,999,0,0.62736
467,-29.6750,999,0,0.62673
468,-29.8000,999,0,0.62611
469,-32.6500,999,0,0.62548
470,-31.8250,999,0,0.62486
471,-34.9000,999,0,0.62423
472,-31.0750,999,0,0.62361
473,-31.7500,999,0,0.62298
474,-31.5250,999,0,0.62236
475,-31.2250,999,0,0.62174
476,-30.4000,999,0,0.62112
477,-33.3000,999,0,0.62049
478,-30.8750,999,0,0.61987
479,-32.7500,999,0,0.61925
480,-29.6000,999,0,0.61863
481,-27.9750,999,0,0.61802
482,-31.0500,999,0,0.61740
483,-30.9000,999,0,0.61678
484,-31.0500,999,0,0.61616
485,-33.9250,999,0,0.61555
486,-32.5750,999,0,0.61493
487,-30.3000,999,0,0.61432
488,-31.0000,999,0,0.61370
489,-28.9000,999,0,0.61309
490,-31.4000,999,0,0.61248
491,-27.8000,999,0,0.61186
492,-34.8000,999,0,0.61125
493,-29.8000,999,0,0.61064
494,-29.0250,999,0,0.61003
495,-30.9000,999,0,0.60942
496,-31.0500,999,0,0.60881
497,-30.7000,999,0,0.60820
498,-30.9750,999,0,0.60759
499,-30.5750,999,0,0.60699
500,-29.4750,999,0,0.60638
501,-29.2750,999,0,0.60577
502,-28.5750,999,0,0.60517
503,-27.9500,999,0,0.60456
504,-31.1000,999,0,0.60396
505,-27.5750,999,0,0.60335
506,-31.5250,999,0,0.60275
507,-30.4750,999,0,0.60215
508,-30.0250,999,0,0.60154
509,-30.0000,999,0,0.60094
510,-29.5500,999,0,0.60034
511,-28.1750,999,0,0.59974
512,-28.4500,999,0,0.59914
513,-27.1250,999,0,0.59854
514,-30.2250,999,0,0.59794
515,-29.7000,999,0,0.59735
516,-28.6250,999,0,0.59675
517,-28.6500,999,0,0.59615
518,-30.1750,999,0,0.59556
519,-30.1750,999,0,0.59496
520,-30.9000,999,0,0.59437
521,-30.7250,999,0,0.59377
522,-29.7750,999,0,0.59318
523,-29.7250,999,0,0.59258
524,-28.7750,999,0,0.59199
525,-31.2500,999,0,0.59140
526,-30.4500,999,0,0.59081
527,-27.4000,999,0,0.59022
528,-30.0750,999,0,0.58963
529,-31.0750,999,0,0.58904
530,-29.4000,999,0,0.58845
531,-30.0500,999,0,0.58786
532,-31.3750,999,0,0.58727
533,-30.5000,999,0,0.58669
534,-30.7500,999,0,0.58610
535,-25.9500,999,0,0.58551
536,-29.2750,999,0,0.58493
537,-30.2250,999,0,0.58434
538,-29.1250,999,0,0.58376
539,-31.7500,999,0,0.58317
540,-29.0750,999,0,0.58259
541,-29.0750,999,0,0.58201
542,-27.6750,999,0,0.58143
543,-27.3500,999,0,0.58084
544,-28.9500,999,0,0.58026
545,-30.0000,999,0,0.57968
546,-29.1250,999,0,0.57910
547,-28.0500,999,0,0.57852
548,-26.7250,999,0,0.57795
549,-28.4000,999,0,0.57737
550,-29.5500,999,0,0.57679
551,-28.5500,999,0,0.57621
552,-27.5250,999,0,0.57564
553,-31.8750,999,0,0.57506
554,-27.5000,999,0,0.57449
555,-28.7000,999,0,0.57391
556,-28.5250,999,0,0.57334
557,-30.0750,999,0,0.57277
558,-25.6500,999,0,0.57219
559,-30.9500,999,0,0.57162
560,-27.9750,999,0,0.57105
561,-28.0000,999,0,0.57048
562,-30.1750,999,0,0.56991
563,-28.4500,999,0,0.56934
564,-28.7750,999,0,0.56877
565,-27.4000,999,0,0.56820
566,-28.8000,999,0,0.56763
567,-28.9000,999,0,0.56706
568,-27.4250,999,0,0.56650
569,-26.9000,999,0,0.56593
570,-26.9250,999,0,0.56536
571,-28.5000,999,0,0.56480
572,-29.3250,999,0,0.56423
573,-29.6750,999,0,0.56367
574,-28.1000,999,0,0.56311
575,-28.8750,999,0,0.56254
576,-28.9250,999,0,0.56198
577,-27.2000,999,0,0.56142
578,-27.6250,999,0,0.56086
579,-27.1750,999,0,0.56030
580,-26.5500,999,0,0.55974
581,-29.3750,999,0,0.55918
582,-27.3500,999,0,0.55862
583,-28.2750,999,0,0.55806
584,-26.4750,999,0,0.55750
585,-26.0750,999,0,0.55694
586,-28.3000,999,0,0.55639
587,-28.3250,999,0,0.55583
588,-28.4000,999,0,0.55527
589,-25.8000,999,0,0.55472
590,-27.1750,999,0,0.55416
591,-28.3000,999,0,0.55361
592,-28.4000,999,0,0.55306
593,-28.9250,999,0,0.55250
594,-26.7000,999,0,0.55195
595,-27.6000,999,0,0.55140
596,-32.2000,999,0,0.55085
597,-27.2250,999,0,0.55030
598,-30.4750,999,0,0.54975
599,-27.5500,999,0,0.54920
600,-26.7000,999,0,0.54865
601,-27.0750,999,0,0.54810
602,-26.8000,999,0,0.54755
603,-28.9250,999,0,0.54700
604,-29.1250,999,0,0.54646
605,-29.8750,999,0,0.54591
606,-28.7250,999,0,0.54536
607,-28.1000,999,0,0.54482
608,-27.6000,999,0,0.54427
609,-28.5000,999,0,0.54373
610,-27.8250,999,0,0.54319
611,-25.7250,999,0,0.54264
612,-27.7500,999,0,0.54210
613,-27.1250,999,0,0.54156
614,-26.4250,999,0,0.54102
615,-27.8000,999,0,0.54047
616,-26.9000,999,0,0.53993
617,-27.2250,999,0,0.53939
618,-27.5250,999,0,0.53885
619,-26.2000,999,0,0.53832
620,-26.1000,999,0,0.53778
621,-28.3750,999,0,0.53724
622,-25.4500,999,0,0.53670
623,-27.1500,999,0,0.53617
624,-27.9000,999,0,0.53563
625,-26.9250,999,0,0.53509
626,-25.9750,999,0,0.53456
627,-25.5000,999,0,0.53402
628,-26.5500,999,0,0.53349
629,-25.7750,999,0,0.53296
630,-25.5750,999,0,0.53242
631,-28.0500,999,0,0.53189
632,-27.5500,999,0,0.53136
633,-25.0500,999,0,0.53083
634,-27.4000,999,0,0.53030
635,-27.4750,999,0,0.52977
636,-26.6250,999,0,0.52924
637,-27.9750,999,0,0.52871
638,-27.5500,999,0,0.52818
639,-24.4750,999,0,0.52765
640,-24.7500,999,0,0.52712
641,-25.7000,999,0,0.52660
642,-25.8250,999,0,0.52607
643,-27.1750,999,0,0.52554
644,-25.6000,999,0,0.52502
645,-26.1750,999,0,0.52449
646,-26.9750,999,0,0.52397
647,-23.6500,999,0,0.52344
648,-24.1250,999,0,0.52292
649,-25.9000,999,0,0.52240
650,-26.7250,999,0,0.52188
651,-26.7500,999,0,0.52135
652,-28.2000,999,0,0.52083
653,-27.1750,999,0,0.52031
654,-25.5250,999,0,0.51979
655,-25.3500,999,0,0.51927
656,-25.1250,999,0,0.51875
657,-27.1500,999,0,0.51823
658,-28.1250,999,0,0.51772
659,-24.9250,999,0,0.51720
660,-26.3750,999,0,0.51668
661,-26.4250,999,0,0.51616
662,-26.1000,999,0,0.51565
663,-29.2750,999,0,0.51513
664,-25.3750,999,0,0.51462
665,-27.8750,999,0,0.51410
666,-29.6250,999,0,0.51359
667,-28.1500,999,0,0.51307
668,-27.0000,999,0,0.51256
669,-25.7500,999,0,0.51205
670,-26.5000,999,0,0.51154
671,-25.4250,999,0,0.51103
672,-24.2000,999,0,0.51051
673,-24.3500,999,0,0.51000
674,-26.9250,999,0,0.50949
675,-26.2000,999,0,0.50898
676,-26.0750,999,0,0.50848
677,-28.6250,999,0,0.50797
678,-25.7000,999,0,0.50746
679,-26.2750,999,0,0.50695
680,-26.6500,999,0,0.50644
681,-24.9500,999,0,0.50594
682,-26.4000,999,0,0.50543
683,-24.4750,999,0,0.50493
684,-26.7500,999,0,0.50442
685,-27.7000,999,0,0.50392
686,-24.2500,999,0,0.50341
687,-27.7000,999,0,0.50291
688,-24.5250,999,0,0.50241
689,-27.0250,999,0,0.50190
690,-25.3500,999,0,0.50140
691,-22.4750,999,0,0.50090
692,-23.9750,999,0,0.50040
693,-25.4750,999,0,0.49990
694,-28.2000,999,0,0.49940
695,-26.8250,999,0,0.49890
696,-27.2750,999,0,0.49840
697,-25.5500,999,0,0.49790
698,-23.8750,999,0,0.49741
699,-24.9750,999,0,0.49691
700,-26.4250,999,0,0.49641
701,-25.1750,999,0,0.49592
702,-27.2250,999,0,0.49542
703,-22.9750,999,0,0.49492
704,-28.1500,999,0,0.49443
705,-25.3500,999,0,0.49393
706,-25.3000,999,0,0.49344
707,-24.2250,999,0,0.49295
708,-24.9000,999,0,0.49245
709,-24.9250,999,0,0.49196
710,-24.2000,999,0,0.49147
711,-28.0000,999,0,0.49098
712,-26.3250,999,0,0.49049
713,-25.5250,999,0,0.49000
714,-24.3000,999,0,0.48951
715,-25.2250,999,0,0.48902
716,-25.9750,999,0,0.48853
717,-23.7000,999,0,0.48804
718,-24.5500,999,0,0.48755
719,-24.8500,999,0,0.48706
720,-24.6000,999,0,0.48658
721,-23.7500,999,0,0.48609
722,-28.0000,999,0,0.48560
723,-25.3000,999,0,0.48512
724,-23.5000,999,0,0.48463
725,-24.8500,999,0,0.48415
726,-24.4250,999,0,0.48366
727,-26.4500,999,0,0.48318
728,-22.4500,999,0,0.48270
729,-24.1000,999,0,0.48222
730,-25.7500,999,0,0.48173
731,-25.9250,999,0,0.48125
732,-25.1750,999,0,0.48077
733,-26.7000,999,0,0.48029
734,-30.3500,999,0,0.47981
735,-27.9750,999,0,0.47933
736,-28.8500,999,0,0.47885
737,-29.5500,999,0,0.47837
738,-28.2750,999,0,0.47789
739,-25.9250,999,0,0.47741
740,-28.4000,999,0,0.47694
741,-26.0500,999,0,0.47646
742,-30.0750,999,0,0.47598
743,-26.2000,999,0,0.47551
744,-27.1500,999,0,0.47503
745,-24.5000,999,0,0.47456
746,-25.1000,999,0,0.47408
747,-27.8000,999,0,0.47361
748,-26.4500,999,0,0.47314
749,-27.8250,999,0,0.47266
750,-28.0000,999,0,0.47219
751,-26.2000,999,0,0.47172
752,-25.8000,999,0,0.47125
753,-28.5750,999,0,0.47077
754,-27.8500,999,0,0.47030
755,-27.6500,999,0,0.46983
756,-25.1250,999,0,0.46936
757,-29.4250,999,0,0.46889
758,-26.9250,999,0,0.46843
759,-27.3000,999,0,0.46796
760,-27.9250,999,0,0.46749
761,-29.3500,999,0,0.46702
762,-24.8500,999,0,0.46655
763,-27.2750,999,0,0.46609
764,-24.9750,999,0,0.46562
765,-26.8500,999,0,0.46516
766,-29.6000,999,0,0.46469
767,-28.8250,999,0,0.46423
768,-24.5000,999,0,0.46376
769,-22.4750,999,0,0.46330
770,-26.0250,999,0,0.46283
771,-25.0250,999,0,0.46237
772,-26.3500,999,0,0.46191
773,-23.5500,999,0,0.46145
774,-24.9250,999,0,0.46099
775,-24.1500,999,0,0.46053
776,-26.1500,999,0,0.46006
777,-24.5750,999,0,0.45960
778,-22.0750,999,0,0.45914
779,-22.2250,999,0,0.45869
780,-24.6250,999,0,0.45823
781,-24.1500,999,0,0.45777
782,-28.5250,999,0,0.45731
783,-29.0000,999,0,0.45685
784,-29.6250,999,0,0.45640
785,-26.9000,999,0,0.45594
786,-26.7750,999,0,0.45548
787,-27.6500,999,0,0.45503
788,-23.4500,999,0,0.45457
789,-25.7250,999,0,0.45412
790,-21.7500,999,0,0.45367
791,-25.1500,999,0,0.45321
792,-25.5250,999,0,0.45276
793,-25.8750,999,0,0.45231
794,-27.5000,999,0,0.45185
795,-26.5250,999,0,0.45140
796,-25.9250,999,0,0.45095
797,-27.2250,999,0,0.45050
798,-23.1500,999,0,0.45005
799,-26.9750,999,0,0.44960
800,-27.5250,999,0,0.44915
801,-24.9500,999,0,0.44870
802,-23.8250,999,0,0.44825
803,-24.7250,999,0,0.44780
804,-24.4750,999,0,0.44736
805,-27.7000,999,0,0.44691
806,-21.7750,999,0,0.44646
807,-24.0500,999,0,0.44601
808,-27.1750,999,0,0.44557
809,-22.7500,999,0,0.44512
810,-22.6750,999,0,0.44468
811,-26.0750,999,0,0.44423
812,-25.9250,999,0,0.44379
813,-25.2250,999,0,0.44335
814,-24.0000,999,0,0.44290
815,-24.0250,999,0,0.44246
816,-25.3750,999,0,0.44202
817,-26.1500,999,0,0.44157
818,-26.8250,999,0,0.44113
819,-24.4000,999,0,0.44069
820,-23.8500,999,0,0.44025
821,-23.4500,999,0,0.43981
822,-24.0750,999,0,0.43937
823,-22.9250,999,0,0.43893
824,-22.3500,999,0,0.43849
825,-24.8750,999,0,0.43805
826,-24.3500,999,0,0.43762
827,-23.7250,999,0,0.43718
828,-24.2000,999,0,0.43674
829,-24.9000,999,0,0.43630
830,-25.0750,999,0,0.43587
831,-24.6250,999,0,0.43543
832,-22.7500,999,0,0.43500
833,-25.6750,999,0,0.43456
834,-23.7500,999,0,0.43413
835,78.3500,746,1,0.43369
836,-25.7250,999,0,0.43326
837,-25.0250,999,0,0.43283
838,-22.7000,999,0,0.43239
839,-22.4250,999,0,0.43196
840,-24.4500,999,0,0.43153
841,-23.1250,999,0,0.43110
842,-22.4750,999,0,0.43067
843,-26.2750,999,0,0.43024
844,-23.8500,999,0,0.42981
845,-23.2250,999,0,0.42938
846,-23.9750,999,0,0.42895
847,-23.6750,999,0,0.42852
848,-22.6000,999,0,0.42809
849,-26.0500,999,0,0.42766
850,-21.8750,999,0,0.42723
851,-22.7750,999,0,0.42681
852,-24.2500,999,0,0.42638
853,-22.0250,999,0,0.42595
854,-22.3500,999,0,0.42553
855,-26.7000,999,0,0.42510
856,-25.4500,999,0,0.42468
857,-23.6750,999,0,0.42425
858,-20.4000,999,0,0.42383
859,-27.3500,999,0,0.42340
860,-24.0250,999,0,0.42298
861,-20.5000,999,0,0.42256
862,-24.1250,999,0,0.42213
863,-23.7000,999,0,0.42171
864,-21.5000,999,0,0.42129
865,-22.4250,999,0,0.42087
866,-23.8500,999,0,0.42045
867,-21.8750,999,0,0.42003
868,-22.4000,999,0,0.41961
869,-20.8500,999,0,0.41919
870,-25.1500,999,0,0.41877
871,-25.8500,999,0,0.41835
872,-23.3750,999,0,0.41793
873,-27.0000,999,0,0.41751
874,-23.2250,999,0,0.41710
875,-19.4000,999,0,0.41668
876,-26.4750,999,0,0.41626
877,-27.4750,999,0,0.41585
878,-20.9000,999,0,0.41543
879,-21.3250,999,0,0.41502
880,-20.2750,999,0,0.41460
881,-25.3250,999,0,0.41419
882,-26.7000,999,0,0.41377
883,-20.3250,999,0,0.41336
884,-23.0750,999,0,0.41294
885,-24.1000,999,0,0.41253
886,-23.0250,999,0,0.41212
887,-20.9500,999,0,0.41171
888,-27.0750,999,0,0.41130
889,-25.0750,999,0,0.41088
890,-21.2500,999,0,0.41047
891,-25.6750,999,0,0.41006
892,-24.1750,999,0,0.40965
893,-23.3750,999,0,0.40924
894,-24.5000,999,0,0.40883
895,-21.7500,999,0,0.40842
896,-25.3000,999,0,0.40802
897,-25.7500,999,0,0.40761
898,-21.3500,999,0,0.40720
899,-20.7500,999,0,0.40679
900,-23.7000,999,0,0.40639
901,-26.7000,999,0,0.40598
902,-25.9000,999,0,0.40557
903,-22.0250,999,0,0.40517
904,-27.2750,999,0,0.40476
905,-24.7250,999,0,0.40436
906,-24.7000,999,0,0.40395
907,-23.6250,999,0,0.40355
908,75.0250,887,1,0.40315
909,-22.0500,999,0,0.40274
910,-20.9750,999,0,0.40234
911,-21.7250,999,0,0.40194
912,-23.6250,999,0,0.40154
913,-23.5000,999,0,0.40114
914,-21.3000,999,0,0.40073
915,-26.1750,999,0,0.40033
916,-26.1500,999,0,0.39993
917,-27.0250,999,0,0.39953
918,-22.7500,999,0,0.39913
919,-21.6750,999,0,0.39873
920,-22.4000,999,0,0.39834
921,-21.9500,999,0,0.39794
922,-22.9250,999,0,0.39754
923,-26.2250,999,0,0.39714
924,-22.9000,999,0,0.39674
925,-23.4500,999,0,0.39635
926,-23.4500,999,0,0.39595
927,-23.5750,999,0,0.39556
928,-21.4500,999,0,0.39516
929,-25.1500,999,0,0.39476
930,-23.7500,999,0,0.39437
931,-22.2250,999,0,0.39398
932,-24.2750,999,0,0.39358
933,-23.5250,999,0,0.39319
934,-23.3750,999,0,0.39280
935,-25.2000,999,0,0.39240
936,-23.2500,999,0,0.39201
937,-21.7250,999,0,0.39162
938,-22.6000,999,0,0.39123
939,-20.9250,999,0,0.39083
940,-22.8250,999,0,0.39044
941,-25.0500,999,0,0.39005
942,-26.4750,999,0,0.38966
943,-24.2000,999,0,0.38927
944,76.5750,990,1,0.38888
945,75.0500,921,1,0.38850
946,-26.0250,999,0,0.38811
947,-24.5750,999,0,0.38772
948,-21.2000,999,0,0.38733
949,-21.5750,999,0,0.38694
950,-29.2750,999,0,0.38656
951,-22.3750,999,0,0.38617
952,-18.5250,999,0,0.38578
953,-22.6500,999,0,0.38540
954,-24.0750,999,0,0.38501
955,77.1000,818,1,0.38463
956,82.1000,678,1,0.38424
957,-23.1250,999,0,0.38386
958,-23.8750,999,0,0.38348
959,85.3000,508,1,0.38309
960,-27.2000,999,0,0.38271
961,-25.5250,999,0,0.38233
962,-26.2000,999,0,0.38194
963,-22.9750,999,0,0.38156
964,-21.4000,999,0,0.38118
965,-29.1000,999,0,0.38080
966,-27.8750,999,0,0.38042
967,-28.9000,999,0,0.38004
968,-26.1500,999,0,0.37966
969,-29.4250,999,0,0.37928
970,-33.4750,999,0,0.37890
971,-33.0000,999,0,0.37852
972,-36.3500,999,0,0.37814
973,-33.8000,999,0,0.37776
974,-35.0000,999,0,0.37739
975,-39.0000,999,0,0.37701
976,-40.7000,999,0,0.37663
977,-42.9250,999,0,0.37625
978,-41.7000,999,0,0.37588
979,-41.0250,999,0,0.37550
980,-38.9250,999,0,0.37513
981,81.7500,413,1,0.37475
982,-41.6500,999,0,0.37438
983,-34.3750,999,0,0.37400
984,-34.9500,999,0,0.37363
985,-36.4750,999,0,0.37326
986,-40.8750,999,0,0.37288
987,-38.9000,999,0,0.37251
988,-41.8500,999,0,0.37214
989,-41.9250,999,0,0.37176
990,-38.3500,999,0,0.37139
991,-39.4500,999,0,0.37102
992,-41.1250,999,0,0.37065
993,-43.0000,999,0,0.37028
994,-38.6750,999,0,0.36991
995,-33.1500,999,0,0.36954
996,-33.7250,999,0,0.36917
997,-40.7500,999,0,0.36880
998,-38.3250,999,0,0.36843
999,-36.9500,999,0,0.36806
1000,-37.5500,999,0,0.36770
1001,-39.0000,999,0,0.36733
1002,-41.7000,999,0,0.36696
1003,-43.6250,999,0,0.36659
1004,-42.5750,999,0,0.36623
1005,-46.3000,999,0,0.36586
1006,78.6750,447,1,0.36549
1007,-41.9750,999,0,0.36513
1008,84.9500,388,1,0.36476
1009,-39.1500,999,0,0.36440
1010,-36.8750,999,0,0.36403
1011,-32.5500,999,0,0.36367
1012,-44.0500,999,0,0.36331
1013,-37.9500,999,0,0.36294
1014,-40.1000,999,0,0.36258
1015,-40.9500,999,0,0.36222
1016,-44.0500,999,0,0.36186
1017,-38.1500,999,0,0.36149
1018,-42.0750,999,0,0.36113
1019,-41.6000,999,0,0.36077
1020,-44.0250,999,0,0.36041
1021,-40.6000,999,0,0.36005
1022,-42.8750,999,0,0.35969
1023,-41.1750,999,0,0.35933
1024,-49.3250,999,0,0.35897
1025,-52.1750,999,0,0.35861
1026,-46.4500,999,0,0.35825
1027,-43.3000,999,0,0.35790
1028,-46.8750,999,0,0.35754
1029,-46.4250,999,0,0.35718
1030,-48.9000,999,0,0.35682
1031,-46.2250,999,0,0.35647
1032,-44.5000,999,0,0.35611
1033,-45.4250,999,0,0.35575
1034,-45.9500,999,0,0.35540
1035,-44.4500,999,0,0.35504
1036,-40.8000,999,0,0.35469
1037,-40.5500,999,0,0.35433
1038,-44.2500,999,0,0.35398
1039,-44.6250,999,0,0.35362
1040,-45.8250,999,0,0.35327
1041,-42.2750,999,0,0.35292
1042,-46.2250,999,0,0.35256
1043,-42.7250,999,0,0.35221
1044,-44.4250,999,0,0.35186
1045,-46.5500,999,0,0.35151
1046,-44.2250,999,0,0.35116
1047,-43.5250,999,0,0.35081
1048,-44.3750,999,0,0.35045
1049,-45.9000,999,0,0.35010
1050,-43.3500,999,0,0.34975
1051,-43.3500,999,0,0.34940
1052,73.7250,610,1,0.34905
1053,-45.5750,999,0,0.34871
1054,-42.0000,999,0,0.34836
1055,-45.1250,999,0,0.34801
1056,-45.6000,999,0,0.34766
1057,-44.6500,999,0,0.34731
1058,-43.2500,999,0,0.34697
1059,-42.5750,999,0,0.34662
1060,-45.3500,999,0,0.34627
1061,-47.0000,999,0,0.34593
1062,-44.6750,999,0,0.34558
1063,-43.3250,999,0,0.34523
1064,56.3500,957,1,0.34489
1065,85.2750,344,1,0.34454
1066,-38.6250,999,0,0.34420
1067,-40.7500,999,0,0.34386
1068,-45.7000,999,0,0.34351
1069,-44.6000,999,0,0.34317
1070,-41.7250,999,0,0.34282
1071,-46.6500,999,0,0.34248
1072,-39.6750,999,0,0.34214
1073,-40.8500,999,0,0.34180
1074,-44.4500,999,0,0.34146
1075,-43.7750,999,0,0.34111
1076,-44.1750,999,0,0.34077
1077,-43.1250,999,0,0.34043
1078,-47.0750,999,0,0.34009
1079,-51.0000,999,0,0.33975
1080,-46.3500,999,0,0.33941
1081,-47.2500,999,0,0.33907
1082,-49.1250,999,0,0.33873
1083,-45.7750,999,0,0.33839
1084,-46.3250,999,0,0.33806
1085,-47.7000,999,0,0.33772
1086,-45.2250,999,0,0.33738
1087,-44.7750,999,0,0.33704
1088,-44.3000,999,0,0.33671
1089,-46.3000,999,0,0.33637
1090,-48.4500,999,0,0.33603
1091,-44.4500,999,0,0.33570
1092,-48.4250,999,0,0.33536
1093,-43.4250,999,0,0.33503
1094,-45.7000,999,0,0.33469
1095,67.8000,691,1,0.33436
1096,60.0250,889,1,0.33402
1097,-44.1500,999,0,0.33369
1098,-43.1250,999,0,0.33335
1099,63.4000,786,1,0.33302
1100,-42.1250,999,0,0.33269
1101,-40.8000,999,0,0.33236
1102,-43.7000,999,0,0.33202
1103,65.7000,818,1,0.33169
1104,67.0750,770,1,0.33136
1105,-42.8500,999,0,0.33103
1106,-44.3500,999,0,0.33070
1107,-40.3250,999,0,0.33037
1108,-43.3250,999,0,0.33004
1109,76.4250,476,1,0.32971
1110,-45.0000,999,0,0.32938
1111,84.7000,301,1,0.32905
1112,81.3000,411,1,0.32872
1113,-46.8250,999,0,0.32839
1114,-47.4500,999,0,0.32806
1115,55.4000,979,1,0.32773
1116,-43.6500,999,0,0.32740
1117,73.1000,540,1,0.32708
1118,-44.4250,999,0,0.32675
1119,-46.5250,999,0,0.32642
1120,-41.6500,999,0,0.32610
1121,-45.6250,999,0,0.32577
1122,52.4000,986,1,0.32545
1123,-47.7500,999,0,0.32512
1124,74.0500,509,1,0.32479
1125,-45.0750,999,0,0.32447
1126,-45.1500,999,0,0.32415
1127,74.0500,588,1,0.32382
1128,85.1250,339,1,0.32350
1129,70.2250,662,1,0.32317
1130,-44.6250,999,0,0.32285
1131,-41.7750,999,0,0.32253
1132,-46.5000,999,0,0.32221
1133,-45.2750,999,0,0.32188
1134,-49.2000,999,0,0.32156
1135,-49.2250,999,0,0.32124
1136,-48.2250,999,0,0.32092
1137,-46.0750,999,0,0.32060
1138,-47.0500,999,0,0.32028
1139,-49.9500,999,0,0.31996
1140,-51.2750,999,0,0.31964
1141,-48.1250,999,0,0.31932
1142,79.6750,415,1,0.31900
1143,80.8750,407,1,0.31868
1144,-46.0500,999,0,0.31836
1145,-49.5500,999,0,0.31804
1146,-49.1500,999,0,0.31772
1147,61.3500,896,1,0.31741
1148,89.3750,241,1,0.31709
1149,76.5750,471,1,0.31677
1150,84.5500,355,1,0.31645
1151,81.2500,436,1,0.31614
1152,87.6500,263,1,0.31582
1153,86.9250,243,1,0.31551
1154,-46.0500,999,0,0.31519
1155,58.4500,984,1,0.31488
1156,79.8750,363,1,0.31456
1157,-50.8500,999,0,0.31425
1158,79.8000,378,1,0.31393
1159,68.5500,585,1,0.31362
1160,57.5250,818,1,0.31330
1161,-51.5750,999,0,0.31299
1162,-50.4000,999,0,0.31268
1163,-52.0250,999,0,0.31237
1164,-46.9250,999,0,0.31205
1165,-49.9000,999,0,0.31174
1166,52.2000,936,1,0.31143
1167,83.7000,342,1,0.31112
1168,80.7750,353,1,0.31081
1169,78.7500,412,1,0.31050
1170,72.6250,512,1,0.31019
1171,72.6000,543,1,0.30988
1172,-49.2500,999,0,0.30957
1173,-46.0500,999,0,0.30926
1174,-52.6250,999,0,0.30895
1175,-53.5750,999,0,0.30864
1176,-53.0750,999,0,0.30833
1177,52.2500,901,1,0.30802
1178,-52.3250,999,0,0.30771
1179,-46.7000,999,0,0.30740
1180,-48.8750,999,0,0.30710
1181,-49.2250,999,0,0.30679
1182,-48.5000,999,0,0.30648
1183,58.9750,776,1,0.30618
1184,87.6750,242,1,0.30587
1185,84.6000,295,1,0.30556
1186,87.0500,241,1,0.30526
1187,74.6500,485,1,0.30495
1188,-48.8250,999,0,0.30465
1189,-50.1750,999,0,0.30434
1190,-48.1000,999,0,0.30404
1191,69.0500,619,1,0.30374
1192,-53.0000,999,0,0.30343
1193,65.9000,660,1,0.30313
1194,-49.7750,999,0,0.30283
1195,-49.2000,999,0,0.30252
1196,53.2000,968,1,0.30222
1197,80.6250,356,1,0.30192
1198,-47.2750,999,0,0.30162
1199,-51.9000,999,0,0.30131
1200,-48.8750,999,0,0.30101
1201,58.0250,939,1,0.30071
1202,-47.0250,999,0,0.30041
1203,-51.9750,999,0,0.30011
1204,-48.6750,999,0,0.29981
1205,78.9250,442,1,0.29951
1206,87.3500,240,1,0.29921
1207,80.8500,354,1,0.29891
1208,83.2500,287,1,0.29861
1209,-53.6500,999,0,0.29832
1210,-48.7000,999,0,0.29802
1211,-52.4750,999,0,0.29772
1212,-45.3250,999,0,0.29742
1213,-46.1500,999,0,0.29712
1214,-44.4500,999,0,0.29683
1215,-45.1000,999,0,0.29653
1216,81.2750,354,1,0.29623
1217,-52.1750,999,0,0.29594
1218,-52.2000,999,0,0.29564
1219,66.0500,706,1,0.29535
1220,-52.7750,999,0,0.29505
1221,-47.8250,999,0,0.29475
1222,70.5250,550,1,0.29446
1223,66.0250,726,1,0.29417
1224,68.8250,621,1,0.29387
1225,86.2750,255,1,0.29358
1226,69.4000,583,1,0.29328
1227,72.1000,561,1,0.29299
1228,60.1500,789,1,0.29270
1229,79.7250,431,1,0.29241
1230,75.9750,542,1,0.29211
1231,-52.1750,999,0,0.29182
1232,-53.6000,999,0,0.29153
1233,55.8000,906,1,0.29124
1234,-53.1750,999,0,0.29095
1235,-45.5500,999,0,0.29066
1236,-50.0500,999,0,0.29036
1237,-50.9500,999,0,0.29007
1238,56.1750,816,1,0.28978
1239,-52.0000,999,0,0.28949
1240,-52.0750,999,0,0.28920
1241,67.9250,689,1,0.28892
1242,69.1750,669,1,0.28863
1243,82.5750,405,1,0.28834
1244,65.1250,714,1,0.28805
1245,84.8250,284,1,0.28776
1246,85.3750,287,1,0.28747
1247,76.1250,453,1,0.28719
1248,79.0750,475,1,0.28690
1249,73.7000,561,1,0.28661
1250,70.5750,631,1,0.28633
1251,77.5750,468,1,0.28604
1252,-46.4500,999,0,0.28575
1253,63.4250,750,1,0.28547
1254,76.6000,463,1,0.28518
1255,63.9500,755,1,0.28490
1256,81.2000,371,1,0.28461
1257,-50.0000,999,0,0.28433
1258,-52.3750,999,0,0.28404
1259,50.4000,909,1,0.28376
1260,-54.8750,999,0,0.28348
1261,-50.7000,999,0,0.28319
1262,69.6000,599,1,0.28291
1263,74.7000,456,1,0.28263
1264,87.1750,232,1,0.28234
1265,78.4750,366,1,0.28206
1266,58.4000,828,1,0.28178
1267,81.3000,293,1,0.28150
1268,80.7500,313,1,0.28122
1269,67.3250,608,1,0.28093
1270,79.6000,331,1,0.28065
1271,77.1000,437,1,0.28037
1272,-51.1750,999,0,0.28009
1273,58.6750,745,1,0.27981
1274,-53.3000,999,0,0.27953
1275,-51.3500,999,0,0.27925
1276,89.3500,164,1,0.27897
1277,86.1250,271,1,0.27869
1278,87.3000,221,1,0.27842
1279,89.6750,181,1,0.27814
1280,55.0000,942,1,0.27786
1281,85.0500,276,1,0.27758
1282,87.3750,204,1,0.27730
1283,67.6000,572,1,0.27703
1284,60.2500,720,1,0.27675
1285,82.8500,308,1,0.27647
1286,69.9250,566,1,0.27620
1287,78.7750,393,1,0.27592
1288,-50.4250,999,0,0.27564
1289,-51.4500,999,0,0.27537
1290,50.2250,928,1,0.27509
1291,61.7500,746,1,0.27482
1292,85.0500,256,1,0.27454
1293,83.2750,292,1,0.27427
1294,86.7750,223,1,0.27399
1295,77.7750,383,1,0.27372
1296,69.0500,579,1,0.27345
1297,68.8750,608,1,0.27317
1298,76.2000,420,1,0.27290
1299,67.2250,581,1,0.27263
1300,-47.9250,999,0,0.27235
1301,89.3000,171,1,0.27208
1302,60.2750,705,1,0.27181
1303,78.9250,434,1,0.27154
1304,80.2250,372,1,0.27127
1305,88.1250,234,1,0.27100
1306,77.0250,417,1,0.27072
1307,-51.5000,999,0,0.27045
1308,-53.3250,999,0,0.27018
1309,-54.8750,999,0,0.26991
1310,59.9750,748,1,0.26964
1311,66.1750,670,1,0.26937
1312,78.0000,437,1,0.26910
1313,57.7500,767,1,0.26884
1314,79.2750,417,1,0.26857
1315,87.7250,229,1,0.26830
1316,63.1250,766,1,0.26803
1317,86.4250,261,1,0.26776
1318,72.6250,533,1,0.26749
1319,-53.1000,999,0,0.26723
1320,79.5000,362,1,0.26696
1321,77.2750,431,1,0.26669
1322,81.4500,323,1,0.26643
1323,80.0250,371,1,0.26616
1324,68.1000,688,1,0.26589
1325,89.8000,197,1,0.26563
1326,88.8250,227,1,0.26536
1327,86.3500,255,1,0.26510
1328,84.3500,315,1,0.26483
1329,87.3250,250,1,0.26457
1330,92.3000,163,1,0.26430
1331,86.5750,256,1,0.26404
1332,86.1750,256,1,0.26377
1333,-51.1000,999,0,0.26351
1334,90.6750,189,1,0.26325
1335,84.8500,296,1,0.26298
1336,86.5750,259,1,0.26272
1337,88.7000,229,1,0.26246
1338,84.7000,289,1,0.26219
1339,80.0500,398,1,0.26193
1340,88.5250,235,1,0.26167
1341,79.3750,423,1,0.26141
1342,81.2500,338,1,0.26115
1343,80.1000,367,1,0.26089
1344,68.7750,592,1,0.26063
1345,85.9250,244,1,0.26036
1346,85.3750,267,1,0.26010
1347,78.1500,416,1,0.25984
1348,88.0000,201,1,0.25958
1349,-51.5250,999,0,0.25932
1350,-48.5750,999,0,0.25907
1351,-47.9750,999,0,0.25881
1352,-50.1750,999,0,0.25855
1353,75.2750,477,1,0.25829
1354,-54.2250,999,0,0.25803
1355,75.1750,480,1,0.25777
1356,76.6000,452,1,0.25751
1357,81.4000,347,1,0.25726
1358,79.8750,380,1,0.25700
1359,62.3750,737,1,0.25674
1360,82.5500,319,1,0.25649
1361,86.5500,236,1,0.25623
1362,90.2500,192,1,0.25597
1363,88.6750,186,1,0.25572
1364,86.0000,233,1,0.25546
1365,80.7500,345,1,0.25521
1366,81.6500,334,1,0.25495
1367,88.7000,221,1,0.25470
1368,91.1250,166,1,0.25444
1369,81.9750,335,1,0.25419
1370,62.4000,765,1,0.25393
1371,90.3500,175,1,0.25368
1372,81.1250,371,1,0.25343
1373,87.6500,245,1,0.25317
1374,87.8500,222,1,0.25292
1375,85.1500,251,1,0.25267
1376,82.5750,334,1,0.25241
1377,86.4500,249,1,0.25216
1378,77.1500,394,1,0.25191
1379,87.5250,236,1,0.25166
1380,83.6500,305,1,0.25140
1381,68.7000,573,1,0.25115
1382,83.2500,282,1,0.25090
1383,67.2000,623,1,0.25065
1384,87.0250,251,1,0.25040
1385,84.5250,278,1,0.25015
1386,74.2000,480,1,0.24990
1387,72.5500,521,1,0.24965
1388,84.9250,277,1,0.24940
1389,76.8750,404,1,0.24915
1390,65.7500,653,1,0.24890
1391,68.5000,583,1,0.24865
1392,80.4500,390,1,0.24840
1393,76.0250,453,1,0.24816
1394,82.5000,318,1,0.24791
1395,86.8250,223,1,0.24766
1396,88.5250,187,1,0.24741
1397,83.1000,308,1,0.24717
1398,88.6750,177,1,0.24692
1399,53.2000,954,1,0.24667
1400,87.9250,217,1,0.24642
1401,90.4000,179,1,0.24618
1402,90.0250,162,1,0.24593
1403,88.7750,175,1,0.24569
1404,91.5250,158,1,0.24544
1405,87.8750,216,1,0.24519
1406,84.7500,275,1,0.24495
1407,90.7500,159,1,0.24470
1408,89.4750,168,1,0.24446
1409,82.6750,288,1,0.24422
1410,82.6250,284,1,0.24397
1411,90.6500,155,1,0.24373
1412,83.3000,284,1,0.24348
1413,86.2250,238,1,0.24324
1414,79.2500,379,1,0.24300
1415,86.6750,263,1,0.24275
1416,90.0250,170,1,0.24251
1417,78.1500,435,1,0.24227
1418,76.5500,432,1,0.24203
1419,73.9250,510,1,0.24178
1420,73.4500,505,1,0.24154
1421,62.1750,717,1,0.24130
1422,86.8000,212,1,0.24106
1423,65.9500,629,1,0.24082
1424,82.2750,347,1,0.24058
1425,59.0750,813,1,0.24034
1426,-49.9250,999,0,0.24010
1427,62.4750,752,1,0.23986
1428,75.6750,483,1,0.23962
1429,68.4000,665,1,0.23938
1430,68.4500,608,1,0.23914
1431,52.7250,894,1,0.23890
1432,52.4750,975,1,0.23866
1433,74.2500,488,1,0.23842
1434,72.6250,559,1,0.23818
1435,81.9250,321,1,0.23794
1436,78.1500,394,1,0.23771
1437,68.9750,588,1,0.23747
1438,-49.3000,999,0,0.23723
1439,72.0500,552,1,0.23699
1440,67.3250,633,1,0.23676
1441,59.5750,828,1,0.23652
1442,-48.7250,999,0,0.23628
1443,-50.3750,999,0,0.23605
1444,84.9500,247,1,0.23581
1445,-53.5250,999,0,0.23558
1446,81.3500,341,1,0.23534
1447,90.0500,183,1,0.23510
1448,73.9750,506,1,0.23487
1449,70.2750,652,1,0.23463
1450,74.7500,528,1,0.23440
1451,81.7250,384,1,0.23417
1452,89.5250,200,1,0.23393
1453,84.7250,303,1,0.23370
1454,86.5000,248,1,0.23346
1455,65.8250,693,1,0.23323
1456,86.0000,254,1,0.23300
1457,74.8750,478,1,0.23276
1458,84.9000,302,1,0.23253
1459,90.2750,189,1,0.23230
1460,85.4250,277,1,0.23207
1461,88.8750,199,1,0.23183
1462,86.8500,251,1,0.23160
1463,83.7000,320,1,0.23137
1464,55.1250,982,1,0.23114
1465,84.6250,283,1,0.23091
1466,85.3500,273,1,0.23068
1467,77.0750,411,1,0.23045
1468,-45.4250,999,0,0.23022
1469,86.2250,258,1,0.22999
1470,65.2750,679,1,0.22976
1471,61.8000,759,1,0.22953
1472,64.6500,697,1,0.22930
1473,48.0000,993,1,0.22907
1474,86.4750,253,1,0.22884
1475,74.6000,499,1,0.22861
1476,79.4500,413,1,0.22838
1477,70.0250,579,1,0.22815
1478,84.5500,313,1,0.22792
1479,88.9250,212,1,0.22770
1480,75.7750,456,1,0.22747
1481,80.3500,399,1,0.22724
1482,82.6000,315,1,0.22701
1483,68.9250,603,1,0.22679
1484,83.4500,310,1,0.22656
1485,89.1250,214,1,0.22633
1486,84.5750,310,1,0.22611
1487,89.5250,185,1,0.22588
1488,86.1000,259,1,0.22566
1489,78.3750,438,1,0.22543
1490,86.5000,255,1,0.22520
1491,86.9000,247,1,0.22498
1492,88.8000,188,1,0.22475
1493,85.6000,286,1,0.22453
1494,79.2000,404,1,0.22431
1495,83.0750,344,1,0.22408
1496,86.8000,232,1,0.22386
1497,85.8500,275,1,0.22363
1498,83.0750,315,1,0.22341
1499,87.4750,239,1,0.22319
1500,81.9000,341,1,0.22296
1501,79.4000,438,1,0.22274
1502,61.2750,790,1,0.22252
1503,78.6750,412,1,0.22229
1504,86.9750,260,1,0.22207
1505,76.4500,454,1,0.22185
1506,79.9750,369,1,0.22163
1507,77.1250,487,1,0.22141
1508,77.0750,480,1,0.22119
1509,65.4250,675,1,0.22096
1510,73.7000,514,1,0.22074
1511,61.0250,808,1,0.22052
1512,91.2500,176,1,0.22030
1513,82.2000,324,1,0.22008
1514,-48.6750,999,0,0.21986
1515,69.1250,531,1,0.21964
1516,85.8500,230,1,0.21942
1517,73.7000,466,1,0.21920
1518,-48.8750,999,0,0.21898
1519,-49.9750,999,0,0.21876
1520,83.7500,319,1,0.21855
1521,75.0500,482,1,0.21833
1522,78.2500,410,1,0.21811
1523,92.1750,141,1,0.21789
1524,83.3750,319,1,0.21767
1525,86.7500,249,1,0.21746
1526,88.7500,223,1,0.21724
1527,87.6250,239,1,0.21702
1528,80.9250,355,1,0.21680
1529,83.9750,328,1,0.21659
1530,83.4750,327,1,0.21637
1531,-48.8500,999,0,0.21615
1532,76.4750,490,1,0.21594
1533,87.8250,250,1,0.21572
1534,84.2750,290,1,0.21551
1535,88.6250,204,1,0.21529
1536,86.2500,240,1,0.21507
1537,75.5750,448,1,0.21486
1538,88.7000,207,1,0.21465
1539,68.9000,555,1,0.21443
1540,78.7500,413,1,0.21422
1541,83.8250,323,1,0.21400
1542,-50.3500,999,0,0.21379
1543,56.2000,862,1,0.21357
1544,77.6500,431,1,0.21336
1545,85.8500,252,1,0.21315
1546,85.8250,242,1,0.21293
1547,87.2250,242,1,0.21272
1548,87.8000,251,1,0.21251
1549,83.6500,315,1,0.21230
1550,86.1250,246,1,0.21208
1551,81.9000,301,1,0.21187
1552,-52.3500,999,0,0.21166
1553,73.8250,453,1,0.21145
1554,74.2750,420,1,0.21124
1555,86.7500,235,1,0.21103
1556,87.6000,240,1,0.21081
1557,88.1000,229,1,0.21060
1558,87.2500,257,1,0.21039
1559,87.4500,235,1,0.21018
1560,82.6000,335,1,0.20997
1561,75.0750,411,1,0.20976
1562,86.9000,251,1,0.20955
1563,84.4250,297,1,0.20934
1564,75.7000,504,1,0.20913
1565,74.5750,460,1,0.20892
1566,57.0500,802,1,0.20872
1567,55.5500,860,1,0.20851
1568,73.9000,509,1,0.20830
1569,73.5250,531,1,0.20809
1570,85.9750,235,1,0.20788
1571,56.9750,819,1,0.20767
1572,87.2000,246,1,0.20747
1573,85.5000,275,1,0.20726
1574,59.6000,787,1,0.20705
1575,86.7500,222,1,0.20684
1576,77.6000,400,1,0.20664
1577,71.9000,551,1,0.20643
1578,77.0750,463,1,0.20622
1579,70.3500,528,1,0.20602
1580,73.1000,499,1,0.20581
1581,89.1250,179,1,0.20561
1582,77.1250,455,1,0.20540
1583,86.3000,207,1,0.20520
1584,90.1000,157,1,0.20499
1585,79.7000,354,1,0.20479
1586,83.5000,277,1,0.20458
1587,86.4250,249,1,0.20438
1588,78.9000,354,1,0.20417
1589,87.2250,211,1,0.20397
1590,85.0250,278,1,0.20376
1591,87.4750,210,1,0.20356
1592,87.2000,207,1,0.20336
1593,85.8000,236,1,0.20315
1594,89.7750,170,1,0.20295
1595,69.3750,607,1,0.20275
1596,73.5750,549,1,0.20254
1597,84.9250,298,1,0.20234
1598,86.5250,227,1,0.20214
1599,87.8750,216,1,0.20194
1600,90.1250,173,1,0.20173
1601,85.8250,287,1,0.20153
1602,91.0250,170,1,0.20133
1603,90.9750,188,1,0.20113
1604,85.0000,276,1,0.20093
1605,69.9750,593,1,0.20073
1606,81.5750,345,1,0.20053
1607,86.7250,226,1,0.20033
1608,94.6000,90,1,0.20013
1609,88.0250,227,1,0.20000
1610,91.6750,145,1,0.20000
1611,81.0000,327,1,0.20000
1612,71.0000,512,1,0.20000
1613,82.9000,354,1,0.20000
1614,89.5250,199,1,0.20000
1615,85.8000,265,1,0.20000
1616,78.0500,393,1,0.20000
1617,86.4500,209,1,0.20000
1618,86.0000,254,1,0.20000
1619,88.7500,206,1,0.20000
1620,86.2750,241,1,0.20000
1621,86.5250,233,1,0.20000
1622,-52.0250,999,0,0.20000
1623,-46.3250,999,0,0.20000
1624,79.8250,388,1,0.20000
1625,83.9250,307,1,0.20000
1626,91.5000,169,1,0.20000
1627,87.7000,210,1,0.20000
1628,87.8750,206,1,0.20000
1629,83.3250,305,1,0.20000
1630,79.2500,388,1,0.20000
1631,83.7000,290,1,0.20000
1632,81.6500,316,1,0.20000
1633,73.5750,488,1,0.20000
1634,89.9750,176,1,0.20000
1635,76.1500,488,1,0.20000
1636,82.9500,299,1,0.20000
1637,82.6500,367,1,0.20000
1638,80.9250,379,1,0.20000
1639,88.7000,209,1,0.20000
1640,89.3750,198,1,0.20000
1641,86.0750,237,1,0.20000
1642,89.9750,196,1,0.20000
1643,82.7750,325,1,0.20000
1644,86.9000,261,1,0.20000
1645,87.9250,261,1,0.20000
1646,86.1500,267,1,0.20000
1647,87.3500,252,1,0.20000
1648,77.1250,445,1,0.20000
1649,81.1000,338,1,0.20000
1650,88.5000,231,1,0.20000
1651,85.2500,278,1,0.20000
1652,86.6000,247,1,0.20000
1653,84.5750,263,1,0.20000
1654,76.9750,417,1,0.20000
1655,85.7000,241,1,0.20000
1656,89.7750,167,1,0.20000
1657,82.4750,304,1,0.20000
1658,88.3250,208,1,0.20000
1659,-53.8250,999,0,0.20000
1660,86.2000,216,1,0.20000
1661,59.5250,741,1,0.20000
1662,77.8750,415,1,0.20000
1663,86.1500,243,1,0.20000
1664,83.7500,314,1,0.20000
1665,78.2250,378,1,0.20000
1666,86.4000,241,1,0.20000
1667,86.0000,251,1,0.20000
1668,-53.6750,999,0,0.20000
1669,80.5500,386,1,0.20000
1670,83.6750,297,1,0.20000
1671,81.9750,314,1,0.20000
1672,83.3250,280,1,0.20000
1673,66.9500,666,1,0.20000
1674,-47.4250,999,0,0.20000
1675,83.2500,362,1,0.20000
1676,87.9500,242,1,0.20000
1677,82.0000,346,1,0.20000
1678,85.4250,253,1,0.20000
1679,89.0250,187,1,0.20000
1680,80.1250,356,1,0.20000
1681,87.2750,239,1,0.20000
1682,89.4500,179,1,0.20000
1683,87.8000,228,1,0.20000
1684,84.1000,329,1,0.20000
1685,89.1250,237,1,0.20000
1686,87.0000,269,1,0.20000
1687,85.8250,302,1,0.20000
1688,77.5250,450,1,0.20000
1689,84.3500,320,1,0.20000
1690,87.8750,247,1,0.20000
1691,66.9250,641,1,0.20000
1692,86.9750,266,1,0.20000
1693,84.9250,289,1,0.20000
1694,89.2750,220,1,0.20000
1695,84.7750,297,1,0.20000
1696,80.7000,395,1,0.20000
1697,74.6250,502,1,0.20000
1698,83.8250,349,1,0.20000
1699,82.4750,345,1,0.20000
1700,75.7500,450,1,0.20000
1701,86.3000,234,1,0.20000
1702,81.2500,355,1,0.20000
1703,86.5750,244,1,0.20000
1704,87.4500,238,1,0.20000
1705,89.8250,181,1,0.20000
1706,79.1750,367,1,0.20000
1707,88.2250,208,1,0.20000
1708,88.3750,197,1,0.20000
1709,80.2250,364,1,0.20000
1710,73.1750,483,1,0.20000
1711,77.0750,471,1,0.20000
1712,82.3000,345,1,0.20000
1713,79.3500,427,1,0.20000
1714,84.4750,279,1,0.20000
1715,85.4500,279,1,0.20000
1716,84.5750,284,1,0.20000
1717,83.6500,309,1,0.20000
1718,87.6750,236,1,0.20000
1719,70.7250,582,1,0.20000
1720,88.1250,237,1,0.20000
1721,84.8750,275,1,0.20000
1722,90.4000,180,1,0.20000
1723,74.6000,562,1,0.20000
1724,78.0750,450,1,0.20000
1725,77.1500,468,1,0.20000
1726,77.1750,501,1,0.20000
1727,79.0250,440,1,0.20000
1728,64.2750,672,1,0.20000
1729,84.8500,292,1,0.20000
1730,82.7250,319,1,0.20000
1731,70.9250,505,1,0.20000
1732,85.0000,279,1,0.20000
1733,68.8750,588,1,0.20000
1734,83.8750,291,1,0.20000
1735,84.6500,274,1,0.20000
1736,85.0500,262,1,0.20000
1737,83.0500,309,1,0.20000
1738,90.1000,184,1,0.20000
1739,90.3250,174,1,0.20000
1740,89.5500,179,1,0.20000
1741,88.9500,190,1,0.20000
1742,71.2000,541,1,0.20000
1743,86.6000,264,1,0.20000
1744,82.4750,330,1,0.20000
1745,84.2000,318,1,0.20000
1746,86.4750,250,1,0.20000
1747,85.5000,263,1,0.20000
1748,90.1500,189,1,0.20000
1749,66.9750,630,1,0.20000
1750,74.9250,477,1,0.20000
1751,73.9500,458,1,0.20000
1752,73.7000,443,1,0.20000
1753,90.8250,153,1,0.20000
1754,84.7000,254,1,0.20000
1755,89.8250,159,1,0.20000
1756,86.7000,236,1,0.20000
1757,82.1000,326,1,0.20000
1758,82.6750,299,1,0.20000
1759,86.8000,238,1,0.20000
1760,83.4500,294,1,0.20000
1761,80.2000,395,1,0.20000
1762,50.5000,944,1,0.20000
1763,70.6000,567,1,0.20000
1764,74.8250,452,1,0.20000
1765,68.3000,581,1,0.20000
1766,84.9500,262,1,0.20000
1767,83.2000,291,1,0.20000
1768,70.9250,551,1,0.20000
1769,64.2000,647,1,0.20000
1770,87.7500,228,1,0.20000
1771,83.8000,306,1,0.20000
1772,83.2500,329,1,0.20000
1773,82.8000,305,1,0.20000
1774,87.3500,242,1,0.20000
1775,78.4750,404,1,0.20000
1776,72.6500,552,1,0.20000
1777,82.7500,349,1,0.20000
1778,87.3000,259,1,0.20000
1779,88.6000,236,1,0.20000
1780,88.8000,242,1,0.20000
1781,81.1750,391,1,0.20000
1782,83.5000,301,1,0.20000
1783,86.2500,254,1,0.20000
1784,86.1750,255,1,0.20000
1785,84.8000,271,1,0.20000
1786,83.7000,284,1,0.20000
1787,74.1250,488,1,0.20000
1788,83.6000,276,1,0.20000
1789,81.3750,351,1,0.20000
1790,69.7250,575,1,0.20000
1791,82.6750,343,1,0.20000
1792,88.3500,241,1,0.20000
1793,62.6750,704,1,0.20000
1794,83.1750,290,1,0.20000
1795,84.9500,260,1,0.20000
1796,87.7250,230,1,0.20000
1797,86.5750,230,1,0.20000
1798,90.1250,161,1,0.20000
1799,85.8000,246,1,0.20000
1800,86.0750,250,1,0.20000
1801,71.8000,571,1,0.20000
1802,88.5000,201,1,0.20000
1803,88.2000,213,1,0.20000
1804,85.8750,263,1,0.20000
1805,69.7500,590,1,0.20000
1806,83.0000,305,1,0.20000
1807,85.7500,250,1,0.20000
1808,86.6250,228,1,0.20000
1809,81.6750,316,1,0.20000
1810,87.2000,232,1,0.20000
1811,80.2000,358,1,0.20000
1812,90.5000,145,1,0.20000
1813,82.3000,342,1,0.20000
1814,80.4000,374,1,0.20000
1815,83.7250,270,1,0.20000
1816,86.9000,248,1,0.20000
1817,83.6000,310,1,0.20000
1818,81.8750,314,1,0.20000
1819,87.4250,211,1,0.20000
1820,74.2500,492,1,0.20000
1821,73.8750,499,1,0.20000
1822,76.6000,456,1,0.20000
1823,86.2250,265,1,0.20000
1824,88.6250,204,1,0.20000
1825,88.3750,215,1,0.20000
1826,85.8500,260,1,0.20000
1827,81.8000,367,1,0.20000
1828,82.6000,342,1,0.20000
1829,86.9000,261,1,0.20000
1830,87.8750,217,1,0.20000
1831,86.0000,261,1,0.20000
1832,87.3250,243,1,0.20000
1833,88.3250,221,1,0.20000
1834,86.3750,227,1,0.20000
1835,91.0500,173,1,0.20000
1836,55.0000,838,1,0.20000
1837,90.6250,175,1,0.20000
1838,84.9000,275,1,0.20000
1839,87.7000,249,1,0.20000
1840,89.4250,181,1,0.20000
1841,88.8000,193,1,0.20000
1842,83.2250,280,1,0.20000
1843,85.8250,260,1,0.20000
1844,79.0750,373,1,0.20000
1845,83.7750,274,1,0.20000
1846,85.9750,225,1,0.20000
1847,86.8750,253,1,0.20000
1848,80.8750,380,1,0.20000
1849,76.3500,468,1,0.20000
1850,80.9500,333,1,0.20000
1851,74.4500,460,1,0.20000
1852,73.2500,521,1,0.20000
1853,79.1250,448,1,0.20000
1854,89.1500,184,1,0.20000
1855,61.2000,779,1,0.20000
1856,86.1750,243,1,0.20000
1857,84.3000,313,1,0.20000
1858,88.9250,220,1,0.20000
1859,86.8750,256,1,0.20000
1860,92.0000,166,1,0.20000
1861,81.4500,300,1,0.20000
1862,85.0750,265,1,0.20000
1863,89.8500,179,1,0.20000
1864,85.7500,241,1,0.20000
1865,92.4000,106,1,0.20000
1866,87.2250,208,1,0.20000
1867,89.9250,175,1,0.20000
1868,54.0750,850,1,0.20000
1869,88.6750,184,1,0.20000
1870,86.9500,239,1,0.20000
1871,83.3000,304,1,0.20000
1872,69.1250,555,1,0.20000
1873,87.1750,236,1,0.20000
1874,87.3750,241,1,0.20000
1875,83.9500,272,1,0.20000
1876,83.3000,297,1,0.20000
1877,85.8250,266,1,0.20000
1878,86.4000,275,1,0.20000
1879,85.2250,269,1,0.20000
1880,81.2250,347,1,0.20000
1881,83.7250,294,1,0.20000
1882,89.1250,217,1,0.20000
1883,77.4750,424,1,0.20000
1884,83.4500,303,1,0.20000
1885,86.4500,242,1,0.20000
1886,82.6750,319,1,0.20000
1887,62.7750,695,1,0.20000
1888,58.6250,804,1,0.20000
1889,69.2250,590,1,0.20000
1890,85.2500,264,1,0.20000
1891,81.5250,346,1,0.20000
1892,72.5500,517,1,0.20000
1893,87.7000,258,1,0.20000
1894,85.9750,267,1,0.20000
1895,51.8750,939,1,0.20000
1896,88.1250,251,1,0.20000
1897,84.0500,294,1,0.20000
1898,77.9750,412,1,0.20000
1899,81.6500,349,1,0.20000
1900,83.3250,324,1,0.20000
1901,88.9000,228,1,0.20000
1902,84.5000,295,1,0.20000
1903,87.3250,230,1,0.20000
1904,90.6000,163,1,0.20000
1905,85.6750,294,1,0.20000
1906,92.1000,153,1,0.20000
1907,88.3750,241,1,0.20000
1908,84.9000,294,1,0.20000
1909,86.4000,234,1,0.20000
1910,70.9250,531,1,0.20000
1911,87.7750,245,1,0.20000
1912,92.0500,159,1,0.20000
1913,85.7500,238,1,0.20000
1914,86.9750,249,1,0.20000
1915,90.9000,158,1,0.20000
1916,85.3000,246,1,0.20000
1917,76.4250,432,1,0.20000
1918,77.8500,400,1,0.20000
1919,90.2750,168,1,0.20000
1920,87.4000,224,1,0.20000
1921,85.8500,259,1,0.20000
1922,62.1750,768,1,0.20000
1923,82.1500,326,1,0.20000
1924,85.1250,270,1,0.20000
1925,83.8250,285,1,0.20000
1926,84.5250,293,1,0.20000
1927,85.2000,270,1,0.20000
1928,88.0500,195,1,0.20000
1929,85.8250,269,1,0.20000
1930,80.9250,298,1,0.20000
1931,88.4500,196,1,0.20000
1932,83.6250,291,1,0.20000
1933,84.2000,280,1,0.20000
1934,83.4000,296,1,0.20000
1935,82.0750,310,1,0.20000
1936,79.4250,419,1,0.20000
1937,82.8750,335,1,0.20000
1938,82.6000,317,1,0.20000
1939,82.3750,326,1,0.20000
1940,79.8500,347,1,0.20000
1941,66.0500,589,1,0.20000
1942,83.5750,323,1,0.20000
1943,69.4250,576,1,0.20000
1944,81.6250,332,1,0.20000
1945,81.8500,329,1,0.20000
1946,82.0750,353,1,0.20000
1947,77.6500,469,1,0.20000
1948,80.0250,370,1,0.20000
1949,73.2250,507,1,0.20000
1950,80.0250,387,1,0.20000
1951,75.9500,444,1,0.20000
1952,82.9250,310,1,0.20000
1953,81.2000,342,1,0.20000
1954,90.7500,169,1,0.20000
1955,76.7250,460,1,0.20000
1956,69.9000,517,1,0.20000
1957,88.3250,226,1,0.20000
1958,90.2750,190,1,0.20000
1959,91.1750,148,1,0.20000
1960,92.0250,161,1,0.20000
1961,83.9500,295,1,0.20000
1962,77.7250,398,1,0.20000
1963,83.3500,302,1,0.20000
1964,82.3000,307,1,0.20000
1965,84.3750,292,1,0.20000
1966,87.9250,229,1,0.20000
1967,81.6500,311,1,0.20000
1968,87.4000,231,1,0.20000
1969,81.1750,364,1,0.20000
1970,87.6250,228,1,0.20000
1971,87.8500,225,1,0.20000
1972,80.3000,387,1,0.20000
1973,80.4000,375,1,0.20000
1974,80.2000,370,1,0.20000
1975,80.4500,353,1,0.20000
1976,88.4500,206,1,0.20000
1977,68.8750,581,1,0.20000
1978,86.3750,247,1,0.20000
1979,49.5750,930,1,0.20000
1980,91.1500,161,1,0.20000
1981,84.7750,269,1,0.20000
1982,85.8250,247,1,0.20000
1983,84.9000,265,1,0.20000
1984,76.7250,438,1,0.20000
1985,87.2000,240,1,0.20000
1986,86.9000,242,1,0.20000
1987,87.2000,229,1,0.20000
1988,83.8250,318,1,0.20000
1989,78.4500,409,1,0.20000
1990,88.1000,230,1,0.20000
1991,88.9000,221,1,0.20000
1992,86.5500,249,1,0.20000
1993,84.7000,283,1,0.20000
1994,88.1500,222,1,0.20000
1995,77.9500,444,1,0.20000
1996,86.7500,244,1,0.20000
1997,89.9250,176,1,0.20000
1998,85.9000,263,1,0.20000
1999,89.4500,172,1,0.20000
2000,86.5500,232,1,0.20000
2001,86.1000,258,1,0.20000
2002,83.4500,285,1,0.20000
2003,88.5250,201,1,0.20000
2004,89.9750,161,1,0.20000
2005,87.2750,238,1,0.20000
2006,87.6000,248,1,0.20000
2007,87.9000,237,1,0.20000
2008,86.5500,235,1,0.20000
2009,87.2000,242,1,0.20000
2010,81.3500,327,1,0.20000
2011,49.1500,964,1,0.20000
2012,86.0750,246,1,0.20000
2013,87.2750,234,1,0.20000
2014,87.6250,247,1,0.20000
2015,83.8500,308,1,0.20000
2016,88.0000,232,1,0.20000
2017,87.2500,236,1,0.20000
2018,84.4250,294,1,0.20000
2019,86.9000,228,1,0.20000
2020,86.7250,243,1,0.20000
2021,86.8500,237,1,0.20000
2022,87.6500,226,1,0.20000
2023,83.7500,311,1,0.20000
2024,71.6750,525,1,0.20000
2025,84.8250,301,1,0.20000
2026,84.2000,284,1,0.20000
2027,85.5250,256,1,0.20000
2028,86.6000,257,1,0.20000
2029,89.0750,226,1,0.20000
2030,88.2500,237,1,0.20000
2031,73.3250,562,1,0.20000
2032,88.5000,234,1,0.20000
2033,88.9750,217,1,0.20000
2034,89.5500,180,1,0.20000
2035,92.2750,155,1,0.20000
2036,88.0750,213,1,0.20000
2037,85.1750,277,1,0.20000
2038,91.9500,152,1,0.20000
2039,83.3500,308,1,0.20000
2040,89.7000,185,1,0.20000
2041,91.2750,163,1,0.20000
2042,90.8500,170,1,0.20000
2043,87.7000,245,1,0.20000
2044,77.9750,399,1,0.20000
2045,91.1250,162,1,0.20000
2046,86.9250,255,1,0.20000
2047,73.5750,516,1,0.20000
2048,82.9750,344,1,0.20000
2049,86.0500,282,1,0.20000
2050,80.9500,396,1,0.20000
2051,88.3000,229,1,0.20000
2052,55.4750,908,1,0.20000
2053,86.3250,307,1,0.20000
2054,89.4500,175,1,0.20000
2055,76.4500,490,1,0.20000
2056,79.1000,417,1,0.20000
2057,79.7750,403,1,0.20000
2058,61.1750,803,1,0.20000
2059,55.9750,898,1,0.20000
2060,75.5250,488,1,0.20000
2061,87.7250,248,1,0.20000
2062,61.2000,769,1,0.20000
2063,81.7250,337,1,0.20000
2064,79.2500,387,1,0.20000
2065,68.7500,602,1,0.20000
2066,55.4500,871,1,0.20000
2067,-49.8000,999,0,0.20000
2068,-52.6250,999,0,0.20000
2069,84.0000,304,1,0.20000
2070,79.7750,415,1,0.20000
2071,79.0250,386,1,0.20000
2072,85.6500,283,1,0.20000
2073,77.4750,435,1,0.20000
2074,81.2500,361,1,0.20000
2075,57.4250,754,1,0.20000
2076,87.3000,210,1,0.20000
2077,85.1750,255,1,0.20000
2078,85.7000,264,1,0.20000
2079,79.8250,389,1,0.20000
2080,86.8250,233,1,0.20000
2081,83.8750,293,1,0.20000
2082,82.6750,325,1,0.20000
2083,78.8000,390,1,0.20000
2084,79.4500,392,1,0.20000
2085,89.1500,194,1,0.20000
2086,88.3250,194,1,0.20000
2087,87.0250,218,1,0.20000
2088,79.1500,363,1,0.20000
2089,77.3750,383,1,0.20000
2090,63.7000,736,1,0.20000
2091,77.1250,438,1,0.20000
2092,88.0000,246,1,0.20000
2093,88.1500,234,1,0.20000
2094,78.4250,403,1,0.20000
2095,85.7500,279,1,0.20000
2096,82.5750,311,1,0.20000
2097,85.9250,259,1,0.20000
2098,82.0500,354,1,0.20000
2099,91.2500,165,1,0.20000
2100,90.0500,175,1,0.20000
2101,87.2000,246,1,0.20000
2102,81.1750,356,1,0.20000
2103,89.6750,239,1,0.20000
2104,84.5250,346,1,0.20000
2105,74.0500,543,1,0.20000
2106,85.1500,288,1,0.20000
2107,88.4750,235,1,0.20000
2108,75.4000,488,1,0.20000
2109,88.4500,227,1,0.20000
2110,80.4000,375,1,0.20000
2111,62.3000,792,1,0.20000
2112,85.4000,263,1,0.20000
2113,81.1500,351,1,0.20000
2114,72.2250,563,1,0.20000
2115,80.4500,374,1,0.20000
2116,91.7500,162,1,0.20000
2117,80.4000,327,1,0.20000
2118,86.8250,226,1,0.20000
2119,87.0750,204,1,0.20000
2120,76.3750,486,1,0.20000
2121,88.3500,233,1,0.20000
2122,86.8750,228,1,0.20000
2123,85.7500,279,1,0.20000
2124,90.1250,175,1,0.20000
2125,89.9750,175,1,0.20000
2126,83.7250,299,1,0.20000
2127,88.7750,225,1,0.20000
2128,88.7750,223,1,0.20000
2129,87.9500,221,1,0.20000
2130,80.8750,363,1,0.20000
2131,86.4000,230,1,0.20000
2132,87.4000,223,1,0.20000
2133,87.5750,224,1,0.20000
2134,82.4250,291,1,0.20000
2135,69.3000,611,1,0.20000
2136,-50.9500,999,0,0.20000
2137,80.8500,367,1,0.20000
2138,88.4000,219,1,0.20000
2139,79.0000,411,1,0.20000
2140,83.8750,333,1,0.20000
2141,91.3500,163,1,0.20000
2142,83.4750,328,1,0.20000
2143,88.9000,227,1,0.20000
2144,88.7250,244,1,0.20000
2145,87.3500,254,1,0.20000
2146,88.0750,221,1,0.20000
2147,84.0250,330,1,0.20000
2148,89.2000,222,1,0.20000
2149,91.5750,183,1,0.20000
2150,92.0750,163,1,0.20000
2151,88.9000,201,1,0.20000
2152,82.6750,344,1,0.20000
2153,91.0000,176,1,0.20000
2154,84.4000,282,1,0.20000
2155,88.0500,213,1,0.20000
2156,91.1000,149,1,0.20000
2157,89.8000,180,1,0.20000
2158,86.2000,254,1,0.20000
2159,85.8000,251,1,0.20000
2160,88.9250,190,1,0.20000
2161,88.1250,228,1,0.20000
2162,83.1000,322,1,0.20000
2163,88.5750,240,1,0.20000
2164,61.5250,762,1,0.20000
2165,82.9500,289,1,0.20000
2166,74.9500,461,1,0.20000
2167,74.1000,532,1,0.20000
2168,85.2500,310,1,0.20000
2169,88.3000,253,1,0.20000
2170,73.2750,538,1,0.20000
2171,84.5750,295,1,0.20000
2172,87.4250,247,1,0.20000
2173,79.7250,407,1,0.20000
2174,85.9000,243,1,0.20000
2175,84.4000,306,1,0.20000
2176,76.1000,478,1,0.20000
2177,74.3750,539,1,0.20000
2178,80.6500,366,1,0.20000
2179,82.1250,328,1,0.20000
2180,90.8500,166,1,0.20000
2181,90.3250,182,1,0.20000
2182,87.4500,242,1,0.20000
2183,86.4250,234,1,0.20000
2184,86.8000,247,1,0.20000
2185,84.4250,280,1,0.20000
2186,86.1250,217,1,0.20000
2187,88.3000,215,1,0.20000
2188,88.0250,231,1,0.20000
2189,75.4750,449,1,0.20000
2190,84.5000,290,1,0.20000
2191,86.4500,259,1,0.20000
2192,76.1500,468,1,0.20000
2193,84.4750,255,1,0.20000
2194,91.3250,166,1,0.20000
2195,89.1500,189,1,0.20000
2196,87.2000,234,1,0.20000
2197,84.2500,337,1,0.20000
2198,86.4500,276,1,0.20000
2199,81.1750,360,1,0.20000
2200,87.0250,254,1,0.20000
2201,84.3250,279,1,0.20000
2202,86.4000,231,1,0.20000
2203,86.6500,227,1,0.20000
2204,79.7250,373,1,0.20000
2205,78.1750,431,1,0.20000
2206,87.8750,230,1,0.20000
2207,82.4500,289,1,0.20000
2208,88.2750,207,1,0.20000
2209,79.1000,414,1,0.20000
2210,79.1250,368,1,0.20000
2211,82.3500,317,1,0.20000
2212,75.5000,446,1,0.20000
2213,80.8500,359,1,0.20000
2214,88.2500,208,1,0.20000
2215,89.1250,197,1,0.20000
2216,89.7000,207,1,0.20000
2217,77.9750,417,1,0.20000
2218,90.3500,178,1,0.20000
2219,87.9000,236,1,0.20000
2220,87.7250,197,1,0.20000
2221,76.6250,465,1,0.20000
2222,90.0250,205,1,0.20000
2223,68.9000,596,1,0.20000
2224,88.0000,216,1,0.20000
2225,87.7500,237,1,0.20000
2226,75.2750,511,1,0.20000
2227,85.8250,270,1,0.20000
2228,91.3750,167,1,0.20000
2229,91.9250,160,1,0.20000
2230,88.6000,218,1,0.20000
2231,90.2250,214,1,0.20000
2232,91.8500,167,1,0.20000
2233,89.3500,229,1,0.20000
2234,81.8250,360,1,0.20000
2235,84.1500,309,1,0.20000
2236,91.4750,148,1,0.20000
2237,87.1500,250,1,0.20000
2238,76.9500,450,1,0.20000
2239,72.4000,544,1,0.20000
2240,87.9500,184,1,0.20000
2241,-54.0750,999,0,0.20000
2242,92.7750,143,1,0.20000
2243,91.5750,167,1,0.20000
2244,91.4500,159,1,0.20000
2245,70.9000,567,1,0.20000
2246,86.2500,272,1,0.20000
2247,90.7750,179,1,0.20000
2248,79.1000,395,1,0.20000
2249,90.5500,173,1,0.20000
2250,85.2750,302,1,0.20000
2251,89.3500,216,1,0.20000
2252,89.9250,199,1,0.20000
2253,88.6500,206,1,0.20000
2254,79.9000,327,1,0.20000
2255,91.1250,160,1,0.20000
2256,77.4250,411,1,0.20000
2257,88.5250,185,1,0.20000
2258,89.3250,177,1,0.20000
2259,90.4750,165,1,0.20000
2260,90.3750,167,1,0.20000
2261,90.8000,160,1,0.20000
2262,88.9000,190,1,0.20000
2263,90.2500,167,1,0.20000
2264,89.2500,189,1,0.20000
2265,90.3750,168,1,0.20000
2266,89.1500,226,1,0.20000
2267,91.4000,175,1,0.20000
2268,90.7000,174,1,0.20000
2269,91.3250,170,1,0.20000
2270,82.6000,307,1,0.20000
2271,85.0500,262,1,0.20000
2272,79.8750,380,1,0.20000
2273,83.9750,281,1,0.20000
2274,68.1250,638,1,0.20000
2275,88.4000,236,1,0.20000
2276,90.6250,159,1,0.20000
2277,89.3250,189,1,0.20000
2278,90.3500,163,1,0.20000
2279,89.9250,176,1,0.20000
2280,82.8500,326,1,0.20000
2281,86.4500,263,1,0.20000
2282,85.2000,262,1,0.20000
2283,87.3000,230,1,0.20000
2284,86.2000,253,1,0.20000
2285,79.6500,370,1,0.20000
2286,59.9000,802,1,0.20000
2287,73.0750,514,1,0.20000
2288,87.6000,239,1,0.20000
2289,82.5750,316,1,0.20000
2290,86.0000,234,1,0.20000
2291,69.1750,540,1,0.20000
2292,85.9750,258,1,0.20000
2293,89.1500,222,1,0.20000
2294,75.1500,492,1,0.20000
2295,80.3000,357,1,0.20000
2296,80.5750,347,1,0.20000
2297,82.8000,363,1,0.20000
2298,74.5250,447,1,0.20000
2299,88.9000,215,1,0.20000
2300,85.5250,280,1,0.20000
2301,81.0250,343,1,0.20000
2302,79.6500,364,1,0.20000
2303,81.9000,328,1,0.20000
2304,84.8250,282,1,0.20000
2305,87.5500,240,1,0.20000
2306,75.7500,475,1,0.20000
2307,90.7750,163,1,0.20000
2308,90.4750,179,1,0.20000
2309,85.5750,241,1,0.20000
2310,84.1500,271,1,0.20000
2311,85.9500,246,1,0.20000
2312,83.3500,283,1,0.20000
2313,78.7250,404,1,0.20000
2314,85.8000,256,1,0.20000
2315,80.5500,346,1,0.20000
2316,90.8000,173,1,0.20000
2317,78.4750,417,1,0.20000
2318,83.3750,298,1,0.20000
2319,71.0250,526,1,0.20000
2320,85.2000,275,1,0.20000
2321,90.7000,169,1,0.20000
2322,80.8250,343,1,0.20000
2323,85.9750,239,1,0.20000
2324,87.9000,219,1,0.20000
2325,90.1750,163,1,0.20000
2326,79.2750,347,1,0.20000
2327,89.8250,168,1,0.20000
2328,82.7250,323,1,0.20000
2329,80.9000,314,1,0.20000
2330,86.2750,230,1,0.20000
2331,79.3000,364,1,0.20000
2332,83.3500,308,1,0.20000
2333,76.2750,450,1,0.20000
2334,81.7500,330,1,0.20000
2335,85.7250,228,1,0.20000
2336,84.7000,275,1,0.20000
2337,79.3250,358,1,0.20000
2338,87.5250,214,1,0.20000
2339,82.5250,309,1,0.20000
2340,91.3000,164,1,0.20000
2341,68.9250,608,1,0.20000
2342,84.5250,270,1,0.20000
2343,90.0250,185,1,0.20000
2344,85.2250,297,1,0.20000
2345,82.5000,359,1,0.20000
2346,81.1500,379,1,0.20000
2347,89.3500,191,1,0.20000
2348,88.2500,199,1,0.20000
2349,87.9750,230,1,0.20000
2350,87.2250,241,1,0.20000
2351,82.5500,314,1,0.20000
2352,86.1750,273,1,0.20000
2353,87.2750,258,1,0.20000
2354,89.5000,187,1,0.20000
2355,86.0000,254,1,0.20000
2356,84.8750,271,1,0.20000
2357,70.9500,528,1,0.20000
2358,88.6000,173,1,0.20000
2359,90.2000,181,1,0.20000
2360,85.9250,278,1,0.20000
2361,89.5500,167,1,0.20000
2362,84.6000,275,1,0.20000
2363,88.5750,191,1,0.20000
2364,84.2000,313,1,0.20000
2365,88.9250,187,1,0.20000
2366,75.7000,484,1,0.20000
2367,87.9750,242,1,0.20000
2368,91.5750,168,1,0.20000
2369,84.5000,283,1,0.20000
2370,90.5000,153,1,0.20000
2371,76.0500,400,1,0.20000
2372,83.2250,303,1,0.20000
2373,87.1750,246,1,0.20000
2374,91.5250,146,1,0.20000
2375,79.1250,364,1,0.20000
2376,61.2750,716,1,0.20000
2377,88.2750,189,1,0.20000
2378,84.4000,257,1,0.20000
2379,90.5250,163,1,0.20000
2380,90.6750,159,1,0.20000
2381,90.5500,160,1,0.20000
2382,58.0750,807,1,0.20000
2383,84.8000,263,1,0.20000
2384,83.7750,294,1,0.20000
2385,77.0500,388,1,0.20000
2386,80.3250,369,1,0.20000
2387,88.5750,235,1,0.20000
2388,69.5500,581,1,0.20000
2389,83.4500,312,1,0.20000
2390,87.8750,231,1,0.20000
2391,84.7500,286,1,0.20000
2392,85.3250,289,1,0.20000
2393,89.6750,172,1,0.20000
2394,56.5000,758,1,0.20000
2395,-48.4750,999,0,0.20000
2396,61.3000,762,1,0.20000
2397,51.5750,952,1,0.20000
2398,87.9000,234,1,0.20000
2399,82.7000,366,1,0.20000
2400,76.0500,479,1,0.20000
2401,82.3000,348,1,0.20000
2402,82.5250,367,1,0.20000
2403,87.7000,237,1,0.20000
2404,-46.0750,999,0,0.20000
2405,78.3250,475,1,0.20000
2406,89.9000,207,1,0.20000
2407,67.2750,634,1,0.20000
2408,85.9750,238,1,0.20000
2409,84.2250,303,1,0.20000
2410,75.1500,517,1,0.20000
2411,89.3250,214,1,0.20000
2412,90.1500,166,1,0.20000
2413,85.9500,267,1,0.20000
2414,89.8500,188,1,0.20000
2415,92.5500,116,1,0.20000
2416,59.2000,764,1,0.20000
2417,78.2250,378,1,0.20000
2418,83.6500,323,1,0.20000
2419,87.4750,266,1,0.20000
2420,83.1250,352,1,0.20000
2421,86.7500,258,1,0.20000
2422,88.4250,224,1,0.20000
2423,87.4250,210,1,0.20000
2424,85.6750,265,1,0.20000
2425,86.5750,237,1,0.20000
2426,78.1500,439,1,0.20000
2427,67.4500,647,1,0.20000
2428,83.8500,318,1,0.20000
2429,81.7000,356,1,0.20000
2430,89.5000,219,1,0.20000
2431,81.1250,396,1,0.20000
2432,88.2250,226,1,0.20000
2433,92.1250,159,1,0.20000
2434,90.7250,163,1,0.20000
2435,89.5500,172,1,0.20000
2436,83.0750,314,1,0.20000
2437,86.3750,237,1,0.20000
2438,85.2750,274,1,0.20000
2439,52.0500,986,1,0.20000
2440,84.1750,340,1,0.20000
2441,81.6000,341,1,0.20000
2442,86.2250,271,1,0.20000
2443,83.9000,308,1,0.20000
2444,86.7250,269,1,0.20000
2445,83.8500,320,1,0.20000
2446,84.9750,306,1,0.20000
2447,84.4500,316,1,0.20000
2448,87.1000,241,1,0.20000
2449,88.4750,232,1,0.20000
2450,91.9500,168,1,0.20000
2451,84.0000,314,1,0.20000
2452,62.3750,842,1,0.20000
2453,87.9250,221,1,0.20000
2454,79.0750,394,1,0.20000
2455,76.0500,466,1,0.20000
2456,78.5500,387,1,0.20000
2457,80.2000,391,1,0.20000
2458,87.6250,224,1,0.20000
2459,84.5500,311,1,0.20000
2460,88.0750,248,1,0.20000
2461,83.5000,303,1,0.20000
2462,87.6000,222,1,0.20000
2463,89.3500,203,1,0.20000
2464,80.9250,362,1,0.20000
2465,78.9750,375,1,0.20000
2466,76.2000,422,1,0.20000
2467,85.7000,256,1,0.20000
2468,82.0500,298,1,0.20000
2469,78.9500,343,1,0.20000
2470,70.3000,586,1,0.20000
2471,92.1500,147,1,0.20000
2472,79.8750,400,1,0.20000
2473,73.2250,492,1,0.20000
2474,69.2500,593,1,0.20000
2475,66.1500,564,1,0.20000
2476,83.1750,338,1,0.20000
2477,75.4250,504,1,0.20000
2478,83.9750,300,1,0.20000
2479,91.1250,162,1,0.20000
2480,90.9000,153,1,0.20000
2481,81.9500,342,1,0.20000
2482,86.4250,254,1,0.20000
2483,86.6000,256,1,0.20000
2484,86.6000,271,1,0.20000
2485,88.1250,233,1,0.20000
2486,89.4500,174,1,0.20000
2487,70.5500,577,1,0.20000
2488,85.9500,236,1,0.20000
2489,82.3500,301,1,0.20000
2490,85.9750,235,1,0.20000
2491,81.3750,343,1,0.20000
2492,80.5250,395,1,0.20000
2493,81.9750,363,1,0.20000
2494,80.4750,373,1,0.20000
2495,79.6750,387,1,0.20000
2496,83.1750,300,1,0.20000
2497,89.7000,221,1,0.20000
2498,88.5750,225,1,0.20000
2499,77.6000,427,1,0.20000
2500,80.3750,392,1,0.20000
2501,85.4250,295,1,0.20000
2502,78.2250,415,1,0.20000
2503,85.3000,287,1,0.20000
2504,83.9500,306,1,0.20000
2505,86.6500,219,1,0.20000
2506,87.8250,232,1,0.20000
2507,88.3500,189,1,0.20000
2508,84.3750,263,1,0.20000
2509,72.4250,458,1,0.20000
2510,85.8250,267,1,0.20000
2511,91.3500,169,1,0.20000
2512,86.4250,256,1,0.20000
2513,80.5000,397,1,0.20000
2514,86.7750,246,1,0.20000
2515,86.5250,268,1,0.20000
2516,86.3250,235,1,0.20000
2517,78.1250,416,1,0.20000
2518,90.3500,176,1,0.20000
2519,86.0000,257,1,0.20000
2520,84.4000,280,1,0.20000
2521,84.7250,278,1,0.20000
2522,81.5750,337,1,0.20000
2523,87.0500,223,1,0.20000
2524,88.7500,208,1,0.20000
2525,85.9000,256,1,0.20000
2526,84.1000,288,1,0.20000
2527,90.4000,186,1,0.20000
2528,77.8750,429,1,0.20000
2529,86.1000,278,1,0.20000
2530,88.9000,222,1,0.20000
2531,78.8750,431,1,0.20000
2532,81.6000,357,1,0.20000
2533,80.6000,398,1,0.20000
2534,92.2250,155,1,0.20000
2535,92.2750,155,1,0.20000
2536,86.5250,244,1,0.20000
2537,87.2500,202,1,0.20000
2538,88.3500,197,1,0.20000
2539,88.4750,175,1,0.20000
2540,90.1750,171,1,0.20000
2541,84.7000,270,1,0.20000
2542,84.6250,277,1,0.20000
2543,83.1750,304,1,0.20000
2544,91.6750,147,1,0.20000
2545,82.0250,293,1,0.20000
2546,86.4500,223,1,0.20000
2547,67.0000,632,1,0.20000
2548,90.0500,182,1,0.20000
2549,88.6000,181,1,0.20000
2550,83.0750,303,1,0.20000
2551,75.5750,463,1,0.20000
2552,91.2250,148,1,0.20000
2553,86.8500,248,1,0.20000
2554,82.6000,307,1,0.20000
2555,80.0500,352,1,0.20000
2556,82.3500,349,1,0.20000
2557,87.0500,239,1,0.20000
2558,83.5500,265,1,0.20000
2559,88.1750,232,1,0.20000
2560,84.7750,255,1,0.20000
2561,86.7250,239,1,0.20000
2562,84.8250,280,1,0.20000
2563,81.9500,342,1,0.20000
2564,87.3000,234,1,0.20000
2565,81.2500,335,1,0.20000
2566,74.2750,471,1,0.20000
2567,86.0500,231,1,0.20000
2568,-56.1250,999,0,0.20000
2569,81.5000,361,1,0.20000
2570,87.4000,237,1,0.20000
2571,78.2250,461,1,0.20000
2572,80.1750,343,1,0.20000
2573,89.6250,188,1,0.20000
2574,86.7500,246,1,0.20000
2575,88.5500,241,1,0.20000
2576,88.9000,224,1,0.20000
2577,83.2000,301,1,0.20000
2578,90.8000,165,1,0.20000
2579,86.0250,237,1,0.20000
2580,91.1500,160,1,0.20000
2581,85.1750,254,1,0.20000
2582,80.7000,349,1,0.20000
2583,92.1000,152,1,0.20000
2584,81.7750,369,1,0.20000
2585,90.6000,183,1,0.20000
2586,90.5000,161,1,0.20000
2587,84.0250,294,1,0.20000
2588,91.2750,157,1,0.20000
2589,90.7500,166,1,0.20000
2590,89.6500,163,1,0.20000
2591,91.2750,160,1,0.20000
2592,88.3500,193,1,0.20000
2593,88.1000,217,1,0.20000
2594,88.8250,206,1,0.20000
2595,87.1000,216,1,0.20000
2596,87.1000,265,1,0.20000
2597,88.6000,180,1,0.20000
2598,88.8500,190,1,0.20000
2599,89.4500,228,1,0.20000
2600,86.4000,239,1,0.20000
2601,88.5750,222,1,0.20000
2602,85.0250,307,1,0.20000
2603,80.4750,376,1,0.20000
2604,82.4500,346,1,0.20000
2605,83.4500,290,1,0.20000
2606,86.3000,245,1,0.20000
2607,87.5250,230,1,0.20000
2608,85.7500,274,1,0.20000
2609,89.1250,236,1,0.20000
2610,86.1500,294,1,0.20000
2611,89.9500,183,1,0.20000
2612,91.0750,189,1,0.20000
2613,84.2750,293,1,0.20000
2614,86.9250,263,1,0.20000
2615,88.6500,237,1,0.20000
2616,87.6000,239,1,0.20000
2617,-45.4500,999,0,0.20000
2618,78.7750,422,1,0.20000
2619,89.2500,208,1,0.20000
2620,73.8000,540,1,0.20000
2621,90.4750,236,1,0.20000
2622,88.0750,228,1,0.20000
2623,86.4000,251,1,0.20000
2624,85.3000,289,1,0.20000
2625,84.8750,283,1,0.20000
2626,86.9250,259,1,0.20000
2627,86.8000,253,1,0.20000
2628,88.9000,242,1,0.20000
2629,88.5250,234,1,0.20000
2630,84.4000,308,1,0.20000
2631,85.9250,262,1,0.20000
2632,87.9750,242,1,0.20000
2633,87.3250,232,1,0.20000
2634,88.5000,233,1,0.20000
2635,88.7750,228,1,0.20000
2636,89.4500,221,1,0.20000
2637,82.2250,326,1,0.20000
2638,87.1250,233,1,0.20000
2639,87.9750,234,1,0.20000
2640,88.6000,215,1,0.20000
2641,79.1000,397,1,0.20000
2642,80.9750,405,1,0.20000
2643,85.8750,283,1,0.20000
2644,88.8000,220,1,0.20000
2645,88.9000,216,1,0.20000
2646,88.4500,213,1,0.20000
2647,88.9500,190,1,0.20000
2648,87.0750,247,1,0.20000
2649,87.9250,226,1,0.20000
2650,90.4250,185,1,0.20000
2651,87.2000,256,1,0.20000
2652,89.3000,202,1,0.20000
2653,91.1000,182,1,0.20000
2654,86.7250,249,1,0.20000
2655,90.7750,177,1,0.20000
2656,82.3750,350,1,0.20000
2657,85.2500,293,1,0.20000
2658,92.0500,169,1,0.20000
2659,89.0000,218,1,0.20000
2660,91.6750,157,1,0.20000
2661,91.5000,158,1,0.20000
2662,89.4000,193,1,0.20000
2663,87.2750,209,1,0.20000
2664,88.5000,201,1,0.20000
2665,90.7250,176,1,0.20000
2666,77.8750,419,1,0.20000
2667,87.8000,210,1,0.20000
2668,84.4500,275,1,0.20000
2669,87.8000,217,1,0.20000
2670,89.8000,159,1,0.20000
2671,90.9250,156,1,0.20000
2672,88.2000,211,1,0.20000
2673,85.6500,239,1,0.20000
2674,85.6000,244,1,0.20000
2675,88.2500,196,1,0.20000
2676,87.8250,227,1,0.20000
2677,86.2000,240,1,0.20000
2678,-52.0000,999,0,0.20000
2679,54.1250,926,1,0.20000
2680,91.5000,159,1,0.20000
2681,82.5000,322,1,0.20000
2682,87.7750,230,1,0.20000
2683,73.5750,476,1,0.20000
2684,87.2000,222,1,0.20000
2685,91.6750,147,1,0.20000
2686,76.2000,467,1,0.20000
2687,86.8750,241,1,0.20000
2688,89.2000,194,1,0.20000
2689,91.0750,149,1,0.20000
2690,84.1000,293,1,0.20000
2691,91.3250,157,1,0.20000
2692,72.2500,486,1,0.20000
2693,77.6500,398,1,0.20000
2694,83.5750,329,1,0.20000
2695,84.5250,278,1,0.20000
2696,85.1500,282,1,0.20000
2697,83.4000,289,1,0.20000
2698,89.9500,186,1,0.20000
2699,86.8750,230,1,0.20000
2700,85.1250,299,1,0.20000
2701,85.7000,252,1,0.20000
2702,88.0250,210,1,0.20000
2703,82.4500,296,1,0.20000
2704,82.3000,329,1,0.20000
2705,90.5750,154,1,0.20000
2706,90.5250,161,1,0.20000
2707,72.7250,534,1,0.20000
2708,85.7500,267,1,0.20000
2709,88.3500,216,1,0.20000
2710,83.3750,275,1,0.20000
2711,83.4250,290,1,0.20000
2712,83.9500,278,1,0.20000
2713,83.6750,303,1,0.20000
2714,89.9750,189,1,0.20000
2715,85.1000,282,1,0.20000
2716,75.3250,477,1,0.20000
2717,91.4250,150,1,0.20000
2718,64.7250,676,1,0.20000
2719,90.8500,172,1,0.20000
2720,84.2000,267,1,0.20000
2721,89.1250,179,1,0.20000
2722,75.9250,462,1,0.20000
2723,74.2500,472,1,0.20000
2724,90.5750,154,1,0.20000
2725,80.2250,353,1,0.20000
2726,90.6750,165,1,0.20000
2727,85.4750,280,1,0.20000
2728,92.2250,144,1,0.20000
2729,92.1750,145,1,0.20000
2730,90.5000,156,1,0.20000
2731,90.7500,143,1,0.20000
2732,91.5750,142,1,0.20000
2733,89.8500,171,1,0.20000
2734,84.9750,244,1,0.20000
2735,86.6500,236,1,0.20000
2736,87.4750,223,1,0.20000
2737,84.4500,282,1,0.20000
2738,91.1750,146,1,0.20000
2739,80.7500,357,1,0.20000
2740,90.1750,179,1,0.20000
2741,90.8500,149,1,0.20000
2742,81.4500,357,1,0.20000
2743,83.0000,324,1,0.20000
2744,88.7250,206,1,0.20000
2745,83.4500,291,1,0.20000
2746,87.1750,246,1,0.20000
2747,90.7250,155,1,0.20000
2748,86.6750,256,1,0.20000
2749,90.7750,164,1,0.20000
2750,88.8000,227,1,0.20000
2751,88.2000,256,1,0.20000
2752,91.6750,154,1,0.20000
2753,82.1500,367,1,0.20000
2754,88.6250,226,1,0.20000
2755,88.0750,232,1,0.20000
2756,84.3250,310,1,0.20000
2757,91.7250,166,1,0.20000
2758,91.6500,150,1,0.20000
2759,90.7250,159,1,0.20000
2760,91.1000,185,1,0.20000
2761,82.4500,329,1,0.20000
2762,82.8250,319,1,0.20000
2763,85.7000,271,1,0.20000
2764,88.4250,220,1,0.20000
2765,69.8750,608,1,0.20000
2766,90.2500,171,1,0.20000
2767,90.8750,178,1,0.20000
2768,89.9000,173,1,0.20000
2769,85.2750,263,1,0.20000
2770,86.6500,235,1,0.20000
2771,85.3500,263,1,0.20000
2772,84.8000,280,1,0.20000
2773,83.6000,291,1,0.20000
2774,87.2000,231,1,0.20000
2775,91.7750,153,1,0.20000
2776,87.4750,226,1,0.20000
2777,88.1500,236,1,0.20000
2778,69.4000,604,1,0.20000
2779,87.1250,256,1,0.20000
2780,87.7500,258,1,0.20000
2781,86.8000,254,1,0.20000
2782,75.8750,499,1,0.20000
2783,77.3250,428,1,0.20000
2784,74.8500,455,1,0.20000
2785,88.3500,233,1,0.20000
2786,82.3250,318,1,0.20000
2787,67.5750,637,1,0.20000
2788,75.8750,469,1,0.20000
2789,58.7500,787,1,0.20000
2790,82.1250,330,1,0.20000
2791,85.5250,274,1,0.20000
2792,85.2750,269,1,0.20000
2793,91.8750,158,1,0.20000
2794,88.4500,216,1,0.20000
2795,87.2750,229,1,0.20000
2796,91.2000,164,1,0.20000
2797,83.9750,294,1,0.20000
2798,87.4250,238,1,0.20000
2799,87.0250,241,1,0.20000
2800,86.7000,264,1,0.20000
2801,86.9750,255,1,0.20000
2802,76.2500,419,1,0.20000
2803,77.5750,426,1,0.20000
2804,84.9250,266,1,0.20000
2805,83.3250,303,1,0.20000
2806,86.0500,284,1,0.20000
2807,82.8750,352,1,0.20000
2808,86.3000,281,1,0.20000
2809,84.8750,302,1,0.20000
2810,81.6750,332,1,0.20000
2811,86.7000,255,1,0.20000
2812,84.9000,283,1,0.20000
2813,87.2000,221,1,0.20000
2814,83.7250,298,1,0.20000
2815,86.1500,240,1,0.20000
2816,87.1500,238,1,0.20000
2817,82.2000,317,1,0.20000
2818,86.2000,235,1,0.20000
2819,75.9500,458,1,0.20000
2820,86.7000,263,1,0.20000
2821,80.9000,334,1,0.20000
2822,84.9750,279,1,0.20000
2823,87.6500,217,1,0.20000
2824,87.0500,229,1,0.20000
2825,87.3250,224,1,0.20000
2826,86.8500,229,1,0.20000
2827,86.6750,253,1,0.20000
2828,91.1000,151,1,0.20000
2829,88.2500,235,1,0.20000
2830,90.4750,167,1,0.20000
2831,77.1000,436,1,0.20000
2832,91.5000,161,1,0.20000
2833,91.7000,161,1,0.20000
2834,86.8250,247,1,0.20000
2835,76.9750,453,1,0.20000
2836,87.7250,231,1,0.20000
2837,89.4250,181,1,0.20000
2838,91.1500,155,1,0.20000
2839,87.5250,238,1,0.20000
2840,86.3000,275,1,0.20000
2841,87.0750,238,1,0.20000
2842,87.9500,226,1,0.20000
2843,85.9500,234,1,0.20000
2844,85.9250,230,1,0.20000
2845,88.4500,185,1,0.20000
2846,86.2000,228,1,0.20000
2847,86.3750,236,1,0.20000
2848,88.0000,219,1,0.20000
2849,84.2750,302,1,0.20000
2850,90.3500,159,1,0.20000
2851,88.3750,211,1,0.20000
2852,87.7750,217,1,0.20000
2853,87.4750,218,1,0.20000
2854,87.1250,222,1,0.20000
2855,82.8750,290,1,0.20000
2856,84.0500,294,1,0.20000
2857,86.1500,232,1,0.20000
2858,84.3250,281,1,0.20000
2859,75.5750,447,1,0.20000
2860,84.5000,281,1,0.20000
2861,86.7750,228,1,0.20000
2862,80.5000,374,1,0.20000
2863,88.5500,223,1,0.20000
2864,77.0750,451,1,0.20000
2865,81.7250,327,1,0.20000
2866,84.9000,257,1,0.20000
2867,84.6500,259,1,0.20000
2868,86.5250,254,1,0.20000
2869,79.6250,355,1,0.20000
2870,78.8750,395,1,0.20000
2871,91.7750,162,1,0.20000
2872,84.2000,309,1,0.20000
2873,83.2000,323,1,0.20000
2874,84.9750,281,1,0.20000
2875,87.3000,244,1,0.20000
2876,86.5750,236,1,0.20000
2877,82.5750,298,1,0.20000
2878,90.6000,165,1,0.20000
2879,88.8250,216,1,0.20000
2880,88.1250,217,1,0.20000
2881,89.3750,209,1,0.20000
2882,90.9000,165,1,0.20000
2883,85.2750,233,1,0.20000
2884,88.1000,236,1,0.20000
2885,82.9000,314,1,0.20000
2886,90.9500,171,1,0.20000
2887,87.9750,221,1,0.20000
2888,88.1000,235,1,0.20000
2889,82.8000,303,1,0.20000
2890,90.6500,182,1,0.20000
2891,90.2750,181,1,0.20000
2892,91.5000,168,1,0.20000
2893,88.3000,233,1,0.20000
2894,81.1250,403,1,0.20000
2895,71.1000,589,1,0.20000
2896,79.5750,398,1,0.20000
2897,85.8750,234,1,0.20000
2898,64.4000,738,1,0.20000
2899,86.6500,260,1,0.20000
2900,85.6750,250,1,0.20000
2901,78.7250,399,1,0.20000
2902,83.9250,273,1,0.20000
2903,89.0500,164,1,0.20000
2904,87.2500,205,1,0.20000
2905,89.4250,172,1,0.20000
2906,85.0000,264,1,0.20000
2907,90.9250,139,1,0.20000
2908,74.1250,510,1,0.20000
2909,86.8250,216,1,0.20000
2910,82.8250,313,1,0.20000
2911,87.5250,229,1,0.20000
2912,79.2750,398,1,0.20000
2913,88.5000,227,1,0.20000
2914,84.0250,296,1,0.20000
2915,85.1000,295,1,0.20000
2916,89.8000,199,1,0.20000
2917,88.6000,218,1,0.20000
2918,88.8000,209,1,0.20000
2919,91.8000,158,1,0.20000
2920,89.8750,188,1,0.20000
2921,80.3500,439,1,0.20000
2922,83.7000,305,1,0.20000
2923,85.9000,294,1,0.20000
2924,84.6500,332,1,0.20000
2925,81.7500,364,1,0.20000
2926,87.5250,241,1,0.20000
2927,90.6250,176,1,0.20000
2928,88.0750,236,1,0.20000
2929,86.1000,227,1,0.20000
2930,75.3500,487,1,0.20000
2931,90.6000,173,1,0.20000
2932,86.6250,228,1,0.20000
2933,89.8500,166,1,0.20000
2934,87.1500,220,1,0.20000
2935,90.8500,164,1,0.20000
2936,86.3250,221,1,0.20000
2937,89.7000,169,1,0.20000
2938,90.2250,166,1,0.20000
2939,83.0500,337,1,0.20000
2940,84.6500,300,1,0.20000
2941,84.4500,314,1,0.20000
2942,83.7000,321,1,0.20000
2943,79.5500,388,1,0.20000
2944,86.7000,246,1,0.20000
2945,84.2750,272,1,0.20000
2946,72.3250,497,1,0.20000
2947,75.6250,492,1,0.20000
2948,71.2250,541,1,0.20000
2949,86.4000,249,1,0.20000
2950,87.4750,210,1,0.20000
2951,83.8250,326,1,0.20000
2952,88.0750,229,1,0.20000
2953,60.5750,795,1,0.20000
2954,90.0000,195,1,0.20000
2955,56.6750,864,1,0.20000
2956,88.4750,200,1,0.20000
2957,82.5750,334,1,0.20000
2958,-47.0750,999,0,0.20000
2959,88.1000,228,1,0.20000
2960,87.9750,231,1,0.20000
2961,84.2500,280,1,0.20000
2962,85.3500,277,1,0.20000
2963,87.3000,214,1,0.20000
2964,78.1750,394,1,0.20000
2965,86.1000,274,1,0.20000
2966,86.0250,276,1,0.20000
2967,87.4750,234,1,0.20000
2968,88.1750,252,1,0.20000
2969,84.9000,312,1,0.20000
2970,85.6500,282,1,0.20000
2971,88.3500,203,1,0.20000
2972,84.9500,265,1,0.20000
2973,87.5250,244,1,0.20000
2974,90.8250,175,1,0.20000
2975,85.4250,295,1,0.20000
2976,88.2250,236,1,0.20000
2977,83.9250,300,1,0.20000
2978,77.6750,422,1,0.20000
2979,78.5750,375,1,0.20000
2980,80.5500,358,1,0.20000
2981,85.2500,277,1,0.20000
2982,79.8250,392,1,0.20000
2983,84.0000,308,1,0.20000
2984,86.0250,270,1,0.20000
2985,73.7500,512,1,0.20000
2986,77.2750,414,1,0.20000
2987,72.5750,540,1,0.20000
2988,68.4500,615,1,0.20000
2989,59.4250,807,1,0.20000
2990,88.9750,225,1,0.20000
2991,89.4500,231,1,0.20000
2992,86.2500,269,1,0.20000
2993,77.4750,444,1,0.20000
2994,88.8250,234,1,0.20000
2995,88.4250,234,1,0.20000
2996,88.6750,228,1,0.20000
2997,71.2250,592,1,0.20000
2998,84.2250,305,1,0.20000
2999,85.6750,262,1,0.20000
3000,86.5000,278,1,0.20000
3001,87.9250,214,1,0.20000
3002,91.8750,153,1,0.20000
3003,87.4750,260,1,0.20000
3004,85.8500,267,1,0.20000
3005,85.4750,277,1,0.20000
3006,87.4750,212,1,0.20000
3007,87.3250,232,1,0.20000
3008,86.0500,263,1,0.20000
3009,89.0500,201,1,0.20000
3010,87.3250,240,1,0.20000
3011,86.7250,241,1,0.20000
3012,89.1000,178,1,0.20000
3013,89.8750,183,1,0.20000
3014,85.4500,269,1,0.20000
3015,91.1750,155,1,0.20000
3016,90.6750,179,1,0.20000
3017,85.6500,271,1,0.20000
3018,89.2500,237,1,0.20000
3019,83.3000,328,1,0.20000
3020,89.3000,218,1,0.20000
3021,84.7250,320,1,0.20000
3022,88.8500,196,1,0.20000
3023,91.5000,158,1,0.20000
3024,87.0750,257,1,0.20000
3025,90.7000,181,1,0.20000
3026,88.5750,187,1,0.20000
3027,88.7500,221,1,0.20000
3028,80.6250,375,1,0.20000
3029,86.7250,233,1,0.20000
3030,82.5750,325,1,0.20000
3031,90.1000,178,1,0.20000
3032,89.1500,189,1,0.20000
3033,85.1250,251,1,0.20000
3034,86.2250,242,1,0.20000
3035,77.5000,413,1,0.20000
3036,88.0250,229,1,0.20000
3037,88.5500,226,1,0.20000
3038,88.7000,227,1,0.20000
3039,86.0250,241,1,0.20000
3040,84.8750,285,1,0.20000
3041,69.6000,572,1,0.20000
3042,86.7250,249,1,0.20000
3043,77.8750,441,1,0.20000
3044,72.9250,562,1,0.20000
3045,90.2750,186,1,0.20000
3046,88.6250,228,1,0.20000
3047,82.2750,358,1,0.20000
3048,80.8750,368,1,0.20000
3049,86.5500,260,1,0.20000
3050,82.2500,351,1,0.20000
3051,86.4000,268,1,0.20000
3052,87.7500,228,1,0.20000
3053,90.6500,162,1,0.20000
3054,86.9500,242,1,0.20000
3055,83.0750,317,1,0.20000
3056,80.9500,336,1,0.20000
3057,91.7750,153,1,0.20000
3058,91.3000,163,1,0.20000
3059,90.4000,166,1,0.20000
3060,81.8250,333,1,0.20000
3061,83.5000,308,1,0.20000
3062,88.1250,238,1,0.20000
3063,91.4500,151,1,0.20000
3064,87.2750,242,1,0.20000
3065,82.6250,318,1,0.20000
3066,88.2250,221,1,0.20000
3067,88.1000,241,1,0.20000
3068,90.5500,167,1,0.20000
3069,83.4500,294,1,0.20000
3070,89.7750,181,1,0.20000
3071,88.6000,227,1,0.20000
3072,89.3000,240,1,0.20000
3073,92.7000,158,1,0.20000
3074,91.7500,166,1,0.20000
3075,87.6000,251,1,0.20000
3076,79.7250,384,1,0.20000
3077,78.0500,400,1,0.20000
3078,88.8500,190,1,0.20000
3079,89.9000,187,1,0.20000
3080,85.6750,256,1,0.20000
3081,84.5250,301,1,0.20000
3082,87.3500,229,1,0.20000
3083,83.5000,294,1,0.20000
3084,88.0250,219,1,0.20000
3085,89.9500,160,1,0.20000
3086,87.2250,224,1,0.20000
3087,83.4750,277,1,0.20000
3088,80.7000,383,1,0.20000
3089,83.7750,290,1,0.20000
3090,88.7000,242,1,0.20000
3091,58.9750,795,1,0.20000
3092,78.6000,426,1,0.20000
3093,82.4000,301,1,0.20000
3094,83.8250,310,1,0.20000
3095,87.6000,244,1,0.20000
3096,86.8500,250,1,0.20000
3097,78.2250,389,1,0.20000
3098,91.6250,155,1,0.20000
3099,89.7500,194,1,0.20000
3100,91.9250,156,1,0.20000
3101,91.7750,165,1,0.20000
3102,85.3250,305,1,0.20000
3103,88.8500,228,1,0.20000
3104,90.3750,185,1,0.20000
3105,83.5000,296,1,0.20000
3106,89.2000,230,1,0.20000
3107,79.0500,426,1,0.20000
3108,84.8000,283,1,0.20000
3109,85.0500,293,1,0.20000
3110,84.0250,317,1,0.20000
3111,86.6000,277,1,0.20000
3112,83.4750,305,1,0.20000
3113,82.0250,344,1,0.20000
3114,70.1000,573,1,0.20000
3115,91.0500,157,1,0.20000
3116,83.4750,306,1,0.20000
3117,82.9250,329,1,0.20000
3118,88.2750,223,1,0.20000
3119,88.1000,232,1,0.20000
3120,87.1000,238,1,0.20000
3121,82.8250,335,1,0.20000
3122,71.6000,494,1,0.20000
3123,79.9000,397,1,0.20000
3124,89.4750,175,1,0.20000
3125,84.1750,288,1,0.20000
3126,84.8500,280,1,0.20000
3127,81.9250,323,1,0.20000
3128,82.2250,348,1,0.20000
3129,87.9000,240,1,0.20000
3130,86.0000,277,1,0.20000
3131,89.3250,191,1,0.20000
3132,80.1750,376,1,0.20000
3133,85.9500,257,1,0.20000
3134,88.0250,228,1,0.20000
3135,89.5000,175,1,0.20000
3136,90.8500,176,1,0.20000
3137,88.7500,215,1,0.20000
3138,90.9750,155,1,0.20000
3139,90.3000,170,1,0.20000
3140,89.8750,192,1,0.20000
3141,69.9500,596,1,0.20000
3142,86.3000,248,1,0.20000
3143,90.6750,164,1,0.20000
3144,82.3750,352,1,0.20000
3145,87.7500,210,1,0.20000
3146,87.2250,240,1,0.20000
3147,87.6250,219,1,0.20000
3148,87.2500,242,1,0.20000
3149,78.1000,374,1,0.20000
3150,83.6000,288,1,0.20000
3151,87.8750,197,1,0.20000
3152,73.3750,486,1,0.20000
3153,85.3000,243,1,0.20000
3154,85.0000,269,1,0.20000
3155,86.1000,240,1,0.20000
3156,87.7750,224,1,0.20000
3157,81.8000,375,1,0.20000
3158,87.4500,250,1,0.20000
3159,84.6000,305,1,0.20000
3160,84.4750,277,1,0.20000
3161,73.7500,501,1,0.20000
3162,77.5250,447,1,0.20000
3163,87.3250,270,1,0.20000
3164,75.3250,512,1,0.20000
3165,78.6750,410,1,0.20000
3166,87.4000,270,1,0.20000
3167,80.5250,398,1,0.20000
3168,81.3000,426,1,0.20000
3169,73.9500,532,1,0.20000
3170,74.9250,484,1,0.20000
3171,68.4750,596,1,0.20000
3172,90.9250,159,1,0.20000
3173,86.4250,256,1,0.20000
3174,92.2000,155,1,0.20000
3175,91.2500,167,1,0.20000
3176,82.4750,349,1,0.20000
3177,82.8750,302,1,0.20000
3178,90.3500,173,1,0.20000
3179,87.0500,249,1,0.20000
3180,90.9750,155,1,0.20000
3181,66.6500,591,1,0.20000
3182,83.0250,308,1,0.20000
3183,88.2750,230,1,0.20000
3184,85.7500,262,1,0.20000
3185,87.3250,241,1,0.20000
3186,91.8000,165,1,0.20000
3187,90.1250,145,1,0.20000
3188,77.2250,436,1,0.20000
3189,79.7250,370,1,0.20000
3190,89.2000,173,1,0.20000
3191,79.7250,365,1,0.20000
3192,89.2500,201,1,0.20000
3193,59.2000,762,1,0.20000
3194,90.8000,154,1,0.20000
3195,83.0250,302,1,0.20000
3196,83.3750,291,1,0.20000
3197,81.4500,356,1,0.20000
3198,87.4750,255,1,0.20000
3199,85.6500,237,1,0.20000
3200,80.7000,362,1,0.20000
3201,87.7500,228,1,0.20000
3202,89.2500,201,1,0.20000
3203,84.1250,283,1,0.20000
3204,90.8750,164,1,0.20000
3205,85.0000,302,1,0.20000
3206,84.4500,297,1,0.20000
3207,80.9250,340,1,0.20000
3208,87.2000,236,1,0.20000
3209,90.6000,164,1,0.20000
3210,88.5500,195,1,0.20000
3211,89.0250,195,1,0.20000
3212,88.3000,191,1,0.20000
3213,85.5000,224,1,0.20000
3214,86.6500,234,1,0.20000
3215,80.5250,369,1,0.20000
3216,80.5750,346,1,0.20000
3217,78.7000,385,1,0.20000
3218,91.2000,153,1,0.20000
3219,83.0500,327,1,0.20000
3220,75.4750,451,1,0.20000
3221,85.9250,254,1,0.20000
3222,90.7750,162,1,0.20000
3223,89.1750,187,1,0.20000
3224,82.4000,307,1,0.20000
3225,87.0000,270,1,0.20000
3226,82.7750,307,1,0.20000
3227,89.3500,224,1,0.20000
3228,87.0250,229,1,0.20000
3229,92.0250,154,1,0.20000
3230,87.9000,223,1,0.20000
3231,85.9500,286,1,0.20000
3232,67.3250,630,1,0.20000
3233,88.3000,247,1,0.20000
3234,79.4250,429,1,0.20000
3235,83.7500,293,1,0.20000
3236,87.4000,235,1,0.20000
3237,87.5500,224,1,0.20000
3238,86.7750,239,1,0.20000
3239,80.1750,371,1,0.20000
3240,86.7500,264,1,0.20000
3241,83.0750,299,1,0.20000
3242,90.3250,166,1,0.20000
3243,80.4750,384,1,0.20000
3244,83.3000,288,1,0.20000
3245,82.8750,339,1,0.20000
3246,87.0750,245,1,0.20000
3247,86.6000,274,1,0.20000
3248,65.7750,701,1,0.20000
3249,91.7750,160,1,0.20000
3250,87.7000,246,1,0.20000
3251,87.9500,241,1,0.20000
3252,84.1250,316,1,0.20000
3253,81.6750,371,1,0.20000
3254,62.8500,775,1,0.20000
3255,80.3500,371,1,0.20000
3256,90.0250,174,1,0.20000
3257,90.9000,170,1,0.20000
3258,90.4250,166,1,0.20000
3259,82.6250,318,1,0.20000
3260,84.6500,308,1,0.20000
3261,88.9750,219,1,0.20000
3262,73.0000,560,1,0.20000
3263,74.2500,494,1,0.20000
3264,90.4000,189,1,0.20000
3265,89.0750,202,1,0.20000
3266,74.8500,479,1,0.20000
3267,81.4500,348,1,0.20000
3268,78.9500,428,1,0.20000
3269,70.6750,582,1,0.20000
3270,90.8250,174,1,0.20000
3271,87.4750,250,1,0.20000
3272,88.8500,197,1,0.20000
3273,80.0750,380,1,0.20000
3274,85.3250,272,1,0.20000
3275,82.8750,315,1,0.20000
3276,86.0000,258,1,0.20000
3277,90.4750,173,1,0.20000
3278,83.2750,275,1,0.20000
3279,90.8000,171,1,0.20000
3280,90.1250,167,1,0.20000
3281,90.7500,155,1,0.20000
3282,89.6250,152,1,0.20000
3283,86.1000,241,1,0.20000
3284,90.7000,157,1,0.20000
3285,87.8750,237,1,0.20000
3286,88.0250,186,1,0.20000
3287,88.2000,235,1,0.20000
3288,87.2750,251,1,0.20000
3289,62.3750,681,1,0.20000
3290,87.4500,234,1,0.20000
3291,86.9250,248,1,0.20000
3292,71.0000,543,1,0.20000
3293,86.0500,253,1,0.20000
3294,80.3250,337,1,0.20000
3295,83.2250,320,1,0.20000
3296,86.6500,236,1,0.20000
3297,79.8250,394,1,0.20000
3298,86.7750,232,1,0.20000
3299,88.5000,222,1,0.20000
3300,84.9250,304,1,0.20000
3301,88.7000,222,1,0.20000
3302,89.4750,203,1,0.20000
3303,84.4500,294,1,0.20000
3304,86.4500,235,1,0.20000
3305,81.1250,363,1,0.20000
3306,89.5250,226,1,0.20000
3307,84.1750,307,1,0.20000
3308,91.2750,158,1,0.20000
3309,83.2000,285,1,0.20000
3310,87.5000,234,1,0.20000
3311,89.8250,212,1,0.20000
3312,87.4000,249,1,0.20000
3313,89.3000,221,1,0.20000
3314,84.1500,278,1,0.20000
3315,88.3250,225,1,0.20000
3316,87.4250,266,1,0.20000
3317,91.8750,154,1,0.20000
3318,88.2750,229,1,0.20000
3319,84.0000,286,1,0.20000
3320,81.8250,332,1,0.20000
3321,75.8500,457,1,0.20000
3322,86.1000,251,1,0.20000
3323,91.0750,161,1,0.20000
3324,88.1250,224,1,0.20000
3325,91.0500,167,1,0.20000
3326,90.0250,170,1,0.20000
3327,91.0750,162,1,0.20000
3328,91.3000,155,1,0.20000
3329,87.5250,227,1,0.20000
3330,91.9500,158,1,0.20000
3331,89.5500,173,1,0.20000
3332,82.0500,347,1,0.20000
3333,84.9250,287,1,0.20000
3334,86.6500,240,1,0.20000
3335,87.8750,231,1,0.20000
3336,86.0000,231,1,0.20000
3337,86.4250,281,1,0.20000
3338,88.1750,225,1,0.20000
3339,89.7000,188,1,0.20000
3340,88.2500,225,1,0.20000
3341,85.6250,244,1,0.20000
3342,87.1500,210,1,0.20000
3343,87.4000,213,1,0.20000
3344,83.7750,279,1,0.20000
3345,86.9750,260,1,0.20000
3346,87.9750,219,1,0.20000
3347,86.7000,258,1,0.20000
3348,90.3500,176,1,0.20000
3349,90.2000,199,1,0.20000
3350,91.5500,163,1,0.20000
3351,86.4750,293,1,0.20000
3352,85.1750,287,1,0.20000
3353,88.1750,233,1,0.20000
3354,84.9000,285,1,0.20000
3355,77.5750,482,1,0.20000
3356,89.4500,214,1,0.20000
3357,84.5500,294,1,0.20000
3358,89.0250,178,1,0.20000
3359,87.1750,196,1,0.20000
3360,88.7750,221,1,0.20000
3361,87.0250,239,1,0.20000
3362,89.0500,179,1,0.20000
3363,77.4250,417,1,0.20000
3364,85.8250,291,1,0.20000
3365,82.9000,294,1,0.20000
3366,83.3500,296,1,0.20000
3367,94.1250,97,1,0.20000
3368,88.1750,232,1,0.20000
3369,91.8250,161,1,0.20000
3370,70.4250,604,1,0.20000
3371,88.3750,228,1,0.20000
3372,92.6750,132,1,0.20000
3373,91.9000,167,1,0.20000
3374,91.0250,151,1,0.20000
3375,93.8500,92,1,0.20000
3376,85.4750,205,1,0.20000
3377,92.9750,104,1,0.20000
3378,88.2750,201,1,0.20000
3379,86.8250,251,1,0.20000
3380,82.2750,305,1,0.20000
3381,89.5000,196,1,0.20000
3382,64.7500,616,1,0.20000
3383,73.8500,469,1,0.20000
3384,87.0250,229,1,0.20000
3385,76.7750,413,1,0.20000
3386,82.5000,354,1,0.20000
3387,83.5750,295,1,0.20000
3388,90.7000,158,1,0.20000
3389,87.1000,247,1,0.20000
3390,89.0500,184,1,0.20000
3391,85.6000,249,1,0.20000
3392,88.5500,214,1,0.20000
3393,82.9000,293,1,0.20000
3394,86.7000,254,1,0.20000
3395,85.8500,243,1,0.20000
3396,90.8500,190,1,0.20000
3397,85.9500,248,1,0.20000
3398,91.6500,151,1,0.20000
3399,90.5750,161,1,0.20000
3400,90.9500,166,1,0.20000
3401,88.4250,195,1,0.20000
3402,91.2250,154,1,0.20000
3403,90.0750,169,1,0.20000
3404,88.9000,189,1,0.20000
3405,88.2500,191,1,0.20000
3406,92.2750,168,1,0.20000
3407,89.5500,177,1,0.20000
3408,91.2500,167,1,0.20000
3409,90.7250,171,1,0.20000
3410,91.3750,164,1,0.20000
3411,79.5500,346,1,0.20000
3412,75.3500,449,1,0.20000
3413,90.7250,170,1,0.20000
3414,90.4000,180,1,0.20000
3415,90.9750,164,1,0.20000
3416,89.1000,178,1,0.20000
3417,64.5500,655,1,0.20000
3418,49.3000,965,1,0.20000
3419,86.4500,230,1,0.20000
3420,86.3250,238,1,0.20000
3421,86.0250,249,1,0.20000
3422,80.1250,347,1,0.20000
3423,81.7750,301,1,0.20000
3424,82.5250,303,1,0.20000
3425,71.7250,467,1,0.20000
3426,82.5750,375,1,0.20000
3427,84.8250,306,1,0.20000
3428,76.8250,414,1,0.20000
3429,63.3000,681,1,0.20000
3430,84.2500,299,1,0.20000
3431,90.8500,161,1,0.20000
3432,90.1250,174,1,0.20000
3433,92.4000,123,1,0.20000
3434,84.9500,277,1,0.20000
3435,85.2500,286,1,0.20000
3436,84.6000,313,1,0.20000
3437,87.8000,249,1,0.20000
3438,72.3500,549,1,0.20000
3439,87.4750,237,1,0.20000
3440,86.5250,286,1,0.20000
3441,75.4250,405,1,0.20000
3442,80.9250,312,1,0.20000
3443,90.5750,164,1,0.20000
3444,85.3000,265,1,0.20000
3445,87.7500,229,1,0.20000
3446,78.6750,359,1,0.20000
3447,86.3250,262,1,0.20000
3448,75.1500,498,1,0.20000
3449,78.1500,404,1,0.20000
3450,91.0250,157,1,0.20000
3451,82.7500,309,1,0.20000
3452,86.1750,268,1,0.20000
3453,86.1500,253,1,0.20000
3454,87.5500,240,1,0.20000
3455,86.5750,249,1,0.20000
3456,73.8500,547,1,0.20000
3457,73.2250,488,1,0.20000
3458,87.5500,245,1,0.20000
3459,85.7500,283,1,0.20000
3460,87.2500,233,1,0.20000
3461,81.2500,356,1,0.20000
3462,88.0250,231,1,0.20000
3463,90.2750,177,1,0.20000
3464,77.5750,438,1,0.20000
3465,83.2250,338,1,0.20000
3466,85.2750,283,1,0.20000
3467,82.3750,296,1,0.20000
3468,87.3500,238,1,0.20000
3469,82.7750,369,1,0.20000
3470,86.5750,234,1,0.20000
3471,85.6500,263,1,0.20000
3472,90.5500,161,1,0.20000
3473,86.7500,240,1,0.20000
3474,87.6250,199,1,0.20000
3475,82.8250,299,1,0.20000
3476,90.3250,154,1,0.20000
3477,91.0750,168,1,0.20000
3478,86.8000,223,1,0.20000
3479,84.6750,284,1,0.20000
3480,83.3500,299,1,0.20000
3481,86.8500,246,1,0.20000
3482,90.5750,162,1,0.20000
3483,88.2750,225,1,0.20000
3484,88.6500,236,1,0.20000
3485,85.9000,290,1,0.20000
3486,90.9500,171,1,0.20000
3487,87.7000,236,1,0.20000
3488,89.2250,237,1,0.20000
3489,84.3500,315,1,0.20000
3490,76.7250,474,1,0.20000
3491,86.4250,249,1,0.20000
3492,64.8500,654,1,0.20000
3493,86.3000,289,1,0.20000
3494,79.0750,422,1,0.20000
3495,86.3500,254,1,0.20000
3496,91.5250,172,1,0.20000
3497,85.8750,261,1,0.20000
3498,85.8000,269,1,0.20000
3499,80.3500,372,1,0.20000
3500,78.4750,420,1,0.20000
3501,67.5500,690,1,0.20000
3502,85.2750,313,1,0.20000
3503,75.6250,496,1,0.20000
3504,80.3000,370,1,0.20000
3505,87.8750,218,1,0.20000
3506,91.6250,160,1,0.20000
3507,88.6750,217,1,0.20000
3508,87.0000,250,1,0.20000
3509,85.0750,288,1,0.20000
3510,71.8500,536,1,0.20000
3511,83.6750,323,1,0.20000
3512,63.8000,646,1,0.20000
3513,87.2750,234,1,0.20000
3514,87.4750,239,1,0.20000
3515,91.3500,169,1,0.20000
3516,56.7500,801,1,0.20000
3517,85.6750,265,1,0.20000
3518,91.4750,164,1,0.20000
3519,86.6750,279,1,0.20000
3520,76.4750,424,1,0.20000
3521,85.7500,277,1,0.20000
3522,68.9750,586,1,0.20000
3523,65.6250,691,1,0.20000
3524,86.9500,234,1,0.20000
3525,63.7500,686,1,0.20000
3526,69.7750,592,1,0.20000
3527,87.4750,232,1,0.20000
3528,84.4000,282,1,0.20000
3529,86.9000,259,1,0.20000
3530,85.5250,290,1,0.20000
3531,83.9250,303,1,0.20000
3532,88.4250,209,1,0.20000
3533,89.8500,173,1,0.20000
3534,81.0500,355,1,0.20000
3535,88.4250,198,1,0.20000
3536,83.7000,347,1,0.20000
3537,82.7000,314,1,0.20000
3538,84.9750,299,1,0.20000
3539,86.4000,243,1,0.20000
3540,85.8750,253,1,0.20000
3541,88.0750,232,1,0.20000
3542,78.5250,396,1,0.20000
3543,88.9000,219,1,0.20000
3544,88.4250,226,1,0.20000
3545,87.1250,228,1,0.20000
3546,86.0000,269,1,0.20000
3547,84.7250,281,1,0.20000
3548,80.9250,363,1,0.20000
3549,90.8250,162,1,0.20000
3550,88.5500,185,1,0.20000
3551,90.5000,162,1,0.20000
3552,88.8250,183,1,0.20000
3553,89.5750,193,1,0.20000
3554,88.8500,214,1,0.20000
3555,84.4250,300,1,0.20000
3556,85.7000,252,1,0.20000
3557,85.9500,260,1,0.20000
3558,88.3500,217,1,0.20000
3559,83.7750,329,1,0.20000
3560,87.7500,219,1,0.20000
3561,76.9250,424,1,0.20000
3562,89.1750,173,1,0.20000
3563,89.1000,179,1,0.20000
3564,83.3250,295,1,0.20000
3565,85.5750,270,1,0.20000
3566,83.1000,331,1,0.20000
3567,72.7000,503,1,0.20000
3568,86.6000,248,1,0.20000
3569,90.4500,158,1,0.20000
3570,88.2000,242,1,0.20000
3571,64.3500,731,1,0.20000
3572,81.6000,364,1,0.20000
3573,82.0500,342,1,0.20000
3574,86.6250,251,1,0.20000
3575,87.5000,245,1,0.20000
3576,86.6000,244,1,0.20000
3577,82.2000,336,1,0.20000
3578,85.5750,255,1,0.20000
3579,79.6750,368,1,0.20000
3580,85.6750,250,1,0.20000
3581,73.5750,431,1,0.20000
3582,67.1500,614,1,0.20000
3583,91.6250,168,1,0.20000
3584,86.7750,236,1,0.20000
3585,75.1750,453,1,0.20000
3586,83.7250,319,1,0.20000
3587,81.0750,374,1,0.20000
3588,85.8750,246,1,0.20000
3589,66.2750,585,1,0.20000
3590,82.7750,315,1,0.20000
3591,76.8500,450,1,0.20000
3592,83.5500,318,1,0.20000
3593,87.5750,236,1,0.20000
3594,89.2750,184,1,0.20000
3595,64.8750,591,1,0.20000
3596,88.6500,215,1,0.20000
3597,81.6750,343,1,0.20000
3598,88.8250,215,1,0.20000
3599,87.8250,230,1,0.20000
3600,88.9500,222,1,0.20000
3601,89.1250,210,1,0.20000
3602,91.7750,152,1,0.20000
3603,87.1500,228,1,0.20000
3604,89.4750,179,1,0.20000
3605,87.4500,234,1,0.20000
3606,90.0250,174,1,0.20000
3607,84.4250,300,1,0.20000
3608,91.3000,163,1,0.20000
3609,91.4000,169,1,0.20000
3610,80.8500,326,1,0.20000
3611,87.4000,230,1,0.20000
3612,86.6500,280,1,0.20000
3613,85.0750,298,1,0.20000
3614,89.6000,183,1,0.20000
3615,90.2000,173,1,0.20000
3616,90.2250,177,1,0.20000
3617,91.4750,164,1,0.20000
3618,87.4000,247,1,0.20000
3619,87.1250,236,1,0.20000
3620,91.8000,149,1,0.20000
3621,84.0500,316,1,0.20000
3622,85.4750,276,1,0.20000
3623,82.1000,360,1,0.20000
3624,87.3000,239,1,0.20000
3625,87.2500,248,1,0.20000
3626,80.0250,355,1,0.20000
3627,79.3250,392,1,0.20000
3628,81.7500,323,1,0.20000
3629,69.3500,569,1,0.20000
3630,87.4250,230,1,0.20000
3631,87.4250,235,1,0.20000
3632,87.3000,233,1,0.20000
3633,91.0250,168,1,0.20000
3634,77.7500,412,1,0.20000
3635,81.3000,342,1,0.20000
3636,88.3500,218,1,0.20000
3637,88.8750,217,1,0.20000
3638,91.5000,154,1,0.20000
3639,86.1000,243,1,0.20000
3640,80.4000,371,1,0.20000
3641,79.8750,391,1,0.20000
3642,85.6000,274,1,0.20000
3643,85.1750,264,1,0.20000
3644,86.5500,240,1,0.20000
3645,86.2250,224,1,0.20000
3646,82.8250,293,1,0.20000
3647,90.2750,151,1,0.20000
3648,88.7500,194,1,0.20000
3649,88.6000,213,1,0.20000
3650,89.0250,195,1,0.20000
3651,88.0500,187,1,0.20000
3652,91.5000,159,1,0.20000
3653,87.0250,250,1,0.20000
3654,89.1500,189,1,0.20000
3655,87.3000,245,1,0.20000
3656,90.7250,158,1,0.20000
3657,89.0000,172,1,0.20000
3658,80.1250,366,1,0.20000
3659,70.7250,535,1,0.20000
3660,86.8500,248,1,0.20000
3661,65.5250,679,1,0.20000
3662,51.7750,946,1,0.20000
3663,70.7750,622,1,0.20000
3664,81.0250,383,1,0.20000
3665,89.0000,241,1,0.20000
3666,80.9500,388,1,0.20000
3667,89.3500,226,1,0.20000
3668,92.6750,164,1,0.20000
3669,87.4000,240,1,0.20000
3670,90.5250,172,1,0.20000
3671,88.8500,229,1,0.20000
3672,91.3750,166,1,0.20000
3673,76.3750,520,1,0.20000
3674,67.1500,634,1,0.20000
3675,84.4500,283,1,0.20000
3676,87.8500,226,1,0.20000
3677,87.9250,250,1,0.20000
3678,86.6500,250,1,0.20000
3679,84.2000,305,1,0.20000
3680,83.6750,294,1,0.20000
3681,79.4000,405,1,0.20000
3682,67.3000,647,1,0.20000
3683,-46.2250,999,0,0.20000
3684,71.7750,542,1,0.20000
3685,53.7250,977,1,0.20000
3686,-49.9000,999,0,0.20000
3687,50.2750,918,1,0.20000
3688,81.1750,344,1,0.20000
3689,83.6500,324,1,0.20000
3690,88.4000,218,1,0.20000
3691,86.2000,251,1,0.20000
3692,90.1500,163,1,0.20000
3693,87.1250,214,1,0.20000
3694,82.1000,328,1,0.20000
3695,83.4500,304,1,0.20000
3696,73.9250,508,1,0.20000
3697,76.2500,418,1,0.20000
3698,85.0500,262,1,0.20000
3699,85.5750,249,1,0.20000
3700,86.0500,260,1,0.20000
3701,83.9500,316,1,0.20000
3702,90.1500,166,1,0.20000
3703,86.2000,235,1,0.20000
3704,76.6750,426,1,0.20000
3705,90.5000,166,1,0.20000
3706,80.4500,343,1,0.20000
3707,81.4500,335,1,0.20000
3708,80.8250,350,1,0.20000
3709,81.0000,354,1,0.20000
3710,82.1250,332,1,0.20000
3711,88.2250,240,1,0.20000
3712,88.0000,233,1,0.20000
3713,82.8500,328,1,0.20000
3714,83.3750,315,1,0.20000
3715,79.0750,410,1,0.20000
3716,85.9000,272,1,0.20000
3717,81.6250,335,1,0.20000
3718,86.6500,229,1,0.20000
3719,74.5000,512,1,0.20000
3720,81.3000,328,1,0.20000
3721,88.6250,227,1,0.20000
3722,70.3750,606,1,0.20000
3723,83.3500,317,1,0.20000
3724,67.5000,634,1,0.20000
3725,86.2000,265,1,0.20000
3726,80.2250,383,1,0.20000
3727,81.4000,339,1,0.20000
3728,83.2000,303,1,0.20000
3729,88.7750,233,1,0.20000
3730,88.7000,237,1,0.20000
3731,85.3000,303,1,0.20000
3732,86.3750,253,1,0.20000
3733,86.3750,253,1,0.20000
3734,87.0500,257,1,0.20000
3735,86.1000,263,1,0.20000
3736,87.3500,247,1,0.20000
3737,87.8000,257,1,0.20000
3738,86.9250,247,1,0.20000
3739,88.2250,234,1,0.20000
3740,79.1000,398,1,0.20000
3741,78.6000,411,1,0.20000
3742,78.4750,401,1,0.20000
3743,84.5000,302,1,0.20000
3744,82.9500,309,1,0.20000
3745,83.7000,301,1,0.20000
3746,83.9750,305,1,0.20000
3747,81.1250,348,1,0.20000
3748,83.0500,288,1,0.20000
3749,87.7250,240,1,0.20000
3750,91.1500,166,1,0.20000
3751,84.9000,298,1,0.20000
3752,88.4500,209,1,0.20000
3753,87.6000,234,1,0.20000
3754,87.3000,226,1,0.20000
3755,73.8250,471,1,0.20000
3756,84.1250,317,1,0.20000
3757,88.0500,199,1,0.20000
3758,89.5250,184,1,0.20000
3759,84.1500,285,1,0.20000
3760,80.8000,376,1,0.20000
3761,75.8750,454,1,0.20000
3762,91.7500,155,1,0.20000
3763,86.2250,264,1,0.20000
3764,85.8750,289,1,0.20000
3765,78.9500,404,1,0.20000
3766,78.1500,422,1,0.20000
3767,83.0750,313,1,0.20000
3768,88.4500,217,1,0.20000
3769,91.4750,159,1,0.20000
3770,85.4250,271,1,0.20000
3771,90.5250,161,1,0.20000
3772,86.3250,239,1,0.20000
3773,87.9000,200,1,0.20000
3774,91.1250,166,1,0.20000
3775,82.6750,331,1,0.20000
3776,86.8500,245,1,0.20000
3777,81.5750,325,1,0.20000
3778,86.6000,213,1,0.20000
3779,86.9250,243,1,0.20000
3780,89.3750,172,1,0.20000
3781,88.5000,177,1,0.20000
3782,93.4250,87,1,0.20000
3783,85.4500,242,1,0.20000
3784,89.3250,169,1,0.20000
3785,83.3000,325,1,0.20000
3786,86.7250,250,1,0.20000
3787,82.8500,350,1,0.20000
3788,85.4250,324,1,0.20000
3789,85.0750,282,1,0.20000
3790,90.9750,161,1,0.20000
3791,88.3000,219,1,0.20000
3792,87.8000,249,1,0.20000
3793,79.1250,448,1,0.20000
3794,82.5500,320,1,0.20000
3795,79.6750,370,1,0.20000
3796,77.0000,413,1,0.20000
3797,87.8250,213,1,0.20000
3798,92.0500,157,1,0.20000
3799,86.0000,238,1,0.20000
3800,87.6000,227,1,0.20000
3801,82.3000,333,1,0.20000
3802,86.7000,275,1,0.20000
3803,70.1000,563,1,0.20000
3804,88.7500,206,1,0.20000
3805,81.8500,313,1,0.20000
3806,88.3500,227,1,0.20000
3807,82.1750,314,1,0.20000
3808,88.7250,197,1,0.20000
3809,85.2000,273,1,0.20000
3810,85.8750,246,1,0.20000
3811,84.9750,315,1,0.20000
3812,87.8000,231,1,0.20000
3813,91.1000,159,1,0.20000
3814,89.9750,161,1,0.20000
3815,87.9000,228,1,0.20000
3816,87.1250,248,1,0.20000
3817,87.6750,248,1,0.20000
3818,82.5750,317,1,0.20000
3819,91.4500,165,1,0.20000
3820,90.3750,168,1,0.20000
3821,89.7500,172,1,0.20000
3822,86.4000,253,1,0.20000
3823,84.9500,258,1,0.20000
3824,84.9500,280,1,0.20000
3825,77.1000,435,1,0.20000
3826,79.3250,416,1,0.20000
3827,84.1500,308,1,0.20000
3828,80.0000,409,1,0.20000
3829,-50.0500,999,0,0.20000
3830,60.7250,765,1,0.20000
3831,84.5250,300,1,0.20000
3832,87.0750,247,1,0.20000
3833,90.1000,170,1,0.20000
3834,89.4250,199,1,0.20000
3835,89.9250,183,1,0.20000
3836,89.8750,169,1,0.20000
3837,83.9000,294,1,0.20000
3838,91.3500,158,1,0.20000
3839,86.9750,237,1,0.20000
3840,90.2000,168,1,0.20000
3841,81.6000,334,1,0.20000
3842,84.2250,296,1,0.20000
3843,86.4250,247,1,0.20000
3844,89.4250,179,1,0.20000
3845,88.8500,189,1,0.20000
3846,88.9000,183,1,0.20000
3847,86.1750,240,1,0.20000
3848,88.2250,177,1,0.20000
3849,88.8250,184,1,0.20000
3850,91.4750,155,1,0.20000
3851,89.2000,180,1,0.20000
3852,90.2000,163,1,0.20000
3853,90.2000,183,1,0.20000
3854,80.5750,372,1,0.20000
3855,76.0250,434,1,0.20000
3856,73.2000,489,1,0.20000
3857,88.5500,221,1,0.20000
3858,86.1500,240,1,0.20000
3859,82.2750,338,1,0.20000
3860,87.0250,237,1,0.20000
3861,88.2500,211,1,0.20000
3862,90.5000,144,1,0.20000
3863,84.4000,298,1,0.20000
3864,89.7250,179,1,0.20000
3865,90.5500,162,1,0.20000
3866,58.6000,733,1,0.20000
3867,71.0500,531,1,0.20000
3868,84.5750,302,1,0.20000
3869,86.2000,231,1,0.20000
3870,90.5000,166,1,0.20000
3871,87.3500,218,1,0.20000
3872,90.7750,155,1,0.20000
3873,83.5000,294,1,0.20000
3874,89.9750,164,1,0.20000
3875,90.8000,160,1,0.20000
3876,86.0500,248,1,0.20000
3877,89.4000,164,1,0.20000
3878,90.7500,154,1,0.20000
3879,90.5000,165,1,0.20000
3880,86.6750,198,1,0.20000
3881,90.8500,153,1,0.20000
3882,86.9000,221,1,0.20000
3883,91.0500,157,1,0.20000
3884,84.9500,257,1,0.20000
3885,88.4750,176,1,0.20000
3886,91.1750,142,1,0.20000
3887,64.3000,615,1,0.20000
3888,87.3500,211,1,0.20000
3889,62.0750,713,1,0.20000
3890,87.1750,247,1,0.20000
3891,74.8250,441,1,0.20000
3892,62.1750,714,1,0.20000
3893,89.2000,209,1,0.20000
3894,90.0000,184,1,0.20000
3895,68.6500,523,1,0.20000
3896,81.8750,304,1,0.20000
3897,85.2500,235,1,0.20000
3898,88.7500,192,1,0.20000
3899,89.8500,196,1,0.20000
3900,81.0500,338,1,0.20000
3901,75.5250,501,1,0.20000
3902,88.1750,230,1,0.20000
3903,84.6750,280,1,0.20000
3904,89.9500,178,1,0.20000
3905,88.0250,234,1,0.20000
3906,91.0500,164,1,0.20000
3907,87.6000,244,1,0.20000
3908,87.0500,247,1,0.20000
3909,86.1750,256,1,0.20000
3910,83.7000,305,1,0.20000
3911,89.7250,180,1,0.20000
3912,90.8500,163,1,0.20000
3913,86.2000,244,1,0.20000
3914,83.9500,294,1,0.20000
3915,86.6250,233,1,0.20000
3916,86.5500,242,1,0.20000
3917,86.9250,249,1,0.20000
3918,87.3500,256,1,0.20000
3919,86.9500,238,1,0.20000
3920,86.3500,242,1,0.20000
3921,81.4500,332,1,0.20000
3922,88.5250,223,1,0.20000
3923,88.4500,226,1,0.20000
3924,83.7750,297,1,0.20000
3925,82.2250,314,1,0.20000
3926,83.7500,323,1,0.20000
3927,87.9250,226,1,0.20000
3928,87.5500,217,1,0.20000
3929,89.6000,194,1,0.20000
3930,85.9500,252,1,0.20000
3931,88.3250,217,1,0.20000
3932,86.3750,269,1,0.20000
3933,88.0500,224,1,0.20000
3934,78.9750,377,1,0.20000
3935,86.6500,245,1,0.20000
3936,88.6250,197,1,0.20000
3937,84.9000,285,1,0.20000
3938,86.1500,255,1,0.20000
3939,86.3750,242,1,0.20000
3940,86.0750,256,1,0.20000
3941,85.0000,260,1,0.20000
3942,89.1750,193,1,0.20000
3943,83.7500,264,1,0.20000
3944,84.8500,259,1,0.20000
3945,91.0000,164,1,0.20000
3946,85.8500,269,1,0.20000
3947,78.1250,348,1,0.20000
3948,90.6000,160,1,0.20000
3949,87.8500,207,1,0.20000
3950,86.4000,246,1,0.20000
3951,85.4500,278,1,0.20000
3952,67.8000,598,1,0.20000
3953,91.6750,157,1,0.20000
3954,87.8500,215,1,0.20000
3955,74.3500,544,1,0.20000
3956,82.8250,348,1,0.20000
3957,87.0500,264,1,0.20000
3958,85.2250,322,1,0.20000
3959,73.3500,565,1,0.20000
3960,88.4000,224,1,0.20000
3961,75.2500,515,1,0.20000
3962,73.6000,587,1,0.20000
3963,86.2750,262,1,0.20000
3964,88.4000,199,1,0.20000
3965,66.2000,679,1,0.20000
3966,83.3750,322,1,0.20000
3967,88.7500,204,1,0.20000
3968,90.1750,183,1,0.20000
3969,89.3250,181,1,0.20000
3970,88.0750,215,1,0.20000
3971,88.6250,176,1,0.20000
3972,86.6250,218,1,0.20000
3973,89.7750,175,1,0.20000
3974,89.5750,186,1,0.20000
3975,85.8000,264,1,0.20000
3976,83.2250,341,1,0.20000
3977,74.9250,517,1,0.20000
3978,88.2000,238,1,0.20000
3979,75.4250,489,1,0.20000
3980,86.7750,258,1,0.20000
3981,85.1750,274,1,0.20000
3982,91.6750,169,1,0.20000
3983,80.7750,349,1,0.20000
3984,86.5750,245,1,0.20000
3985,80.6750,405,1,0.20000
3986,86.5000,260,1,0.20000
3987,86.4250,264,1,0.20000
3988,90.1000,185,1,0.20000
3989,86.6000,253,1,0.20000
3990,82.4000,349,1,0.20000
3991,87.0250,252,1,0.20000
3992,90.6500,183,1,0.20000
3993,87.5750,236,1,0.20000
3994,85.1000,272,1,0.20000
3995,85.7500,296,1,0.20000
3996,80.9750,357,1,0.20000
3997,71.9000,566,1,0.20000
3998,82.8000,367,1,0.20000
3999,78.0750,377,1,0.20000
4000,76.1250,452,1,0.20000
4001,87.7250,226,1,0.20000
4002,85.8250,233,1,0.20000
4003,80.8250,356,1,0.20000
4004,83.2500,326,1,0.20000
4005,85.4750,302,1,0.20000
4006,78.4250,429,1,0.20000
4007,74.5500,487,1,0.20000
4008,82.5750,305,1,0.20000
4009,67.0250,572,1,0.20000
4010,66.8250,604,1,0.20000
4011,81.4250,405,1,0.20000
4012,87.8500,248,1,0.20000
4013,85.9500,306,1,0.20000
4014,86.0500,237,1,0.20000
4015,82.6500,350,1,0.20000
4016,84.6000,301,1,0.20000
4017,87.4000,246,1,0.20000
4018,90.4000,197,1,0.20000
4019,88.5750,212,1,0.20000
4020,86.4250,268,1,0.20000
4021,87.2250,237,1,0.20000
4022,81.7250,380,1,0.20000
4023,90.7000,189,1,0.20000
4024,80.9750,371,1,0.20000
4025,82.8250,318,1,0.20000
4026,84.0000,273,1,0.20000
4027,85.9750,254,1,0.20000
4028,87.2750,211,1,0.20000
4029,90.4750,184,1,0.20000
4030,87.5500,233,1,0.20000
4031,91.1500,156,1,0.20000
4032,91.2750,164,1,0.20000
4033,90.8500,158,1,0.20000
4034,90.4750,172,1,0.20000
4035,88.5750,229,1,0.20000
4036,86.2250,235,1,0.20000
4037,87.0750,239,1,0.20000
4038,82.5750,316,1,0.20000
4039,81.1000,333,1,0.20000
4040,84.2000,314,1,0.20000
4041,90.7000,162,1,0.20000
4042,80.8000,344,1,0.20000
4043,87.3250,250,1,0.20000
4044,82.8250,323,1,0.20000
4045,86.5250,239,1,0.20000
4046,89.1750,189,1,0.20000
4047,76.7750,434,1,0.20000
4048,85.1000,306,1,0.20000
4049,91.2500,169,1,0.20000
4050,83.8750,292,1,0.20000
4051,88.4000,233,1,0.20000
4052,91.0000,161,1,0.20000
4053,84.7750,262,1,0.20000
4054,88.2250,234,1,0.20000
4055,81.9750,357,1,0.20000
4056,85.8000,253,1,0.20000
4057,86.8500,237,1,0.20000
4058,88.9500,169,1,0.20000
4059,85.4000,251,1,0.20000
4060,86.1500,259,1,0.20000
4061,85.2750,308,1,0.20000
4062,87.7250,240,1,0.20000
4063,84.2750,297,1,0.20000
4064,83.7750,296,1,0.20000
4065,82.1500,335,1,0.20000
4066,79.2500,410,1,0.20000
4067,84.4750,328,1,0.20000
4068,82.9500,359,1,0.20000
4069,88.2750,227,1,0.20000
4070,89.5000,225,1,0.20000
4071,87.5250,242,1,0.20000
4072,87.8500,237,1,0.20000
4073,90.5750,192,1,0.20000
4074,84.2750,284,1,0.20000
4075,86.9500,265,1,0.20000
4076,88.9500,232,1,0.20000
4077,89.0750,218,1,0.20000
4078,88.4500,225,1,0.20000
4079,89.0750,231,1,0.20000
4080,88.0500,249,1,0.20000
4081,84.2000,301,1,0.20000
4082,86.2000,290,1,0.20000
4083,88.9750,231,1,0.20000
4084,84.6500,331,1,0.20000
4085,86.7000,279,1,0.20000
4086,85.8500,253,1,0.20000
4087,78.2750,391,1,0.20000
4088,85.3250,281,1,0.20000
4089,88.3000,194,1,0.20000
4090,86.1500,268,1,0.20000
4091,89.1250,235,1,0.20000
4092,85.8250,271,1,0.20000
4093,89.0750,199,1,0.20000
4094,88.6250,216,1,0.20000
4095,89.5000,189,1,0.20000
4096,90.4750,194,1,0.20000
4097,85.5000,297,1,0.20000
4098,89.5000,207,1,0.20000
4099,88.6250,214,1,0.20000
4100,88.6500,208,1,0.20000
4101,84.7500,321,1,0.20000
4102,88.6500,233,1,0.20000
4103,86.1250,249,1,0.20000
4104,88.2750,208,1,0.20000
4105,-51.4250,999,0,0.20000
4106,75.0000,447,1,0.20000
4107,74.9500,489,1,0.20000
4108,82.8750,330,1,0.20000
4109,90.7250,165,1,0.20000
4110,82.2000,319,1,0.20000
4111,90.2250,185,1,0.20000
4112,74.3250,505,1,0.20000
4113,86.3250,240,1,0.20000
4114,81.2000,329,1,0.20000
4115,83.1750,283,1,0.20000
4116,85.3000,272,1,0.20000
4117,90.1000,170,1,0.20000
4118,91.6500,158,1,0.20000
4119,88.3000,183,1,0.20000
4120,82.4000,371,1,0.20000
4121,88.9250,232,1,0.20000
4122,87.1000,235,1,0.20000
4123,87.6750,227,1,0.20000
4124,92.0750,146,1,0.20000
4125,90.0750,163,1,0.20000
4126,91.5750,146,1,0.20000
4127,91.6000,151,1,0.20000
4128,87.5500,227,1,0.20000
4129,90.7250,154,1,0.20000
4130,86.8250,242,1,0.20000
4131,88.7750,223,1,0.20000
4132,91.6250,142,1,0.20000
4133,77.9000,420,1,0.20000
4134,85.1750,281,1,0.20000
4135,86.5000,249,1,0.20000
4136,86.3750,240,1,0.20000
4137,82.6750,299,1,0.20000
4138,83.6000,308,1,0.20000
4139,83.9500,321,1,0.20000
4140,91.9000,152,1,0.20000
4141,70.9750,533,1,0.20000
4142,53.6500,833,1,0.20000
4143,86.5750,239,1,0.20000
4144,91.3250,147,1,0.20000
4145,75.0500,442,1,0.20000
4146,79.8250,374,1,0.20000
4147,77.6500,486,1,0.20000
4148,83.4250,330,1,0.20000
4149,85.0250,265,1,0.20000
4150,86.8250,248,1,0.20000
4151,82.3500,320,1,0.20000
4152,83.4750,305,1,0.20000
4153,86.8250,241,1,0.20000
4154,87.1250,246,1,0.20000
4155,90.1250,163,1,0.20000
4156,91.3250,163,1,0.20000
4157,89.9000,172,1,0.20000
4158,88.1750,226,1,0.20000
4159,85.5500,264,1,0.20000
4160,91.6500,159,1,0.20000
4161,87.1500,224,1,0.20000
4162,91.0750,159,1,0.20000
4163,87.9250,240,1,0.20000
4164,89.4500,193,1,0.20000
4165,90.7750,175,1,0.20000
4166,90.1750,185,1,0.20000
4167,86.2000,245,1,0.20000
4168,85.0000,247,1,0.20000
4169,85.5500,270,1,0.20000
4170,86.8250,295,1,0.20000
4171,82.0750,316,1,0.20000
4172,88.8500,195,1,0.20000
4173,79.3000,396,1,0.20000
4174,91.8000,170,1,0.20000
4175,89.9000,186,1,0.20000
4176,83.8000,316,1,0.20000
4177,88.0250,242,1,0.20000
4178,85.1000,283,1,0.20000
4179,87.5750,236,1,0.20000
4180,84.5250,278,1,0.20000
4181,81.0000,357,1,0.20000
4182,86.0750,250,1,0.20000
4183,87.3500,227,1,0.20000
4184,85.3750,263,1,0.20000
4185,74.1500,509,1,0.20000
4186,83.2000,334,1,0.20000
4187,70.5750,614,1,0.20000
4188,78.7750,412,1,0.20000
4189,71.7250,599,1,0.20000
4190,77.9250,454,1,0.20000
4191,79.0750,408,1,0.20000
4192,81.6000,376,1,0.20000
4193,87.4500,254,1,0.20000
4194,82.0500,340,1,0.20000
4195,86.4000,247,1,0.20000
4196,78.1250,423,1,0.20000
4197,85.3500,276,1,0.20000
4198,82.5750,303,1,0.20000
4199,91.2250,171,1,0.20000
4200,86.5250,238,1,0.20000
4201,89.2250,183,1,0.20000
4202,89.0750,181,1,0.20000
4203,87.1000,254,1,0.20000
4204,86.7250,254,1,0.20000
4205,83.7000,320,1,0.20000
4206,86.1750,240,1,0.20000
4207,88.2250,219,1,0.20000
4208,80.7250,343,1,0.20000
4209,81.2000,366,1,0.20000
4210,82.0000,349,1,0.20000
4211,82.6250,322,1,0.20000
4212,89.9000,184,1,0.20000
4213,86.6000,239,1,0.20000
4214,88.1250,219,1,0.20000
4215,88.2250,228,1,0.20000
4216,86.7750,237,1,0.20000
4217,57.9500,715,1,0.20000
4218,81.2500,366,1,0.20000
4219,85.8750,281,1,0.20000
4220,89.7250,191,1,0.20000
4221,89.2500,199,1,0.20000
4222,64.5000,677,1,0.20000
4223,88.2250,253,1,0.20000
4224,88.3000,232,1,0.20000
4225,89.1250,220,1,0.20000
4226,89.9750,184,1,0.20000
4227,88.1250,226,1,0.20000
4228,88.5750,218,1,0.20000
4229,88.1250,225,1,0.20000
4230,88.2750,195,1,0.20000
4231,91.2000,167,1,0.20000
4232,86.6750,248,1,0.20000
4233,87.0750,239,1,0.20000
4234,88.7500,193,1,0.20000
4235,84.9000,299,1,0.20000
4236,92.0000,158,1,0.20000
4237,88.9000,221,1,0.20000
4238,87.9250,242,1,0.20000
4239,88.0250,237,1,0.20000
4240,86.1500,281,1,0.20000
4241,69.8500,562,1,0.20000
4242,88.7250,232,1,0.20000
4243,71.1250,522,1,0.20000
4244,82.3250,322,1,0.20000
4245,86.9500,234,1,0.20000
4246,90.2750,207,1,0.20000
4247,85.9500,278,1,0.20000
4248,89.0250,227,1,0.20000
4249,84.9500,248,1,0.20000
4250,89.5750,194,1,0.20000
4251,86.9500,251,1,0.20000
4252,-49.2750,999,0,0.20000
4253,64.7500,626,1,0.20000
4254,81.5250,343,1,0.20000
4255,89.5250,211,1,0.20000
4256,83.7750,305,1,0.20000
4257,81.5250,363,1,0.20000
4258,85.5000,271,1,0.20000
4259,62.9750,742,1,0.20000
4260,91.5000,164,1,0.20000
4261,86.7500,264,1,0.20000
4262,86.7750,258,1,0.20000
4263,83.8250,336,1,0.20000
4264,82.1500,357,1,0.20000
4265,87.1000,236,1,0.20000
4266,86.8500,264,1,0.20000
4267,86.4250,227,1,0.20000
4268,88.9250,194,1,0.20000
4269,90.0750,174,1,0.20000
4270,89.7750,173,1,0.20000
4271,82.5750,331,1,0.20000
4272,86.9750,257,1,0.20000
4273,83.6000,297,1,0.20000
4274,74.5750,507,1,0.20000
4275,83.5750,290,1,0.20000
4276,88.3500,238,1,0.20000
4277,83.9500,275,1,0.20000
4278,79.2000,396,1,0.20000
4279,69.5000,523,1,0.20000
4280,84.0750,307,1,0.20000
4281,87.7250,241,1,0.20000
4282,81.7000,351,1,0.20000
4283,78.4750,387,1,0.20000
4284,85.7000,261,1,0.20000
4285,91.7000,169,1,0.20000
4286,92.3750,153,1,0.20000
4287,89.2250,202,1,0.20000
4288,91.5500,175,1,0.20000
4289,89.1000,175,1,0.20000
4290,78.2000,452,1,0.20000
4291,88.3250,229,1,0.20000
4292,91.1000,147,1,0.20000
4293,89.7750,168,1,0.20000
4294,87.2000,228,1,0.20000
4295,84.0750,286,1,0.20000
4296,89.8250,160,1,0.20000
4297,87.3500,232,1,0.20000
4298,87.7250,221,1,0.20000
4299,86.7500,231,1,0.20000
4300,91.2000,153,1,0.20000
4301,82.4250,323,1,0.20000
4302,83.1750,307,1,0.20000
4303,90.0000,180,1,0.20000
4304,85.8250,244,1,0.20000
4305,85.9500,259,1,0.20000
4306,81.7000,351,1,0.20000
4307,84.2250,294,1,0.20000
4308,88.0000,229,1,0.20000
4309,85.5000,275,1,0.20000
4310,85.9000,255,1,0.20000
4311,87.4500,232,1,0.20000
4312,85.8000,245,1,0.20000
4313,78.4250,442,1,0.20000
4314,81.9000,361,1,0.20000
4315,75.2250,448,1,0.20000
4316,84.7000,291,1,0.20000
4317,85.2750,296,1,0.20000
4318,87.0000,257,1,0.20000
4319,88.1750,237,1,0.20000
4320,86.3500,269,1,0.20000
4321,59.4250,783,1,0.20000
4322,82.1750,342,1,0.20000
4323,86.7750,250,1,0.20000
4324,85.6500,257,1,0.20000
4325,84.7000,260,1,0.20000
4326,87.3250,248,1,0.20000
4327,90.0500,171,1,0.20000
4328,91.1500,164,1,0.20000
4329,90.7500,183,1,0.20000
4330,87.7000,246,1,0.20000
4331,89.7750,181,1,0.20000
4332,87.8000,233,1,0.20000
4333,91.1000,161,1,0.20000
4334,90.3500,174,1,0.20000
4335,91.2000,170,1,0.20000
4336,78.8000,382,1,0.20000
4337,87.3500,246,1,0.20000
4338,92.5500,158,1,0.20000
4339,88.7000,236,1,0.20000
4340,88.4750,229,1,0.20000
4341,83.7000,318,1,0.20000
4342,92.4500,142,1,0.20000
4343,88.0750,235,1,0.20000
4344,90.2500,174,1,0.20000
4345,89.1750,213,1,0.20000
4346,87.5500,248,1,0.20000
4347,89.6750,172,1,0.20000
4348,82.7750,330,1,0.20000
4349,87.2500,237,1,0.20000
4350,90.2250,186,1,0.20000
4351,90.8250,166,1,0.20000
4352,78.5250,416,1,0.20000
4353,88.8750,221,1,0.20000
4354,78.4500,368,1,0.20000
4355,90.4000,173,1,0.20000
4356,89.1500,164,1,0.20000
4357,87.6000,227,1,0.20000
4358,88.4750,231,1,0.20000
4359,88.0500,213,1,0.20000
4360,87.6500,231,1,0.20000
4361,81.8000,334,1,0.20000
4362,79.8000,375,1,0.20000
4363,60.4500,777,1,0.20000
4364,81.3000,354,1,0.20000
4365,83.1000,323,1,0.20000
4366,88.6750,229,1,0.20000
4367,78.3500,423,1,0.20000
4368,87.3000,230,1,0.20000
4369,88.6500,212,1,0.20000
4370,77.6750,395,1,0.20000
4371,89.9000,174,1,0.20000
4372,86.4750,253,1,0.20000
4373,90.6750,157,1,0.20000
4374,87.3750,252,1,0.20000
4375,88.2500,226,1,0.20000
4376,80.5000,349,1,0.20000
4377,85.8250,273,1,0.20000
4378,83.0750,314,1,0.20000
4379,80.3500,350,1,0.20000
4380,67.4250,648,1,0.20000
4381,90.1000,180,1,0.20000
4382,91.9500,153,1,0.20000
4383,88.2000,224,1,0.20000
4384,88.5250,235,1,0.20000
4385,89.2250,219,1,0.20000
4386,84.2250,302,1,0.20000
4387,82.1750,357,1,0.20000
4388,87.7000,251,1,0.20000
4389,89.2000,223,1,0.20000
4390,86.5500,301,1,0.20000
4391,89.8250,214,1,0.20000
4392,88.9000,237,1,0.20000
4393,78.2250,395,1,0.20000
4394,87.9000,240,1,0.20000
4395,87.5750,250,1,0.20000
4396,87.5750,229,1,0.20000
4397,87.8250,221,1,0.20000
4398,62.5750,763,1,0.20000
4399,81.5750,348,1,0.20000
4400,81.2000,339,1,0.20000
4401,88.1500,202,1,0.20000
4402,78.7250,408,1,0.20000
4403,79.5250,371,1,0.20000
4404,82.5000,312,1,0.20000
4405,76.4750,456,1,0.20000
4406,86.1250,251,1,0.20000
4407,87.4250,249,1,0.20000
4408,90.8500,155,1,0.20000
4409,76.8000,441,1,0.20000
4410,92.0750,156,1,0.20000
4411,86.6000,262,1,0.20000
4412,84.0750,300,1,0.20000
4413,87.1000,234,1,0.20000
4414,89.0500,210,1,0.20000
4415,81.1000,387,1,0.20000
4416,65.4750,672,1,0.20000
4417,86.3750,261,1,0.20000
4418,86.1250,252,1,0.20000
4419,54.1750,860,1,0.20000
4420,89.8000,167,1,0.20000
4421,81.0500,342,1,0.20000
4422,87.7250,235,1,0.20000
4423,85.8250,249,1,0.20000
4424,86.0250,266,1,0.20000
4425,88.0250,232,1,0.20000
4426,88.9500,232,1,0.20000
4427,79.7750,368,1,0.20000
4428,89.0750,229,1,0.20000
4429,91.7250,168,1,0.20000
4430,88.9500,206,1,0.20000
4431,87.6500,266,1,0.20000
4432,86.4000,260,1,0.20000
4433,89.6500,166,1,0.20000
4434,88.5250,232,1,0.20000
4435,85.6750,283,1,0.20000
4436,84.7000,251,1,0.20000
4437,91.0750,167,1,0.20000
4438,86.8500,238,1,0.20000
4439,90.4000,169,1,0.20000
4440,90.8500,172,1,0.20000
4441,90.7500,175,1,0.20000
4442,86.5000,261,1,0.20000
4443,85.6500,275,1,0.20000
4444,86.4500,273,1,0.20000
4445,91.5250,159,1,0.20000
4446,86.2750,248,1,0.20000
4447,89.7250,190,1,0.20000
4448,84.2000,316,1,0.20000
4449,68.6000,565,1,0.20000
4450,92.1250,154,1,0.20000
4451,90.3250,165,1,0.20000
4452,79.7750,410,1,0.20000
4453,76.8500,473,1,0.20000
4454,90.9750,175,1,0.20000
4455,83.7750,299,1,0.20000
4456,88.4750,213,1,0.20000
4457,87.0250,249,1,0.20000
4458,82.1500,321,1,0.20000
4459,85.6250,263,1,0.20000
4460,82.7250,375,1,0.20000
4461,84.0500,323,1,0.20000
4462,87.2500,241,1,0.20000
4463,86.3500,246,1,0.20000
4464,88.1750,230,1,0.20000
4465,87.7500,225,1,0.20000
4466,87.6000,236,1,0.20000
4467,89.6500,197,1,0.20000
4468,90.4250,188,1,0.20000
4469,89.1000,203,1,0.20000
4470,87.9750,231,1,0.20000
4471,92.3000,155,1,0.20000
4472,84.4250,298,1,0.20000
4473,75.9250,466,1,0.20000
4474,85.3750,275,1,0.20000
4475,88.4750,222,1,0.20000
4476,81.0500,375,1,0.20000
4477,87.5250,222,1,0.20000
4478,90.3750,159,1,0.20000
4479,87.9000,204,1,0.20000
4480,84.2250,270,1,0.20000
4481,89.7250,167,1,0.20000
4482,86.5750,207,1,0.20000
4483,90.7000,170,1,0.20000
4484,86.2500,239,1,0.20000
4485,88.9750,196,1,0.20000
4486,89.2000,199,1,0.20000
4487,87.6000,221,1,0.20000
4488,81.0000,363,1,0.20000
4489,88.4750,208,1,0.20000
4490,88.6250,229,1,0.20000
4491,90.7750,168,1,0.20000
4492,87.1500,240,1,0.20000
4493,84.3750,321,1,0.20000
4494,79.6500,408,1,0.20000
4495,88.2000,241,1,0.20000
4496,89.2250,221,1,0.20000
4497,87.9500,231,1,0.20000
4498,79.2500,361,1,0.20000
4499,75.1750,463,1,0.20000
4500,84.4750,287,1,0.20000
4501,87.0250,256,1,0.20000
4502,83.2750,299,1,0.20000
4503,88.2000,236,1,0.20000
4504,90.4250,187,1,0.20000
4505,86.2750,263,1,0.20000
4506,91.0750,166,1,0.20000
4507,77.1000,412,1,0.20000
4508,79.4250,330,1,0.20000
4509,83.8000,327,1,0.20000
4510,80.4500,375,1,0.20000
4511,88.4250,231,1,0.20000
4512,87.7250,217,1,0.20000
4513,87.8750,229,1,0.20000
4514,88.0500,210,1,0.20000
4515,81.0750,357,1,0.20000
4516,86.2000,245,1,0.20000
4517,87.6500,243,1,0.20000
4518,78.7500,422,1,0.20000
4519,90.5250,193,1,0.20000
4520,77.0250,434,1,0.20000
4521,83.9000,295,1,0.20000
4522,89.5000,178,1,0.20000
4523,87.1500,248,1,0.20000
4524,85.3000,297,1,0.20000
4525,84.6000,289,1,0.20000
4526,80.2750,396,1,0.20000
4527,87.6500,217,1,0.20000
4528,82.1000,331,1,0.20000
4529,87.3750,227,1,0.20000
4530,90.7250,165,1,0.20000
4531,58.5000,801,1,0.20000
4532,68.0250,634,1,0.20000
4533,78.9000,427,1,0.20000
4534,86.8500,249,1,0.20000
4535,75.3000,481,1,0.20000
4536,55.3250,918,1,0.20000
4537,79.7750,456,1,0.20000
4538,84.9500,344,1,0.20000
4539,71.6000,594,1,0.20000
4540,80.8750,365,1,0.20000
4541,88.1250,187,1,0.20000
4542,90.1750,188,1,0.20000
4543,89.3500,191,1,0.20000
4544,90.4250,167,1,0.20000
4545,88.6500,219,1,0.20000
4546,88.4500,212,1,0.20000
4547,85.9750,257,1,0.20000
4548,86.8500,239,1,0.20000
4549,88.3750,192,1,0.20000
4550,91.9000,159,1,0.20000
4551,85.8500,274,1,0.20000
4552,91.4250,155,1,0.20000
4553,87.7750,226,1,0.20000
4554,82.7750,329,1,0.20000
4555,83.2250,356,1,0.20000
4556,80.9000,369,1,0.20000
4557,88.0000,242,1,0.20000
4558,71.6250,563,1,0.20000
4559,84.7750,289,1,0.20000
4560,87.3250,228,1,0.20000
4561,87.6250,232,1,0.20000
4562,87.7250,234,1,0.20000
4563,90.0000,167,1,0.20000
4564,68.0000,660,1,0.20000
4565,87.4750,227,1,0.20000
4566,84.5250,255,1,0.20000
4567,91.3250,160,1,0.20000
4568,90.9750,176,1,0.20000
4569,79.4500,365,1,0.20000
4570,87.4750,252,1,0.20000
4571,90.2000,192,1,0.20000
4572,89.6500,201,1,0.20000
4573,88.0000,217,1,0.20000
4574,84.3250,303,1,0.20000
4575,85.8500,270,1,0.20000
4576,86.2750,273,1,0.20000
4577,79.6500,394,1,0.20000
4578,76.7000,469,1,0.20000
4579,84.0000,276,1,0.20000
4580,87.8250,251,1,0.20000
4581,85.8250,281,1,0.20000
4582,84.5750,311,1,0.20000
4583,75.2750,503,1,0.20000
4584,87.1000,252,1,0.20000
4585,89.9000,175,1,0.20000
4586,85.4000,314,1,0.20000
4587,90.5500,180,1,0.20000
4588,81.4250,338,1,0.20000
4589,69.8000,561,1,0.20000
4590,76.1750,445,1,0.20000
4591,83.9250,298,1,0.20000
4592,82.0250,390,1,0.20000
4593,89.1000,202,1,0.20000
4594,86.3250,272,1,0.20000
4595,75.0750,482,1,0.20000
4596,74.3500,526,1,0.20000
4597,85.0500,310,1,0.20000
4598,91.9000,157,1,0.20000
4599,90.3750,180,1,0.20000
4600,83.9500,307,1,0.20000
4601,89.0750,214,1,0.20000
4602,89.6500,192,1,0.20000
4603,80.4250,370,1,0.20000
4604,87.7500,201,1,0.20000
4605,89.0750,183,1,0.20000
4606,88.9000,188,1,0.20000
4607,88.7500,201,1,0.20000
4608,89.0250,203,1,0.20000
4609,89.5250,201,1,0.20000
4610,88.8750,194,1,0.20000
4611,83.2750,335,1,0.20000
4612,89.9250,189,1,0.20000
4613,91.1250,181,1,0.20000
4614,91.2000,156,1,0.20000
4615,91.2000,156,1,0.20000
4616,89.9250,177,1,0.20000
4617,91.6500,151,1,0.20000
4618,76.4000,455,1,0.20000
4619,87.6750,262,1,0.20000
4620,91.9750,156,1,0.20000
4621,92.1500,159,1,0.20000
4622,78.0500,394,1,0.20000
4623,78.8750,372,1,0.20000
4624,83.5500,342,1,0.20000
4625,88.3750,233,1,0.20000
4626,85.9250,259,1,0.20000
4627,85.9750,261,1,0.20000
4628,83.2000,331,1,0.20000
4629,73.6750,544,1,0.20000
4630,85.6250,269,1,0.20000
4631,88.9250,229,1,0.20000
4632,83.5000,302,1,0.20000
4633,86.8500,255,1,0.20000
4634,81.9500,343,1,0.20000
4635,82.7000,285,1,0.20000
4636,87.6500,225,1,0.20000
4637,85.6500,240,1,0.20000
4638,90.5500,161,1,0.20000
4639,80.9750,335,1,0.20000
4640,75.7500,436,1,0.20000
4641,87.3250,223,1,0.20000
4642,83.9500,250,1,0.20000
4643,92.0500,157,1,0.20000
4644,85.1000,289,1,0.20000
4645,88.6500,222,1,0.20000
4646,88.3250,227,1,0.20000
4647,82.2250,318,1,0.20000
4648,77.7750,400,1,0.20000
4649,61.0250,727,1,0.20000
4650,77.1000,448,1,0.20000
4651,75.8250,470,1,0.20000
4652,87.1000,278,1,0.20000
4653,72.9500,475,1,0.20000
4654,92.0250,146,1,0.20000
4655,83.5000,335,1,0.20000
4656,88.6000,233,1,0.20000
4657,85.2250,292,1,0.20000
4658,90.0750,181,1,0.20000
4659,89.5500,192,1,0.20000
4660,92.1750,164,1,0.20000
4661,91.8250,159,1,0.20000
4662,83.0250,338,1,0.20000
4663,76.5000,487,1,0.20000
4664,81.2250,359,1,0.20000
4665,74.7000,529,1,0.20000
4666,91.0000,153,1,0.20000
4667,86.5750,237,1,0.20000
4668,90.7000,161,1,0.20000
4669,87.6750,242,1,0.20000
4670,87.3500,230,1,0.20000
4671,81.1250,370,1,0.20000
4672,92.2250,150,1,0.20000
4673,91.3500,141,1,0.20000
4674,91.3500,142,1,0.20000
4675,92.7250,135,1,0.20000
4676,86.0500,233,1,0.20000
4677,56.6000,871,1,0.20000
4678,84.9750,254,1,0.20000
4679,87.6000,229,1,0.20000
4680,88.9250,213,1,0.20000
4681,90.4500,212,1,0.20000
4682,85.2750,312,1,0.20000
4683,79.8000,433,1,0.20000
4684,85.2500,298,1,0.20000
4685,91.3500,161,1,0.20000
4686,85.8250,295,1,0.20000
4687,82.8750,306,1,0.20000
4688,84.1750,303,1,0.20000
4689,83.5000,308,1,0.20000
4690,83.7000,308,1,0.20000
4691,86.1250,298,1,0.20000
4692,84.2000,285,1,0.20000
4693,88.6000,195,1,0.20000
4694,90.9750,163,1,0.20000
4695,87.4000,212,1,0.20000
4696,87.6250,236,1,0.20000
4697,83.4250,290,1,0.20000
4698,86.0750,265,1,0.20000
4699,75.2500,485,1,0.20000
4700,82.7000,302,1,0.20000
4701,86.9000,237,1,0.20000
4702,-45.7500,999,0,0.20000
4703,85.1000,290,1,0.20000
4704,88.4750,220,1,0.20000
4705,86.2000,269,1,0.20000
4706,88.2000,240,1,0.20000
4707,85.4000,287,1,0.20000
4708,90.4250,164,1,0.20000
4709,92.0000,154,1,0.20000
4710,88.2750,216,1,0.20000
4711,84.9000,282,1,0.20000
4712,88.1750,253,1,0.20000
4713,67.5750,656,1,0.20000
4714,89.2250,185,1,0.20000
4715,91.6500,158,1,0.20000
4716,81.2000,362,1,0.20000
4717,87.3750,248,1,0.20000
4718,90.3250,193,1,0.20000
4719,89.8500,186,1,0.20000
4720,75.9500,442,1,0.20000
4721,85.0500,271,1,0.20000
4722,86.4750,249,1,0.20000
4723,90.1500,172,1,0.20000
4724,86.4000,259,1,0.20000
4725,90.3250,155,1,0.20000
4726,91.6250,150,1,0.20000
4727,87.7000,230,1,0.20000
4728,87.4250,235,1,0.20000
4729,81.2250,347,1,0.20000
4730,77.7250,419,1,0.20000
4731,80.3000,431,1,0.20000
4732,78.3000,405,1,0.20000
4733,90.5000,159,1,0.20000
4734,78.2750,405,1,0.20000
4735,65.3750,654,1,0.20000
4736,90.2000,168,1,0.20000
4737,85.3500,299,1,0.20000
4738,80.8500,374,1,0.20000
4739,81.3000,320,1,0.20000
4740,53.1750,811,1,0.20000
4741,83.0750,302,1,0.20000
4742,83.0500,275,1,0.20000
4743,91.1500,156,1,0.20000
4744,86.7000,230,1,0.20000
4745,90.7000,163,1,0.20000
4746,88.5000,220,1,0.20000
4747,85.4500,313,1,0.20000
4748,90.4750,169,1,0.20000
4749,88.3500,213,1,0.20000
4750,86.9500,213,1,0.20000
4751,83.5750,290,1,0.20000
4752,90.6500,146,1,0.20000
4753,86.8750,262,1,0.20000
4754,91.1250,147,1,0.20000
4755,87.2500,221,1,0.20000
4756,89.8000,170,1,0.20000
4757,78.5250,429,1,0.20000
4758,80.6000,325,1,0.20000
4759,84.6250,287,1,0.20000
4760,87.3500,200,1,0.20000
4761,89.3750,172,1,0.20000
4762,86.3000,265,1,0.20000
4763,89.2500,176,1,0.20000
4764,86.4000,235,1,0.20000
4765,91.3250,155,1,0.20000
4766,82.6500,288,1,0.20000
4767,83.5750,279,1,0.20000
4768,77.5500,393,1,0.20000
4769,86.0000,276,1,0.20000
4770,90.0750,185,1,0.20000
4771,85.1000,284,1,0.20000
4772,91.4000,154,1,0.20000
4773,87.9500,237,1,0.20000
4774,80.9250,389,1,0.20000
4775,87.9250,250,1,0.20000
4776,81.6250,356,1,0.20000
4777,80.5500,391,1,0.20000
4778,87.6500,226,1,0.20000
4779,87.2750,238,1,0.20000
4780,87.7000,240,1,0.20000
4781,83.0500,326,1,0.20000
4782,88.1000,227,1,0.20000
4783,80.5000,381,1,0.20000
4784,-47.3750,999,0,0.20000
4785,86.3250,272,1,0.20000
4786,81.2250,374,1,0.20000
4787,88.5500,222,1,0.20000
4788,79.1750,427,1,0.20000
4789,87.6500,225,1,0.20000
4790,84.9750,305,1,0.20000
4791,83.5250,326,1,0.20000
4792,85.0750,300,1,0.20000
4793,86.4750,245,1,0.20000
4794,88.0500,232,1,0.20000
4795,83.8500,348,1,0.20000
4796,83.8750,324,1,0.20000
4797,78.2500,445,1,0.20000
4798,54.3750,889,1,0.20000
4799,85.1000,298,1,0.20000
4800,86.6250,244,1,0.20000
4801,84.5000,296,1,0.20000
4802,87.6250,205,1,0.20000
4803,86.6250,246,1,0.20000
4804,90.1250,180,1,0.20000
4805,89.6500,187,1,0.20000
4806,84.6750,277,1,0.20000
4807,82.5000,312,1,0.20000
4808,84.4500,266,1,0.20000
4809,66.5000,636,1,0.20000
4810,86.3250,279,1,0.20000
4811,83.6500,298,1,0.20000
4812,88.4500,188,1,0.20000
4813,87.9250,208,1,0.20000
4814,83.0500,288,1,0.20000
4815,70.8250,605,1,0.20000
4816,66.1750,634,1,0.20000
4817,89.4000,181,1,0.20000
4818,85.0250,272,1,0.20000
4819,89.5750,178,1,0.20000
4820,90.3750,164,1,0.20000
4821,88.8500,207,1,0.20000
4822,88.0750,228,1,0.20000
4823,89.2500,203,1,0.20000
4824,85.6500,249,1,0.20000
4825,84.7000,247,1,0.20000
4826,88.1250,198,1,0.20000
4827,88.6250,191,1,0.20000
4828,90.9250,156,1,0.20000
4829,86.5000,237,1,0.20000
4830,86.1000,273,1,0.20000
4831,88.8000,198,1,0.20000
4832,91.7000,165,1,0.20000
4833,85.4500,275,1,0.20000
4834,88.0250,227,1,0.20000
4835,88.5000,203,1,0.20000
4836,87.9250,204,1,0.20000
4837,88.8000,219,1,0.20000
4838,88.2750,189,1,0.20000
4839,79.2250,394,1,0.20000
4840,79.7250,367,1,0.20000
4841,79.1250,417,1,0.20000
4842,84.1500,261,1,0.20000
4843,86.8750,243,1,0.20000
4844,88.2000,217,1,0.20000
4845,89.5250,203,1,0.20000
4846,86.1000,240,1,0.20000
4847,79.8250,355,1,0.20000
4848,89.4000,199,1,0.20000
4849,91.6500,153,1,0.20000
4850,91.0250,158,1,0.20000
4851,88.5250,225,1,0.20000
4852,89.1250,207,1,0.20000
4853,89.4500,228,1,0.20000
4854,83.0250,331,1,0.20000
4855,88.5000,209,1,0.20000
4856,84.9000,256,1,0.20000
4857,90.9750,162,1,0.20000
4858,90.1500,180,1,0.20000
4859,91.6250,152,1,0.20000
4860,79.8750,362,1,0.20000
4861,91.5500,169,1,0.20000
4862,91.4750,152,1,0.20000
4863,84.6250,271,1,0.20000
4864,86.6250,231,1,0.20000
4865,88.2000,224,1,0.20000
4866,89.9000,209,1,0.20000
4867,87.1500,237,1,0.20000
4868,91.0500,169,1,0.20000
4869,86.6750,258,1,0.20000
4870,88.4250,203,1,0.20000
4871,80.4000,364,1,0.20000
4872,85.1750,282,1,0.20000
4873,91.6000,143,1,0.20000
4874,69.2500,610,1,0.20000
4875,89.2750,223,1,0.20000
4876,81.4250,394,1,0.20000
4877,88.7250,194,1,0.20000
4878,86.2750,240,1,0.20000
4879,84.8000,267,1,0.20000
4880,89.6750,167,1,0.20000
4881,88.8500,174,1,0.20000
4882,80.3000,360,1,0.20000
4883,85.2250,268,1,0.20000
4884,89.1000,168,1,0.20000
4885,86.7250,233,1,0.20000
4886,84.8750,248,1,0.20000
4887,88.2250,202,1,0.20000
4888,81.6000,369,1,0.20000
4889,74.5750,444,1,0.20000
4890,78.8750,382,1,0.20000
4891,77.5500,397,1,0.20000
4892,90.4750,161,1,0.20000
4893,57.2750,846,1,0.20000
4894,84.7500,251,1,0.20000
4895,82.6250,338,1,0.20000
4896,83.2000,306,1,0.20000
4897,86.8000,244,1,0.20000
4898,91.5750,155,1,0.20000
4899,78.2000,381,1,0.20000
4900,80.7750,338,1,0.20000
4901,87.3250,221,1,0.20000
4902,87.0750,228,1,0.20000
4903,87.2750,219,1,0.20000
4904,79.2250,378,1,0.20000
4905,71.3250,489,1,0.20000
4906,79.9000,384,1,0.20000
4907,86.9750,214,1,0.20000
4908,89.2000,189,1,0.20000
4909,79.2750,373,1,0.20000
4910,83.6000,314,1,0.20000
4911,80.3750,353,1,0.20000
4912,90.1250,177,1,0.20000
4913,87.8500,250,1,0.20000
4914,74.2000,472,1,0.20000
4915,87.6500,218,1,0.20000
4916,82.4000,327,1,0.20000
4917,89.3000,177,1,0.20000
4918,54.2000,870,1,0.20000
4919,88.4750,211,1,0.20000
4920,87.7750,233,1,0.20000
4921,76.2000,436,1,0.20000
4922,73.0750,496,1,0.20000
4923,60.3000,763,1,0.20000
4924,82.7750,284,1,0.20000
4925,82.1750,329,1,0.20000
4926,62.9500,737,1,0.20000
4927,79.4000,362,1,0.20000
4928,72.8750,500,1,0.20000
4929,63.1750,703,1,0.20000
4930,86.4250,255,1,0.20000
4931,87.0750,258,1,0.20000
4932,79.3250,388,1,0.20000
4933,91.5500,151,1,0.20000
4934,83.5250,310,1,0.20000
4935,84.8000,298,1,0.20000
4936,86.5500,238,1,0.20000
4937,87.0250,239,1,0.20000
4938,83.9750,283,1,0.20000
4939,87.4000,235,1,0.20000
4940,74.4500,491,1,0.20000
4941,86.6250,239,1,0.20000
4942,90.2500,160,1,0.20000
4943,86.6000,240,1,0.20000
4944,87.0500,237,1,0.20000
4945,88.7750,207,1,0.20000
4946,87.7250,224,1,0.20000
4947,87.6750,250,1,0.20000
4948,90.9250,162,1,0.20000
4949,87.4750,221,1,0.20000
4950,83.9750,270,1,0.20000
4951,86.6000,243,1,0.20000
4952,86.7500,230,1,0.20000
4953,88.2250,218,1,0.20000
4954,85.6750,262,1,0.20000
4955,89.2500,168,1,0.20000
4956,90.5000,151,1,0.20000
4957,84.9500,278,1,0.20000
4958,87.2250,238,1,0.20000
4959,89.6750,192,1,0.20000
4960,91.1500,156,1,0.20000
4961,82.3000,327,1,0.20000
4962,85.3500,274,1,0.20000
4963,85.7250,271,1,0.20000
4964,85.7500,271,1,0.20000
4965,67.8500,600,1,0.20000
4966,77.2250,456,1,0.20000
4967,90.8000,160,1,0.20000
4968,91.3500,158,1,0.20000
4969,86.4750,227,1,0.20000
4970,87.7500,228,1,0.20000
4971,90.9000,144,1,0.20000
4972,88.3000,231,1,0.20000
4973,86.6250,229,1,0.20000
4974,91.2000,145,1,0.20000
4975,85.8500,233,1,0.20000
4976,86.4750,218,1,0.20000
4977,71.1000,514,1,0.20000
4978,72.3000,509,1,0.20000
4979,81.3250,379,1,0.20000
4980,86.3250,235,1,0.20000
4981,86.2500,239,1,0.20000
4982,78.8750,384,1,0.20000
4983,88.1000,230,1,0.20000
4984,87.7500,227,1,0.20000
4985,83.3250,332,1,0.20000
4986,79.3000,436,1,0.20000
4987,92.5500,159,1,0.20000
4988,90.2500,193,1,0.20000
4989,85.5750,252,1,0.20000
4990,89.6750,199,1,0.20000
4991,87.7000,212,1,0.20000
4992,85.8750,240,1,0.20000
4993,80.3750,353,1,0.20000
4994,81.9000,319,1,0.20000
4995,85.6000,277,1,0.20000
4996,89.2000,171,1,0.20000
4997,78.6000,421,1,0.20000
4998,85.1500,268,1,0.20000
4999,63.3750,672,1,0.20000
5000,74.9000,427,1,0.20000
5001,89.3500,176,1,0.20000
5002,72.6000,474,1,0.20000
5003,79.5500,392,1,0.20000
5004,85.0000,278,1,0.20000
5005,85.4500,246,1,0.20000
5006,84.2250,310,1,0.20000
5007,81.1750,345,1,0.20000
5008,89.1750,210,1,0.20000
5009,84.1250,302,1,0.20000
5010,82.9750,337,1,0.20000
5011,88.3000,223,1,0.20000
5012,91.4500,157,1,0.20000
5013,75.4000,517,1,0.20000
5014,88.5750,221,1,0.20000
5015,91.5250,156,1,0.20000
5016,87.4500,223,1,0.20000
5017,79.3500,401,1,0.20000
5018,81.7250,331,1,0.20000
5019,89.9250,193,1,0.20000
5020,87.1750,248,1,0.20000
5021,86.8500,277,1,0.20000
5022,84.8500,289,1,0.20000
5023,76.4750,464,1,0.20000
5024,83.3000,305,1,0.20000
5025,80.7750,358,1,0.20000
5026,80.6500,386,1,0.20000
5027,86.2250,296,1,0.20000
5028,71.2750,544,1,0.20000
5029,87.5500,246,1,0.20000
5030,87.2500,237,1,0.20000
5031,82.6000,347,1,0.20000
5032,85.6000,275,1,0.20000
5033,90.0750,166,1,0.20000
5034,72.9500,512,1,0.20000
5035,80.6500,374,1,0.20000
5036,85.1500,275,1,0.20000
5037,91.7750,150,1,0.20000
5038,87.4000,234,1,0.20000
5039,89.5500,154,1,0.20000
5040,91.4000,139,1,0.20000
5041,90.9500,139,1,0.20000
5042,85.9500,238,1,0.20000
5043,83.9750,266,1,0.20000
5044,90.0000,185,1,0.20000
5045,84.7250,289,1,0.20000
5046,90.5250,161,1,0.20000
5047,90.7500,168,1,0.20000
5048,86.7000,256,1,0.20000
5049,81.8750,319,1,0.20000
5050,87.2000,227,1,0.20000
5051,87.3000,218,1,0.20000
5052,85.2000,247,1,0.20000
5053,86.6500,247,1,0.20000
5054,90.8750,152,1,0.20000
5055,87.7250,229,1,0.20000
5056,85.2500,257,1,0.20000
5057,88.0000,204,1,0.20000
5058,87.1250,229,1,0.20000
5059,76.9500,424,1,0.20000
5060,87.7000,212,1,0.20000
5061,86.3250,230,1,0.20000
5062,88.3750,215,1,0.20000
5063,85.9500,249,1,0.20000
5064,86.6750,223,1,0.20000
5065,91.9750,155,1,0.20000
5066,87.8000,225,1,0.20000
5067,87.4250,228,1,0.20000
5068,84.7250,284,1,0.20000
5069,85.9000,302,1,0.20000
5070,89.2750,210,1,0.20000
5071,88.4250,232,1,0.20000
5072,87.3500,221,1,0.20000
5073,88.4500,207,1,0.20000
5074,88.6000,220,1,0.20000
5075,87.7250,244,1,0.20000
5076,85.5250,286,1,0.20000
5077,84.7000,303,1,0.20000
5078,87.5500,227,1,0.20000
5079,83.3500,305,1,0.20000
5080,87.1250,227,1,0.20000
5081,90.2250,170,1,0.20000
5082,84.5000,325,1,0.20000
5083,86.5500,254,1,0.20000
5084,67.2250,607,1,0.20000
5085,86.4500,244,1,0.20000
5086,84.9000,266,1,0.20000
5087,87.0750,237,1,0.20000
5088,82.2500,325,1,0.20000
5089,88.7500,220,1,0.20000
5090,79.4250,400,1,0.20000
5091,79.7250,363,1,0.20000
5092,79.9750,382,1,0.20000
5093,75.0000,470,1,0.20000
5094,80.8000,315,1,0.20000
5095,80.2500,388,1,0.20000
5096,86.1500,261,1,0.20000
5097,84.0500,325,1,0.20000
5098,85.2750,283,1,0.20000
5099,84.2500,321,1,0.20000
5100,75.2500,449,1,0.20000
5101,85.9250,251,1,0.20000
5102,87.6750,223,1,0.20000
5103,87.5500,220,1,0.20000
5104,82.2000,341,1,0.20000
5105,86.3750,259,1,0.20000
5106,86.5250,259,1,0.20000
5107,86.6250,244,1,0.20000
5108,90.4250,157,1,0.20000
5109,85.5000,291,1,0.20000
5110,84.5750,313,1,0.20000
5111,87.4500,246,1,0.20000
5112,90.0000,188,1,0.20000
5113,89.7500,196,1,0.20000
5114,83.1500,309,1,0.20000
5115,66.5750,677,1,0.20000
5116,81.0750,421,1,0.20000
5117,68.7750,668,1,0.20000
5118,81.9750,343,1,0.20000
5119,81.4250,380,1,0.20000
5120,70.5500,582,1,0.20000
5121,59.0500,800,1,0.20000
5122,86.0250,297,1,0.20000
5123,76.9250,401,1,0.20000
5124,88.2000,209,1,0.20000
5125,86.9750,265,1,0.20000
5126,86.8000,262,1,0.20000
5127,80.4750,377,1,0.20000
5128,84.2000,317,1,0.20000
5129,85.5250,296,1,0.20000
5130,86.5750,230,1,0.20000
5131,90.1750,179,1,0.20000
5132,86.3250,264,1,0.20000
5133,88.5000,196,1,0.20000
5134,89.0250,204,1,0.20000
5135,81.7500,356,1,0.20000
5136,85.7000,255,1,0.20000
5137,87.5250,242,1,0.20000
5138,88.6000,227,1,0.20000
5139,88.1500,223,1,0.20000
5140,90.0500,177,1,0.20000
5141,89.5750,181,1,0.20000
5142,89.3250,173,1,0.20000
5143,90.5000,161,1,0.20000
5144,87.4500,241,1,0.20000
5145,83.5750,290,1,0.20000
5146,82.3250,318,1,0.20000
5147,83.8500,281,1,0.20000
5148,88.2000,212,1,0.20000
5149,74.7750,475,1,0.20000
5150,83.6250,311,1,0.20000
5151,87.7750,229,1,0.20000
5152,84.1500,309,1,0.20000
5153,80.0000,383,1,0.20000
5154,91.1500,156,1,0.20000
5155,82.9750,318,1,0.20000
5156,92.1500,156,1,0.20000
5157,87.9250,225,1,0.20000
5158,87.5750,232,1,0.20000
5159,80.6250,361,1,0.20000
5160,80.1250,400,1,0.20000
5161,74.8500,502,1,0.20000
5162,88.0250,230,1,0.20000
5163,87.0250,247,1,0.20000
5164,88.7250,213,1,0.20000
5165,87.9750,236,1,0.20000
5166,87.9000,220,1,0.20000
5167,88.3500,231,1,0.20000
5168,82.1000,340,1,0.20000
5169,80.3250,418,1,0.20000
5170,76.6250,440,1,0.20000
5171,73.4250,526,1,0.20000
5172,85.9750,246,1,0.20000
5173,87.6250,239,1,0.20000
5174,87.6750,224,1,0.20000
5175,85.7000,250,1,0.20000
5176,82.9250,313,1,0.20000
5177,90.1750,170,1,0.20000
5178,88.9750,219,1,0.20000
5179,84.9500,261,1,0.20000
5180,88.0500,227,1,0.20000
5181,86.9500,223,1,0.20000
5182,89.5000,187,1,0.20000
5183,86.4500,228,1,0.20000
5184,89.3750,194,1,0.20000
5185,89.9250,192,1,0.20000
5186,86.4000,267,1,0.20000
5187,88.4750,232,1,0.20000
5188,84.7500,297,1,0.20000
5189,87.9750,246,1,0.20000
5190,87.5000,255,1,0.20000
5191,85.3000,264,1,0.20000
5192,91.0000,175,1,0.20000
5193,87.1750,251,1,0.20000
5194,89.6500,218,1,0.20000
5195,91.8750,159,1,0.20000
5196,89.7500,220,1,0.20000
5197,83.2500,327,1,0.20000
5198,90.5500,169,1,0.20000
5199,88.5750,209,1,0.20000
5200,89.5500,200,1,0.20000
5201,89.0750,203,1,0.20000
5202,-50.9000,999,0,0.20000
5203,85.5500,250,1,0.20000
5204,86.0000,291,1,0.20000
5205,88.5250,222,1,0.20000
5206,88.9500,224,1,0.20000
5207,87.3000,259,1,0.20000
5208,92.6250,160,1,0.20000
5209,82.7500,319,1,0.20000
5210,82.9250,333,1,0.20000
5211,87.8750,227,1,0.20000
5212,89.7500,187,1,0.20000
5213,85.8500,280,1,0.20000
5214,90.3000,185,1,0.20000
5215,85.6750,259,1,0.20000
5216,87.3000,247,1,0.20000
5217,90.9000,180,1,0.20000
5218,92.3750,155,1,0.20000
5219,88.9250,224,1,0.20000
5220,85.6750,285,1,0.20000
5221,80.5250,381,1,0.20000
5222,91.1000,162,1,0.20000
5223,87.9000,234,1,0.20000
5224,80.1500,372,1,0.20000
5225,90.3000,159,1,0.20000
5226,87.3000,226,1,0.20000
5227,79.9750,363,1,0.20000
5228,80.6750,314,1,0.20000
5229,89.2500,180,1,0.20000
5230,91.6250,151,1,0.20000
5231,78.4500,388,1,0.20000
5232,84.8250,269,1,0.20000
5233,72.2250,521,1,0.20000
5234,63.5500,701,1,0.20000
5235,83.5250,324,1,0.20000
5236,-55.8750,999,0,0.20000
5237,79.2500,429,1,0.20000
5238,92.1750,148,1,0.20000
5239,85.9250,287,1,0.20000
5240,84.3500,299,1,0.20000
5241,84.6500,279,1,0.20000
5242,87.4250,224,1,0.20000
5243,86.2250,247,1,0.20000
5244,78.4500,414,1,0.20000
5245,87.8250,220,1,0.20000
5246,84.3500,274,1,0.20000
5247,83.7000,330,1,0.20000
5248,89.2500,220,1,0.20000
5249,89.6000,174,1,0.20000
5250,87.4750,235,1,0.20000
5251,90.4500,186,1,0.20000
5252,91.2250,158,1,0.20000
5253,89.7250,166,1,0.20000
5254,82.9000,297,1,0.20000
5255,90.8750,156,1,0.20000
5256,90.1750,156,1,0.20000
5257,87.2750,232,1,0.20000
5258,89.6000,158,1,0.20000
5259,89.6000,159,1,0.20000
5260,89.4000,175,1,0.20000
5261,89.4750,173,1,0.20000
5262,88.0000,221,1,0.20000
5263,71.9500,501,1,0.20000
5264,88.7500,227,1,0.20000
5265,88.7750,212,1,0.20000
5266,87.3750,229,1,0.20000
5267,87.0750,254,1,0.20000
5268,85.3500,285,1,0.20000
5269,73.3750,564,1,0.20000
5270,74.4750,465,1,0.20000
5271,76.8500,485,1,0.20000
5272,77.4000,409,1,0.20000
5273,81.2000,355,1,0.20000
5274,87.2750,232,1,0.20000
5275,-49.9500,999,0,0.20000
5276,74.4000,523,1,0.20000
5277,76.1000,489,1,0.20000
5278,86.3000,278,1,0.20000
5279,90.6750,155,1,0.20000
5280,79.2500,411,1,0.20000
5281,84.6500,261,1,0.20000
5282,86.5500,228,1,0.20000
5283,85.7000,239,1,0.20000
5284,82.9250,343,1,0.20000
5285,83.1250,327,1,0.20000
5286,78.0250,432,1,0.20000
5287,84.9500,286,1,0.20000
5288,82.9750,311,1,0.20000
5289,87.5000,245,1,0.20000
5290,84.4250,316,1,0.20000
5291,75.6750,491,1,0.20000
5292,48.4500,995,1,0.20000
5293,89.8500,180,1,0.20000
5294,76.4500,460,1,0.20000
5295,84.0000,291,1,0.20000
5296,71.5500,584,1,0.20000
5297,91.1500,162,1,0.20000
5298,85.8500,269,1,0.20000
5299,84.4500,281,1,0.20000
5300,88.4250,184,1,0.20000
5301,84.1500,304,1,0.20000
5302,85.1500,275,1,0.20000
5303,91.1250,162,1,0.20000
5304,90.5000,190,1,0.20000
5305,83.8000,335,1,0.20000
5306,68.3250,574,1,0.20000
5307,66.5000,692,1,0.20000
5308,77.2000,446,1,0.20000
5309,83.0500,324,1,0.20000
5310,86.5250,265,1,0.20000
5311,85.0750,250,1,0.20000
5312,84.5750,285,1,0.20000
5313,85.9750,272,1,0.20000
5314,85.3250,248,1,0.20000
5315,80.0000,394,1,0.20000
5316,84.3250,290,1,0.20000
5317,89.0750,203,1,0.20000
5318,78.2250,423,1,0.20000
5319,89.9250,165,1,0.20000
5320,87.3000,184,1,0.20000
5321,90.4000,176,1,0.20000
5322,90.0500,176,1,0.20000
5323,88.0750,204,1,0.20000
5324,90.4500,152,1,0.20000
5325,84.0000,286,1,0.20000
5326,84.1250,271,1,0.20000
5327,86.1750,250,1,0.20000
5328,88.9500,208,1,0.20000
5329,83.2500,313,1,0.20000
5330,91.1500,154,1,0.20000
5331,91.2000,154,1,0.20000
5332,85.4750,289,1,0.20000
5333,87.2000,213,1,0.20000
5334,80.1750,350,1,0.20000
5335,85.6750,222,1,0.20000
5336,83.2750,340,1,0.20000
5337,86.0750,281,1,0.20000
5338,92.1250,178,1,0.20000
5339,88.2250,205,1,0.20000
5340,90.8250,178,1,0.20000
5341,92.1000,166,1,0.20000
5342,83.6000,299,1,0.20000
5343,90.0000,199,1,0.20000
5344,90.2250,185,1,0.20000
5345,76.2250,456,1,0.20000
5346,77.6500,445,1,0.20000
5347,88.6750,216,1,0.20000
5348,90.5500,152,1,0.20000
5349,78.2000,420,1,0.20000
5350,87.0500,235,1,0.20000
5351,82.0750,327,1,0.20000
5352,87.0000,198,1,0.20000
5353,85.7250,324,1,0.20000
5354,87.8750,247,1,0.20000
5355,86.8750,266,1,0.20000
5356,86.5750,252,1,0.20000
5357,81.0000,423,1,0.20000
5358,86.8750,213,1,0.20000
5359,86.3500,284,1,0.20000
5360,82.9250,315,1,0.20000
5361,88.5000,233,1,0.20000
5362,82.5000,360,1,0.20000
5363,80.3500,419,1,0.20000
5364,87.7750,232,1,0.20000
5365,81.0500,323,1,0.20000
5366,83.7250,317,1,0.20000
5367,80.6750,349,1,0.20000
5368,76.6500,451,1,0.20000
5369,60.4500,748,1,0.20000
5370,74.1000,509,1,0.20000
5371,85.5500,299,1,0.20000
5372,82.0750,354,1,0.20000
5373,77.3750,472,1,0.20000
5374,77.9250,462,1,0.20000
5375,-50.9250,999,0,0.20000
5376,-49.1500,999,0,0.20000
5377,84.6250,275,1,0.20000
5378,77.9500,426,1,0.20000
5379,72.0750,533,1,0.20000
5380,89.8750,164,1,0.20000
5381,90.1500,166,1,0.20000
5382,86.9250,254,1,0.20000
5383,83.3500,299,1,0.20000
5384,88.7000,207,1,0.20000
5385,90.9250,183,1,0.20000
5386,90.6000,173,1,0.20000
5387,86.5000,246,1,0.20000
5388,91.3250,149,1,0.20000
5389,88.1500,232,1,0.20000
5390,87.8750,233,1,0.20000
5391,84.6000,293,1,0.20000
5392,89.9250,155,1,0.20000
5393,86.3250,276,1,0.20000
5394,85.8500,256,1,0.20000
5395,85.2500,274,1,0.20000
5396,84.9750,274,1,0.20000
5397,89.4750,182,1,0.20000
5398,86.5750,277,1,0.20000
5399,87.0000,243,1,0.20000
5400,91.5750,160,1,0.20000
5401,86.6000,247,1,0.20000
5402,87.7750,195,1,0.20000
5403,86.9250,232,1,0.20000
5404,90.7500,156,1,0.20000
5405,89.2250,197,1,0.20000
5406,87.5750,233,1,0.20000
5407,90.9250,153,1,0.20000
5408,79.1500,374,1,0.20000
5409,75.4500,496,1,0.20000
5410,88.8500,225,1,0.20000
5411,85.6500,263,1,0.20000
5412,87.1000,238,1,0.20000
5413,88.1250,213,1,0.20000
5414,79.3250,361,1,0.20000
5415,87.1250,244,1,0.20000
5416,87.6500,237,1,0.20000
5417,82.7000,333,1,0.20000
5418,74.5000,520,1,0.20000
5419,81.4500,342,1,0.20000
5420,88.4750,225,1,0.20000
5421,86.0250,230,1,0.20000
5422,87.0250,247,1,0.20000
5423,84.7000,281,1,0.20000
5424,87.6750,239,1,0.20000
5425,90.4250,158,1,0.20000
5426,89.5750,190,1,0.20000
5427,90.0750,200,1,0.20000
5428,84.3250,310,1,0.20000
5429,87.5250,230,1,0.20000
5430,90.4500,165,1,0.20000
5431,87.4750,207,1,0.20000
5432,80.5750,366,1,0.20000
5433,82.5250,320,1,0.20000
5434,78.3250,387,1,0.20000
5435,84.8000,280,1,0.20000
5436,87.3000,234,1,0.20000
5437,86.1000,244,1,0.20000
5438,86.3500,239,1,0.20000
5439,87.0000,237,1,0.20000
5440,85.1500,252,1,0.20000
5441,86.6500,230,1,0.20000
5442,86.8000,245,1,0.20000
5443,74.8500,474,1,0.20000
5444,89.4500,195,1,0.20000
5445,86.6750,270,1,0.20000
5446,89.0750,199,1,0.20000
5447,86.4000,244,1,0.20000
5448,89.5250,162,1,0.20000
5449,76.7750,448,1,0.20000
5450,82.4750,324,1,0.20000
5451,58.3750,738,1,0.20000
5452,62.8250,642,1,0.20000
5453,88.1750,210,1,0.20000
5454,87.4750,241,1,0.20000
5455,90.2750,173,1,0.20000
5456,90.5000,159,1,0.20000
5457,88.9000,184,1,0.20000
5458,84.0750,285,1,0.20000
5459,87.4250,243,1,0.20000
5460,87.0000,251,1,0.20000
5461,89.9250,171,1,0.20000
5462,90.7000,164,1,0.20000
5463,86.3000,264,1,0.20000
5464,78.3750,405,1,0.20000
5465,87.5250,262,1,0.20000
5466,73.6500,501,1,0.20000
5467,85.3000,258,1,0.20000
5468,83.4250,295,1,0.20000
5469,82.5250,317,1,0.20000
5470,88.1750,226,1,0.20000
5471,84.7000,270,1,0.20000
5472,90.5750,168,1,0.20000
5473,83.9000,293,1,0.20000
5474,87.2750,210,1,0.20000
5475,82.4750,284,1,0.20000
5476,83.2000,287,1,0.20000
5477,90.4250,169,1,0.20000
5478,72.6000,472,1,0.20000
5479,84.2500,292,1,0.20000
5480,73.0500,502,1,0.20000
5481,89.8000,211,1,0.20000
5482,90.4750,173,1,0.20000
5483,86.9750,278,1,0.20000
5484,88.5250,217,1,0.20000
5485,87.2250,238,1,0.20000
5486,86.4750,263,1,0.20000
5487,83.8250,318,1,0.20000
5488,84.7250,272,1,0.20000
5489,88.1750,229,1,0.20000
5490,87.5500,244,1,0.20000
5491,83.2500,332,1,0.20000
5492,89.5750,195,1,0.20000
5493,80.8500,368,1,0.20000
5494,84.9000,299,1,0.20000
5495,77.9000,460,1,0.20000
5496,83.9750,304,1,0.20000
5497,87.8500,223,1,0.20000
5498,88.5750,225,1,0.20000
5499,87.0000,241,1,0.20000
5500,89.5250,190,1,0.20000
5501,82.1500,334,1,0.20000
5502,86.5750,235,1,0.20000
5503,86.8000,249,1,0.20000
5504,85.2250,282,1,0.20000
5505,83.1000,289,1,0.20000
5506,85.2500,254,1,0.20000
5507,84.1000,276,1,0.20000
5508,78.6250,398,1,0.20000
5509,88.8750,194,1,0.20000
5510,86.9000,226,1,0.20000
5511,84.0500,290,1,0.20000
5512,86.9000,249,1,0.20000
5513,82.7000,317,1,0.20000
5514,91.2750,155,1,0.20000
5515,80.8750,338,1,0.20000
5516,90.0000,144,1,0.20000
5517,86.5500,222,1,0.20000
5518,85.7000,234,1,0.20000
5519,90.6250,156,1,0.20000
5520,90.3000,177,1,0.20000
5521,84.0000,267,1,0.20000
5522,87.9500,231,1,0.20000
5523,80.6250,328,1,0.20000
5524,85.8250,264,1,0.20000
5525,88.1500,235,1,0.20000
5526,87.9500,218,1,0.20000
5527,72.7500,529,1,0.20000
5528,84.1500,265,1,0.20000
5529,88.9750,220,1,0.20000
5530,91.5500,154,1,0.20000
5531,87.0250,225,1,0.20000
5532,87.4750,228,1,0.20000
5533,90.7750,164,1,0.20000
5534,90.5750,181,1,0.20000
5535,86.7000,237,1,0.20000
5536,84.8500,246,1,0.20000
5537,87.7500,220,1,0.20000
5538,91.5750,166,1,0.20000
5539,87.5500,231,1,0.20000
5540,87.5750,221,1,0.20000
5541,85.8750,240,1,0.20000
5542,87.2750,225,1,0.20000
5543,86.4500,215,1,0.20000
5544,83.1750,310,1,0.20000
5545,71.5250,527,1,0.20000
5546,75.3500,453,1,0.20000
5547,84.8250,286,1,0.20000
5548,83.9000,289,1,0.20000
5549,91.8250,125,1,0.20000
5550,79.3500,411,1,0.20000
5551,80.5750,379,1,0.20000
5552,86.5500,278,1,0.20000
5553,85.2000,313,1,0.20000
5554,90.4500,191,1,0.20000
5555,85.5500,299,1,0.20000
5556,87.6750,244,1,0.20000
5557,77.4250,460,1,0.20000
5558,79.9000,370,1,0.20000
5559,88.0750,230,1,0.20000
5560,84.2500,296,1,0.20000
5561,89.2750,176,1,0.20000
5562,87.4000,257,1,0.20000
5563,91.6250,168,1,0.20000
5564,88.6500,230,1,0.20000
5565,87.8250,227,1,0.20000
5566,84.9000,300,1,0.20000
5567,86.8250,246,1,0.20000
5568,87.8250,232,1,0.20000
5569,84.6500,283,1,0.20000
5570,82.3750,333,1,0.20000
5571,82.4750,325,1,0.20000
5572,84.7000,301,1,0.20000
5573,91.6250,159,1,0.20000
5574,93.6250,102,1,0.20000
5575,78.2500,402,1,0.20000
5576,89.6250,190,1,0.20000
5577,86.6500,233,1,0.20000
5578,85.0500,264,1,0.20000
5579,83.4750,318,1,0.20000
5580,82.8250,355,1,0.20000
5581,84.6500,306,1,0.20000
5582,86.8500,234,1,0.20000
5583,90.5500,177,1,0.20000
5584,86.7750,257,1,0.20000
5585,71.3250,542,1,0.20000
5586,85.0250,264,1,0.20000
5587,-48.3250,999,0,0.20000
5588,82.1250,322,1,0.20000
5589,78.4250,429,1,0.20000
5590,87.3000,253,1,0.20000
5591,92.3750,161,1,0.20000
5592,87.8000,226,1,0.20000
5593,74.4000,529,1,0.20000
5594,87.9750,226,1,0.20000
5595,91.4250,167,1,0.20000
5596,78.6250,453,1,0.20000
5597,90.6750,182,1,0.20000
5598,92.1000,156,1,0.20000
5599,75.6500,519,1,0.20000
5600,88.3500,217,1,0.20000
5601,90.3750,157,1,0.20000
5602,88.1750,200,1,0.20000
5603,90.6250,161,1,0.20000
5604,87.9000,225,1,0.20000
5605,84.4000,327,1,0.20000
5606,89.0500,205,1,0.20000
5607,88.9750,216,1,0.20000
5608,82.3250,325,1,0.20000
5609,86.1000,253,1,0.20000
5610,86.7500,240,1,0.20000
5611,85.8250,262,1,0.20000
5612,84.5250,302,1,0.20000
5613,85.5500,293,1,0.20000
5614,89.9000,179,1,0.20000
5615,82.5000,382,1,0.20000
5616,85.6750,254,1,0.20000
5617,75.7500,448,1,0.20000
5618,88.8250,191,1,0.20000
5619,84.9750,261,1,0.20000
5620,85.0250,253,1,0.20000
5621,89.9000,183,1,0.20000
5622,84.8500,266,1,0.20000
5623,88.6250,180,1,0.20000
5624,80.0500,330,1,0.20000
5625,87.4000,228,1,0.20000
5626,87.0500,239,1,0.20000
5627,84.9500,294,1,0.20000
5628,82.4750,327,1,0.20000
5629,87.8500,215,1,0.20000
5630,76.1750,452,1,0.20000
5631,83.7500,315,1,0.20000
5632,85.4500,244,1,0.20000
5633,82.9250,309,1,0.20000
5634,87.0000,253,1,0.20000
5635,79.6000,355,1,0.20000
5636,90.8250,163,1,0.20000
5637,88.3250,229,1,0.20000
5638,85.9750,264,1,0.20000
5639,84.8000,269,1,0.20000
5640,91.4500,164,1,0.20000
5641,86.9750,232,1,0.20000
5642,89.3500,198,1,0.20000
5643,86.4250,255,1,0.20000
5644,88.8750,228,1,0.20000
5645,88.6250,226,1,0.20000
5646,86.6250,232,1,0.20000
5647,82.3000,353,1,0.20000
5648,85.9250,272,1,0.20000
5649,86.3000,234,1,0.20000
5650,86.3000,242,1,0.20000
5651,84.5000,293,1,0.20000
5652,83.5500,357,1,0.20000
5653,80.4250,399,1,0.20000
5654,85.7250,284,1,0.20000
5655,84.8750,300,1,0.20000
5656,83.9500,268,1,0.20000
5657,85.0250,274,1,0.20000
5658,84.7500,255,1,0.20000
5659,85.4500,245,1,0.20000
5660,87.4250,222,1,0.20000
5661,86.0500,279,1,0.20000
5662,89.1250,214,1,0.20000
5663,85.7000,248,1,0.20000
5664,79.4000,409,1,0.20000
5665,79.1750,365,1,0.20000
5666,88.1250,219,1,0.20000
5667,76.9250,446,1,0.20000
5668,84.7250,293,1,0.20000
5669,90.1250,170,1,0.20000
5670,86.0500,251,1,0.20000
5671,90.2250,173,1,0.20000
5672,88.9500,201,1,0.20000
5673,87.5750,230,1,0.20000
5674,87.8750,191,1,0.20000
5675,89.3750,182,1,0.20000
5676,90.0750,168,1,0.20000
5677,89.6500,167,1,0.20000
5678,90.8750,167,1,0.20000
5679,89.3500,174,1,0.20000
5680,83.5250,282,1,0.20000
5681,89.9750,172,1,0.20000
5682,84.8000,266,1,0.20000
5683,83.0000,293,1,0.20000
5684,85.1750,231,1,0.20000
5685,90.7500,155,1,0.20000
5686,90.2500,167,1,0.20000
5687,88.2750,191,1,0.20000
5688,86.3500,257,1,0.20000
5689,77.6250,413,1,0.20000
5690,81.9500,335,1,0.20000
5691,86.4250,256,1,0.20000
5692,85.6250,286,1,0.20000
5693,84.6500,284,1,0.20000
5694,87.1750,233,1,0.20000
5695,87.3250,236,1,0.20000
5696,88.3000,231,1,0.20000
5697,88.4750,229,1,0.20000
5698,92.0500,161,1,0.20000
5699,88.7500,225,1,0.20000
5700,91.5250,167,1,0.20000
5701,78.8500,417,1,0.20000
5702,86.1500,248,1,0.20000
5703,84.7000,295,1,0.20000
5704,81.6250,349,1,0.20000
5705,86.8250,237,1,0.20000
5706,88.2750,211,1,0.20000
5707,83.1000,335,1,0.20000
5708,88.5750,226,1,0.20000
5709,86.3000,255,1,0.20000
5710,86.1250,236,1,0.20000
5711,91.6500,157,1,0.20000
5712,91.7500,158,1,0.20000
5713,90.7250,170,1,0.20000
5714,88.4500,236,1,0.20000
5715,87.2000,236,1,0.20000
5716,87.4250,237,1,0.20000
5717,83.3250,321,1,0.20000
5718,70.0750,596,1,0.20000
5719,88.5000,230,1,0.20000
5720,90.0750,202,1,0.20000
5721,90.8500,190,1,0.20000
5722,85.2000,276,1,0.20000
5723,88.2500,232,1,0.20000
5724,85.0500,291,1,0.20000
5725,90.9250,160,1,0.20000
5726,87.4750,244,1,0.20000
5727,87.9500,253,1,0.20000
5728,87.7250,264,1,0.20000
5729,86.5000,225,1,0.20000
5730,84.2750,303,1,0.20000
5731,84.1750,292,1,0.20000
5732,88.0750,227,1,0.20000
5733,87.2750,229,1,0.20000
5734,89.0250,210,1,0.20000
5735,88.9250,204,1,0.20000
5736,82.0000,329,1,0.20000
5737,86.7250,230,1,0.20000
5738,81.8500,317,1,0.20000
5739,71.3500,568,1,0.20000
5740,83.8750,286,1,0.20000
5741,90.6250,163,1,0.20000
5742,88.2250,193,1,0.20000
5743,83.5750,274,1,0.20000
5744,90.7750,161,1,0.20000
5745,86.1500,260,1,0.20000
5746,86.9500,234,1,0.20000
5747,91.3250,158,1,0.20000
5748,92.1250,151,1,0.20000
5749,91.8500,152,1,0.20000
5750,89.6500,181,1,0.20000
5751,86.7000,247,1,0.20000
5752,84.3750,273,1,0.20000
5753,83.5750,309,1,0.20000
5754,89.7000,185,1,0.20000
5755,84.4500,321,1,0.20000
5756,91.3750,163,1,0.20000
5757,87.9000,256,1,0.20000
5758,78.4500,429,1,0.20000
5759,85.1250,297,1,0.20000
5760,87.7250,232,1,0.20000
5761,88.0250,229,1,0.20000
5762,90.9250,182,1,0.20000
5763,79.4250,433,1,0.20000
5764,88.5000,196,1,0.20000
5765,86.7250,275,1,0.20000
5766,87.5250,262,1,0.20000
5767,88.5000,244,1,0.20000
5768,88.9500,238,1,0.20000
5769,91.6750,162,1,0.20000
5770,88.8500,200,1,0.20000
5771,90.4000,170,1,0.20000
5772,86.3500,235,1,0.20000
5773,91.6500,147,1,0.20000
5774,86.6000,232,1,0.20000
5775,83.3250,336,1,0.20000
5776,90.9750,184,1,0.20000
5777,92.1250,146,1,0.20000
5778,81.3750,356,1,0.20000
5779,88.0750,222,1,0.20000
5780,85.8000,242,1,0.20000
5781,85.5500,261,1,0.20000
5782,83.3500,317,1,0.20000
5783,84.5250,287,1,0.20000
5784,82.6500,332,1,0.20000
5785,90.8500,167,1,0.20000
5786,87.4250,238,1,0.20000
5787,90.6500,150,1,0.20000
5788,81.0500,337,1,0.20000
5789,84.4750,285,1,0.20000
5790,89.6000,187,1,0.20000
5791,85.4750,242,1,0.20000
5792,89.2500,209,1,0.20000
5793,88.4000,223,1,0.20000
5794,88.1000,223,1,0.20000
5795,88.8000,218,1,0.20000
5796,85.2000,294,1,0.20000
5797,86.5000,237,1,0.20000
5798,77.9750,400,1,0.20000
5799,90.1000,175,1,0.20000
5800,84.4500,304,1,0.20000
5801,91.0500,165,1,0.20000
5802,86.6750,244,1,0.20000
5803,87.3500,232,1,0.20000
5804,87.7000,227,1,0.20000
5805,88.0250,214,1,0.20000
5806,87.5250,223,1,0.20000
5807,86.3750,244,1,0.20000
5808,82.7500,346,1,0.20000
5809,82.7500,306,1,0.20000
5810,84.1250,308,1,0.20000
5811,83.1500,311,1,0.20000
5812,88.1000,235,1,0.20000
5813,88.0000,215,1,0.20000
5814,85.8000,282,1,0.20000
5815,87.1500,223,1,0.20000
5816,88.2500,226,1,0.20000
5817,88.3000,233,1,0.20000
5818,89.9250,176,1,0.20000
5819,91.3750,162,1,0.20000
5820,87.5000,224,1,0.20000
5821,91.1000,161,1,0.20000
5822,88.8500,202,1,0.20000
5823,87.3500,246,1,0.20000
5824,80.7750,338,1,0.20000
5825,88.8750,184,1,0.20000
5826,88.2000,226,1,0.20000
5827,91.0750,167,1,0.20000
5828,86.8750,245,1,0.20000
5829,86.3250,283,1,0.20000
5830,84.9500,298,1,0.20000
5831,83.0500,352,1,0.20000
5832,88.7500,216,1,0.20000
5833,87.5750,246,1,0.20000
5834,82.5750,351,1,0.20000
5835,88.3000,259,1,0.20000
5836,92.3250,152,1,0.20000
5837,86.9000,237,1,0.20000
5838,86.0250,287,1,0.20000
5839,91.7000,163,1,0.20000
5840,81.5500,360,1,0.20000
5841,72.7500,536,1,0.20000
5842,80.0750,416,1,0.20000
5843,88.1000,236,1,0.20000
5844,84.9000,310,1,0.20000
5845,75.8500,521,1,0.20000
5846,91.3500,168,1,0.20000
5847,83.8250,320,1,0.20000
5848,91.3250,168,1,0.20000
5849,86.6750,255,1,0.20000
5850,87.4500,234,1,0.20000
5851,82.4250,350,1,0.20000
5852,87.1000,249,1,0.20000
5853,87.0500,251,1,0.20000
5854,78.6500,406,1,0.20000
5855,87.1000,235,1,0.20000
5856,86.7500,220,1,0.20000
5857,85.8750,291,1,0.20000
5858,83.7250,339,1,0.20000
5859,79.2500,385,1,0.20000
5860,87.3250,219,1,0.20000
5861,87.2500,220,1,0.20000
5862,80.5500,360,1,0.20000
5863,88.7750,212,1,0.20000
5864,59.1000,812,1,0.20000
5865,91.4500,164,1,0.20000
5866,87.8750,244,1,0.20000
5867,82.8250,336,1,0.20000
5868,76.3750,438,1,0.20000
5869,84.7500,290,1,0.20000
5870,78.2750,422,1,0.20000
5871,91.6500,155,1,0.20000
5872,88.6750,216,1,0.20000
5873,76.8750,459,1,0.20000
5874,66.7250,553,1,0.20000
5875,84.0750,287,1,0.20000
5876,87.4750,228,1,0.20000
5877,87.6250,229,1,0.20000
5878,83.7000,309,1,0.20000
5879,83.5250,307,1,0.20000
5880,87.6250,207,1,0.20000
5881,87.9250,224,1,0.20000
5882,90.2250,212,1,0.20000
5883,88.6500,227,1,0.20000
5884,85.9250,272,1,0.20000
5885,86.0250,263,1,0.20000
5886,89.7500,219,1,0.20000
5887,87.4250,232,1,0.20000
5888,87.0500,232,1,0.20000
5889,90.5000,173,1,0.20000
5890,80.2750,362,1,0.20000
5891,89.6000,189,1,0.20000
5892,90.3750,167,1,0.20000
5893,84.1750,297,1,0.20000
5894,91.1500,159,1,0.20000
5895,84.9500,298,1,0.20000
5896,87.9000,226,1,0.20000
5897,87.6750,226,1,0.20000
5898,87.4250,224,1,0.20000
5899,89.6000,202,1,0.20000
5900,91.5000,159,1,0.20000
5901,86.2750,245,1,0.20000
5902,92.3750,155,1,0.20000
5903,87.8750,238,1,0.20000
5904,86.3500,237,1,0.20000
5905,90.9250,147,1,0.20000
5906,82.8250,320,1,0.20000
5907,86.6000,268,1,0.20000
5908,89.9500,160,1,0.20000
5909,83.9000,290,1,0.20000
5910,91.5250,159,1,0.20000
5911,73.7500,478,1,0.20000
5912,81.5500,339,1,0.20000
5913,80.9500,383,1,0.20000
5914,87.4500,238,1,0.20000
5915,84.4750,295,1,0.20000
5916,88.3500,233,1,0.20000
5917,91.3250,155,1,0.20000
5918,88.1250,234,1,0.20000
5919,88.1750,222,1,0.20000
5920,85.5000,275,1,0.20000
5921,75.0750,480,1,0.20000
5922,90.8000,164,1,0.20000
5923,86.5250,252,1,0.20000
5924,87.0500,257,1,0.20000
5925,90.4500,163,1,0.20000
5926,88.7750,215,1,0.20000
5927,87.9500,222,1,0.20000
5928,84.1000,334,1,0.20000
5929,82.6250,320,1,0.20000
5930,88.2500,230,1,0.20000
5931,88.6000,229,1,0.20000
5932,82.8000,354,1,0.20000
5933,81.9000,371,1,0.20000
5934,89.5250,224,1,0.20000
5935,89.2000,213,1,0.20000
5936,85.5500,283,1,0.20000
5937,84.7500,274,1,0.20000
5938,69.0750,626,1,0.20000
5939,47.7250,984,1,0.20000
5940,87.1750,231,1,0.20000
5941,87.1000,262,1,0.20000
5942,84.3750,324,1,0.20000
5943,87.0750,244,1,0.20000
5944,90.9000,159,1,0.20000
5945,88.1250,235,1,0.20000
5946,88.7000,191,1,0.20000
5947,73.6000,509,1,0.20000
5948,81.2250,354,1,0.20000
5949,87.2250,271,1,0.20000
5950,81.4750,366,1,0.20000
5951,85.0750,305,1,0.20000
5952,86.3500,263,1,0.20000
5953,81.9750,350,1,0.20000
5954,80.8000,359,1,0.20000
5955,85.4500,245,1,0.20000
5956,87.6500,240,1,0.20000
5957,82.8500,327,1,0.20000
5958,88.7500,220,1,0.20000
5959,88.0750,230,1,0.20000
5960,88.6000,248,1,0.20000
5961,81.9000,340,1,0.20000
5962,90.0000,191,1,0.20000
5963,89.1250,210,1,0.20000
5964,88.1750,206,1,0.20000
5965,89.2000,209,1,0.20000
5966,87.9000,239,1,0.20000
5967,92.6000,161,1,0.20000
5968,84.0500,323,1,0.20000
5969,80.9250,350,1,0.20000
5970,82.3250,305,1,0.20000
5971,86.1750,232,1,0.20000
5972,84.6000,279,1,0.20000
5973,89.0750,169,1,0.20000
5974,89.3500,167,1,0.20000
5975,89.6000,172,1,0.20000
5976,82.8250,321,1,0.20000
5977,87.1000,231,1,0.20000
5978,89.3250,194,1,0.20000
5979,86.3000,246,1,0.20000
5980,74.0750,489,1,0.20000
5981,89.6750,191,1,0.20000
5982,87.9750,233,1,0.20000
5983,79.8000,371,1,0.20000
5984,88.1000,244,1,0.20000
5985,86.0750,259,1,0.20000
5986,90.8750,163,1,0.20000
5987,74.7500,458,1,0.20000
5988,81.7500,327,1,0.20000
5989,87.0750,257,1,0.20000
5990,71.2250,564,1,0.20000
5991,83.3000,341,1,0.20000
5992,83.9000,327,1,0.20000
5993,81.4750,349,1,0.20000
5994,88.0250,238,1,0.20000
5995,88.3500,235,1,0.20000
5996,86.9000,253,1,0.20000
5997,83.7750,318,1,0.20000
5998,86.8750,270,1,0.20000
5999,89.4000,190,1,0.20000
6000,86.1750,269,1,0.20000
6001,91.3750,152,1,0.20000
6002,88.9000,238,1,0.20000
6003,91.1000,150,1,0.20000
6004,91.8500,143,1,0.20000
6005,85.9000,255,1,0.20000
6006,90.5500,184,1,0.20000
6007,90.2750,203,1,0.20000
6008,91.1500,152,1,0.20000
6009,89.9750,188,1,0.20000
6010,90.0500,190,1,0.20000
6011,91.3500,159,1,0.20000
6012,91.0500,152,1,0.20000
6013,90.9750,163,1,0.20000
6014,91.6250,159,1,0.20000
6015,91.1750,156,1,0.20000
6016,91.2500,180,1,0.20000
6017,85.3750,308,1,0.20000
6018,89.8500,192,1,0.20000
6019,90.5250,168,1,0.20000
6020,87.4750,272,1,0.20000
6021,89.0250,253,1,0.20000
6022,91.4000,154,1,0.20000
6023,87.7000,272,1,0.20000
6024,83.2250,323,1,0.20000
6025,88.9750,217,1,0.20000
6026,85.8250,274,1,0.20000
6027,80.0500,392,1,0.20000
6028,76.9000,419,1,0.20000
6029,83.1500,307,1,0.20000
6030,85.3500,264,1,0.20000
6031,72.0750,543,1,0.20000
6032,87.9500,242,1,0.20000
6033,80.8000,368,1,0.20000
6034,70.3500,599,1,0.20000
6035,86.7000,237,1,0.20000
6036,78.1500,419,1,0.20000
6037,79.2500,385,1,0.20000
6038,85.6000,272,1,0.20000
6039,85.0500,296,1,0.20000
6040,86.0750,285,1,0.20000
6041,83.9750,295,1,0.20000
6042,84.8000,273,1,0.20000
6043,89.1500,232,1,0.20000
6044,88.7250,231,1,0.20000
6045,88.8250,218,1,0.20000
6046,89.0000,199,1,0.20000
6047,89.5000,186,1,0.20000
6048,87.8750,229,1,0.20000
6049,87.9750,206,1,0.20000
6050,91.2500,152,1,0.20000
6051,86.6250,256,1,0.20000
6052,86.6000,272,1,0.20000
6053,80.8250,360,1,0.20000
6054,85.7250,243,1,0.20000
6055,85.0500,290,1,0.20000
6056,87.8750,256,1,0.20000
6057,86.8750,267,1,0.20000
6058,87.6250,252,1,0.20000
6059,88.0500,231,1,0.20000
6060,81.0750,345,1,0.20000
6061,86.1750,265,1,0.20000
6062,82.9750,321,1,0.20000
6063,86.4250,267,1,0.20000
6064,87.0250,241,1,0.20000
6065,88.4000,230,1,0.20000
6066,88.2750,237,1,0.20000
6067,87.4000,244,1,0.20000
6068,86.0500,241,1,0.20000
6069,82.2500,310,1,0.20000
6070,89.2000,211,1,0.20000
6071,88.0000,232,1,0.20000
6072,88.0750,221,1,0.20000
6073,85.4750,302,1,0.20000
6074,89.3750,222,1,0.20000
6075,83.1000,317,1,0.20000
6076,87.0250,236,1,0.20000
6077,87.5500,241,1,0.20000
6078,82.4000,328,1,0.20000
6079,84.6750,292,1,0.20000
6080,87.2250,255,1,0.20000
6081,82.1500,321,1,0.20000
6082,75.7000,467,1,0.20000
6083,86.4500,238,1,0.20000
6084,91.6750,141,1,0.20000
6085,86.6250,228,1,0.20000
6086,90.6500,173,1,0.20000
6087,91.3250,160,1,0.20000
6088,86.9500,224,1,0.20000
6089,90.2000,162,1,0.20000
6090,86.4500,222,1,0.20000
6091,90.7000,160,1,0.20000
6092,85.5000,275,1,0.20000
6093,86.9000,247,1,0.20000
6094,81.1000,362,1,0.20000
6095,88.5750,201,1,0.20000
6096,87.9000,228,1,0.20000
6097,87.2500,226,1,0.20000
6098,89.1500,151,1,0.20000
6099,67.5750,574,1,0.20000
6100,85.2500,282,1,0.20000
6101,84.0000,287,1,0.20000
6102,78.9500,419,1,0.20000
6103,90.3500,174,1,0.20000
6104,84.8250,254,1,0.20000
6105,69.2500,564,1,0.20000
6106,88.4750,234,1,0.20000
6107,78.9250,414,1,0.20000
6108,85.7500,256,1,0.20000
6109,88.0750,232,1,0.20000
6110,84.8500,268,1,0.20000
6111,81.8500,356,1,0.20000
6112,73.1750,464,1,0.20000
6113,91.1750,180,1,0.20000
6114,86.6000,254,1,0.20000
6115,88.2000,228,1,0.20000
6116,87.3000,233,1,0.20000
6117,57.5500,746,1,0.20000
6118,85.4000,294,1,0.20000
6119,88.5000,222,1,0.20000
6120,84.4250,271,1,0.20000
6121,70.3750,568,1,0.20000
6122,82.2250,344,1,0.20000
6123,87.9000,195,1,0.20000
6124,82.7750,295,1,0.20000
6125,89.6500,177,1,0.20000
6126,89.6750,180,1,0.20000
6127,89.0750,187,1,0.20000
6128,86.7250,254,1,0.20000
6129,90.1000,181,1,0.20000
6130,85.4000,290,1,0.20000
6131,89.3500,190,1,0.20000
6132,84.9000,257,1,0.20000
6133,81.4500,365,1,0.20000
6134,89.8750,168,1,0.20000
6135,90.7000,163,1,0.20000
6136,88.0750,196,1,0.20000
6137,89.2250,189,1,0.20000
6138,75.7250,452,1,0.20000
6139,86.8500,241,1,0.20000
6140,89.9500,175,1,0.20000
6141,85.5250,253,1,0.20000
6142,89.8750,174,1,0.20000
6143,90.5250,171,1,0.20000
6144,85.2250,271,1,0.20000
6145,87.2250,246,1,0.20000
6146,73.2000,512,1,0.20000
6147,91.1500,152,1,0.20000
6148,88.2750,224,1,0.20000
6149,90.4250,167,1,0.20000
6150,82.5750,334,1,0.20000
6151,88.5250,203,1,0.20000
6152,85.5000,281,1,0.20000
6153,87.1500,248,1,0.20000
6154,84.7750,296,1,0.20000
6155,84.5500,319,1,0.20000
6156,86.1500,244,1,0.20000
6157,86.6000,272,1,0.20000
6158,78.0000,473,1,0.20000
6159,85.8500,311,1,0.20000
6160,88.4000,237,1,0.20000
6161,88.9000,237,1,0.20000
6162,83.7500,319,1,0.20000
6163,80.8000,395,1,0.20000
6164,83.5750,308,1,0.20000
6165,83.1500,369,1,0.20000
6166,90.9000,152,1,0.20000
6167,88.0500,216,1,0.20000
6168,88.8500,204,1,0.20000
6169,86.8750,275,1,0.20000
6170,84.4750,275,1,0.20000
6171,88.6000,235,1,0.20000
6172,89.0000,223,1,0.20000
6173,88.8750,229,1,0.20000
6174,88.0000,215,1,0.20000
6175,88.1250,243,1,0.20000
6176,83.9500,319,1,0.20000
6177,83.4500,309,1,0.20000
6178,84.5500,317,1,0.20000
6179,81.1750,375,1,0.20000
6180,86.7500,241,1,0.20000
6181,87.4500,229,1,0.20000
6182,87.8250,233,1,0.20000
6183,87.0750,237,1,0.20000
6184,77.5000,390,1,0.20000
6185,81.1250,343,1,0.20000
6186,85.6000,261,1,0.20000
6187,86.4250,224,1,0.20000
6188,68.5000,586,1,0.20000
6189,53.7750,926,1,0.20000
6190,86.3250,229,1,0.20000
6191,56.7000,838,1,0.20000
6192,75.6250,420,1,0.20000
6193,87.9250,219,1,0.20000
6194,84.4750,265,1,0.20000
6195,74.3750,481,1,0.20000
6196,90.5750,176,1,0.20000
6197,82.1500,363,1,0.20000
6198,88.5250,207,1,0.20000
6199,88.6500,217,1,0.20000
6200,76.4500,451,1,0.20000
6201,80.3750,356,1,0.20000
6202,68.6750,579,1,0.20000
6203,85.7250,253,1,0.20000
6204,88.0250,225,1,0.20000
6205,84.2250,314,1,0.20000
6206,91.3500,166,1,0.20000
6207,89.4500,196,1,0.20000
6208,78.6500,395,1,0.20000
6209,86.7500,250,1,0.20000
6210,86.6750,243,1,0.20000
6211,84.2500,304,1,0.20000
6212,92.6750,157,1,0.20000
6213,91.2250,145,1,0.20000
6214,90.9500,160,1,0.20000
6215,90.2750,165,1,0.20000
6216,90.7250,163,1,0.20000
6217,86.4750,279,1,0.20000
6218,91.2500,160,1,0.20000
6219,91.1500,172,1,0.20000
6220,88.2750,212,1,0.20000
6221,87.1500,224,1,0.20000
6222,82.7750,331,1,0.20000
6223,84.0000,298,1,0.20000
6224,90.5750,149,1,0.20000
6225,90.5750,156,1,0.20000
6226,68.0250,538,1,0.20000
6227,77.3500,406,1,0.20000
6228,72.4750,516,1,0.20000
6229,78.3000,433,1,0.20000
6230,88.4000,244,1,0.20000
6231,86.0000,271,1,0.20000
6232,87.6250,230,1,0.20000
6233,87.6000,256,1,0.20000
6234,90.4250,161,1,0.20000
6235,87.6750,245,1,0.20000
6236,84.3750,306,1,0.20000
6237,88.0250,226,1,0.20000
6238,80.2750,404,1,0.20000
6239,85.5500,293,1,0.20000
6240,91.8500,159,1,0.20000
6241,87.6500,240,1,0.20000
6242,79.2000,429,1,0.20000
6243,90.7500,149,1,0.20000
6244,90.9000,171,1,0.20000
6245,92.0000,152,1,0.20000
6246,81.2000,337,1,0.20000
6247,85.9000,241,1,0.20000
6248,92.0250,143,1,0.20000
6249,86.5750,247,1,0.20000
6250,75.7000,461,1,0.20000
6251,82.6000,322,1,0.20000
6252,88.2500,236,1,0.20000
6253,88.7750,197,1,0.20000
6254,81.9000,371,1,0.20000
6255,78.5250,377,1,0.20000
6256,70.6250,575,1,0.20000
6257,79.1250,413,1,0.20000
6258,85.0000,281,1,0.20000
6259,88.7000,240,1,0.20000
6260,87.8250,236,1,0.20000
6261,90.2000,205,1,0.20000
6262,91.4500,151,1,0.20000
6263,86.3250,254,1,0.20000
6264,86.5750,254,1,0.20000
6265,90.2500,213,1,0.20000
6266,90.9500,175,1,0.20000
6267,85.3750,257,1,0.20000
6268,89.0000,202,1,0.20000
6269,87.7500,234,1,0.20000
6270,83.4000,323,1,0.20000
6271,87.5500,239,1,0.20000
6272,87.8500,236,1,0.20000
6273,88.2250,228,1,0.20000
6274,89.0250,217,1,0.20000
6275,81.4750,316,1,0.20000
6276,91.9750,149,1,0.20000
6277,91.6500,173,1,0.20000
6278,89.6750,190,1,0.20000
6279,93.1000,151,1,0.20000
6280,88.1750,207,1,0.20000
6281,88.0750,232,1,0.20000
6282,85.3000,287,1,0.20000
6283,81.4000,342,1,0.20000
6284,85.2750,282,1,0.20000
6285,87.7750,227,1,0.20000
6286,91.2000,155,1,0.20000
6287,83.0250,335,1,0.20000
6288,84.5000,276,1,0.20000
6289,86.3500,255,1,0.20000
6290,88.1000,225,1,0.20000
6291,88.3500,226,1,0.20000
6292,85.0500,304,1,0.20000
6293,91.3750,157,1,0.20000
6294,91.8750,157,1,0.20000
6295,88.3250,186,1,0.20000
6296,91.5000,150,1,0.20000
6297,84.2250,293,1,0.20000
6298,91.3500,153,1,0.20000
6299,90.9750,162,1,0.20000
6300,89.4750,188,1,0.20000
6301,90.5250,178,1,0.20000
6302,90.9750,166,1,0.20000
6303,91.0500,171,1,0.20000
6304,85.7000,256,1,0.20000
6305,86.2000,253,1,0.20000
6306,84.4000,309,1,0.20000
6307,58.6000,748,1,0.20000
6308,87.0250,274,1,0.20000
6309,84.8250,315,1,0.20000
6310,77.9000,460,1,0.20000
6311,87.9750,250,1,0.20000
6312,86.8250,272,1,0.20000
6313,89.5000,198,1,0.20000
6314,90.7250,165,1,0.20000
6315,83.9000,333,1,0.20000
6316,88.8000,222,1,0.20000
6317,88.3500,228,1,0.20000
6318,89.4000,201,1,0.20000
6319,76.9000,465,1,0.20000
6320,88.7000,235,1,0.20000
6321,88.9500,223,1,0.20000
6322,81.7000,321,1,0.20000
6323,85.3500,267,1,0.20000
6324,86.2500,233,1,0.20000
6325,74.2750,531,1,0.20000
6326,84.3000,316,1,0.20000
6327,82.2750,351,1,0.20000
6328,91.2500,167,1,0.20000
6329,87.0500,231,1,0.20000
6330,90.6500,179,1,0.20000
6331,87.9250,227,1,0.20000
6332,86.7500,243,1,0.20000
6333,88.0500,220,1,0.20000
6334,89.3000,238,1,0.20000
6335,87.8750,227,1,0.20000
6336,88.3250,222,1,0.20000
6337,89.7750,204,1,0.20000
6338,86.7250,229,1,0.20000
6339,86.0250,264,1,0.20000
6340,88.4500,209,1,0.20000
6341,77.3000,464,1,0.20000
6342,88.1750,238,1,0.20000
6343,83.1000,348,1,0.20000
6344,92.4000,165,1,0.20000
6345,87.7750,249,1,0.20000
6346,73.3000,520,1,0.20000
6347,91.7750,163,1,0.20000
6348,88.6500,213,1,0.20000
6349,91.4500,161,1,0.20000
6350,91.3250,156,1,0.20000
6351,91.3500,162,1,0.20000
6352,91.4750,171,1,0.20000
6353,92.5250,164,1,0.20000
6354,85.0750,297,1,0.20000
6355,86.1000,302,1,0.20000
6356,91.9750,153,1,0.20000
6357,88.8750,230,1,0.20000
6358,86.8750,252,1,0.20000
6359,86.8500,227,1,0.20000
6360,86.7250,227,1,0.20000
6361,89.8500,213,1,0.20000
6362,88.0500,220,1,0.20000
6363,87.4500,230,1,0.20000
6364,84.9250,283,1,0.20000
6365,89.2000,203,1,0.20000
6366,90.8000,163,1,0.20000
6367,82.8750,316,1,0.20000
6368,85.2000,235,1,0.20000
6369,87.4000,252,1,0.20000
6370,88.4750,234,1,0.20000
6371,85.9500,221,1,0.20000
6372,83.9750,309,1,0.20000
6373,86.2500,316,1,0.20000
6374,91.7500,176,1,0.20000
6375,89.6000,211,1,0.20000
6376,87.6250,247,1,0.20000
6377,84.8750,297,1,0.20000
6378,90.7500,188,1,0.20000
6379,87.1000,232,1,0.20000
6380,80.9500,392,1,0.20000
6381,85.3000,283,1,0.20000
6382,81.5000,361,1,0.20000
6383,83.6500,311,1,0.20000
6384,87.6250,235,1,0.20000
6385,82.7250,337,1,0.20000
6386,75.6750,471,1,0.20000
6387,85.9750,273,1,0.20000
6388,84.2500,327,1,0.20000
6389,88.7000,237,1,0.20000
6390,88.6750,189,1,0.20000
6391,91.6250,158,1,0.20000
6392,89.3500,218,1,0.20000
6393,77.9500,416,1,0.20000
6394,56.9500,906,1,0.20000
6395,86.7500,265,1,0.20000
6396,91.6250,147,1,0.20000
6397,91.1500,151,1,0.20000
6398,89.9500,163,1,0.20000
6399,90.0500,155,1,0.20000
6400,87.3250,232,1,0.20000
6401,86.3750,239,1,0.20000
6402,75.1250,444,1,0.20000
6403,92.2500,158,1,0.20000
6404,84.7000,262,1,0.20000
6405,89.5750,191,1,0.20000
6406,86.9250,245,1,0.20000
6407,84.8250,291,1,0.20000
6408,85.3750,285,1,0.20000
6409,87.0500,274,1,0.20000
6410,83.5250,319,1,0.20000
6411,88.3000,216,1,0.20000
6412,91.3250,158,1,0.20000
6413,91.3000,163,1,0.20000
6414,87.0500,229,1,0.20000
6415,90.9000,166,1,0.20000
6416,88.7500,219,1,0.20000
6417,88.1750,235,1,0.20000
6418,87.6750,250,1,0.20000
6419,91.8750,164,1,0.20000
6420,80.3000,354,1,0.20000
6421,79.2000,392,1,0.20000
6422,61.1000,726,1,0.20000
6423,76.5000,449,1,0.20000
6424,86.6000,286,1,0.20000
6425,84.8500,303,1,0.20000
6426,84.8250,329,1,0.20000
6427,90.5000,168,1,0.20000
6428,90.0000,212,1,0.20000
6429,87.9250,218,1,0.20000
6430,86.5750,255,1,0.20000
6431,84.8500,297,1,0.20000
6432,73.6500,564,1,0.20000
6433,88.5250,212,1,0.20000
6434,88.0000,256,1,0.20000
6435,88.5750,241,1,0.20000
6436,87.8250,262,1,0.20000
6437,84.2000,298,1,0.20000
6438,87.8750,224,1,0.20000
6439,84.0500,307,1,0.20000
6440,89.4500,169,1,0.20000
6441,87.3750,250,1,0.20000
6442,89.8500,161,1,0.20000
6443,87.8750,231,1,0.20000
6444,86.9750,246,1,0.20000
6445,85.6500,285,1,0.20000
6446,87.2000,225,1,0.20000
6447,86.8750,249,1,0.20000
6448,86.5250,254,1,0.20000
6449,87.3000,241,1,0.20000
6450,88.2250,236,1,0.20000
6451,87.3250,250,1,0.20000
6452,76.4000,458,1,0.20000
6453,85.2750,270,1,0.20000
6454,86.8000,244,1,0.20000
6455,87.1500,238,1,0.20000
6456,88.8000,219,1,0.20000
6457,80.2250,367,1,0.20000
6458,81.9000,355,1,0.20000
6459,85.2000,262,1,0.20000
6460,88.3500,228,1,0.20000
6461,84.5000,269,1,0.20000
6462,76.4500,429,1,0.20000
6463,82.7500,325,1,0.20000
6464,88.1500,230,1,0.20000
6465,80.4500,372,1,0.20000
6466,79.0000,400,1,0.20000
6467,86.7250,227,1,0.20000
6468,88.5750,221,1,0.20000
6469,89.5250,217,1,0.20000
6470,86.4250,244,1,0.20000
6471,67.0500,604,1,0.20000
6472,86.6250,236,1,0.20000
6473,83.4500,332,1,0.20000
6474,85.1250,282,1,0.20000
6475,90.3500,187,1,0.20000
6476,84.3000,282,1,0.20000
6477,80.1250,388,1,0.20000
6478,85.6250,276,1,0.20000
6479,87.0750,245,1,0.20000
6480,88.7000,224,1,0.20000
6481,91.6250,157,1,0.20000
6482,85.2500,273,1,0.20000
6483,86.3250,294,1,0.20000
6484,88.8000,222,1,0.20000
6485,91.2250,152,1,0.20000
6486,85.9000,281,1,0.20000
6487,90.1000,196,1,0.20000
6488,87.0750,271,1,0.20000
6489,88.6750,217,1,0.20000
6490,85.6500,303,1,0.20000
6491,88.0500,230,1,0.20000
6492,76.2500,428,1,0.20000
6493,87.2000,252,1,0.20000
6494,83.9750,327,1,0.20000
6495,87.4250,234,1,0.20000
6496,78.5500,394,1,0.20000
6497,90.8500,168,1,0.20000
6498,90.5000,163,1,0.20000
6499,85.0000,276,1,0.20000
6500,87.0000,250,1,0.20000
6501,87.8500,228,1,0.20000
6502,87.0750,228,1,0.20000
6503,87.3250,214,1,0.20000
6504,86.3000,258,1,0.20000
6505,82.4000,351,1,0.20000
6506,89.7750,188,1,0.20000
6507,77.4250,394,1,0.20000
6508,80.3250,388,1,0.20000
6509,83.3750,309,1,0.20000
6510,85.9750,261,1,0.20000
6511,78.7250,464,1,0.20000
6512,84.7250,328,1,0.20000
6513,88.2500,241,1,0.20000
6514,87.8750,222,1,0.20000
6515,80.8250,357,1,0.20000
6516,91.5750,150,1,0.20000
6517,86.9000,238,1,0.20000
6518,89.9250,166,1,0.20000
6519,91.8500,154,1,0.20000
6520,89.0000,215,1,0.20000
6521,79.2000,393,1,0.20000
6522,85.8000,273,1,0.20000
6523,82.1750,311,1,0.20000
6524,82.7250,295,1,0.20000
6525,86.3000,263,1,0.20000
6526,85.6750,264,1,0.20000
6527,87.1250,241,1,0.20000
6528,88.1750,228,1,0.20000
6529,82.7000,325,1,0.20000
6530,87.2750,227,1,0.20000
6531,86.8250,245,1,0.20000
6532,86.0250,280,1,0.20000
6533,84.7750,265,1,0.20000
6534,85.0000,264,1,0.20000
6535,69.2500,622,1,0.20000
6536,88.3500,260,1,0.20000
6537,87.3250,242,1,0.20000
6538,71.9750,535,1,0.20000
6539,89.4250,184,1,0.20000
6540,80.1500,366,1,0.20000
6541,91.4750,161,1,0.20000
6542,90.7750,167,1,0.20000
6543,91.2250,160,1,0.20000
6544,86.4000,251,1,0.20000
6545,91.6750,169,1,0.20000
6546,87.2000,245,1,0.20000
6547,86.7250,257,1,0.20000
6548,85.9750,262,1,0.20000
6549,91.7000,149,1,0.20000
6550,87.1500,224,1,0.20000
6551,86.6000,258,1,0.20000
6552,76.9250,440,1,0.20000
6553,88.4250,224,1,0.20000
6554,90.7250,168,1,0.20000
6555,82.7500,354,1,0.20000
6556,85.1750,309,1,0.20000
6557,85.9750,266,1,0.20000
6558,62.4500,763,1,0.20000
6559,84.7500,283,1,0.20000
6560,91.4750,138,1,0.20000
6561,91.6000,145,1,0.20000
6562,83.0750,302,1,0.20000
6563,89.0500,201,1,0.20000
6564,92.3750,167,1,0.20000
6565,85.7750,253,1,0.20000
6566,92.2000,145,1,0.20000
6567,93.1000,116,1,0.20000
6568,90.1250,171,1,0.20000
6569,86.5000,220,1,0.20000
6570,91.3500,161,1,0.20000
6571,84.7500,304,1,0.20000
6572,89.8250,190,1,0.20000
6573,73.9500,535,1,0.20000
6574,74.6750,504,1,0.20000
6575,83.9750,276,1,0.20000
6576,87.4250,215,1,0.20000
6577,90.6500,157,1,0.20000
6578,85.8500,281,1,0.20000
6579,84.3500,314,1,0.20000
6580,87.1000,240,1,0.20000
6581,88.6500,210,1,0.20000
6582,91.0250,166,1,0.20000
6583,92.0250,162,1,0.20000
6584,75.7250,473,1,0.20000
6585,87.7250,244,1,0.20000
6586,91.8000,157,1,0.20000
6587,91.9500,170,1,0.20000
6588,88.6750,239,1,0.20000
6589,88.6000,230,1,0.20000
6590,87.5750,221,1,0.20000
6591,86.9750,242,1,0.20000
6592,76.5000,437,1,0.20000
6593,59.7000,862,1,0.20000
6594,89.4250,191,1,0.20000
6595,85.7250,286,1,0.20000
6596,89.9500,174,1,0.20000
6597,86.2250,272,1,0.20000
6598,85.1750,260,1,0.20000
6599,90.7000,167,1,0.20000
6600,91.1250,161,1,0.20000
6601,85.8750,246,1,0.20000
6602,88.9250,182,1,0.20000
6603,86.8250,224,1,0.20000
6604,84.7750,261,1,0.20000
6605,64.6250,712,1,0.20000
6606,86.8000,253,1,0.20000
6607,86.8250,239,1,0.20000
6608,82.7000,316,1,0.20000
6609,90.8500,154,1,0.20000
6610,85.1250,271,1,0.20000
6611,90.8250,169,1,0.20000
6612,89.4750,168,1,0.20000
6613,92.5000,150,1,0.20000
6614,91.5000,145,1,0.20000
6615,83.0250,321,1,0.20000
6616,90.7000,167,1,0.20000
6617,90.4250,173,1,0.20000
6618,67.5250,634,1,0.20000
6619,67.2750,597,1,0.20000
6620,80.9750,349,1,0.20000
6621,84.9250,235,1,0.20000
6622,90.2500,176,1,0.20000
6623,78.5000,389,1,0.20000
6624,78.7000,421,1,0.20000
6625,84.5750,259,1,0.20000
6626,50.0250,915,1,0.20000
6627,87.1250,232,1,0.20000
6628,84.7000,253,1,0.20000
6629,86.6500,229,1,0.20000
6630,85.3000,235,1,0.20000
6631,90.7500,156,1,0.20000
6632,90.3500,157,1,0.20000
6633,83.3750,244,1,0.20000
6634,85.9500,233,1,0.20000
6635,86.3750,256,1,0.20000
6636,78.0500,386,1,0.20000
6637,84.3250,310,1,0.20000
6638,78.3500,390,1,0.20000
6639,89.9750,197,1,0.20000
6640,52.5750,917,1,0.20000
6641,87.2500,256,1,0.20000
6642,69.9000,652,1,0.20000
6643,82.7750,370,1,0.20000
6644,86.3500,277,1,0.20000
6645,88.1250,252,1,0.20000
6646,85.2500,273,1,0.20000
6647,87.5250,232,1,0.20000
6648,58.3250,852,1,0.20000
6649,68.8750,651,1,0.20000
6650,82.9000,333,1,0.20000
6651,85.5750,273,1,0.20000
6652,86.9250,253,1,0.20000
6653,59.5000,864,1,0.20000
6654,80.3000,422,1,0.20000
6655,88.7750,222,1,0.20000
6656,88.2250,242,1,0.20000
6657,87.3750,247,1,0.20000
6658,62.1750,805,1,0.20000
6659,88.9000,217,1,0.20000
6660,86.3250,240,1,0.20000
6661,90.5750,174,1,0.20000
6662,87.1250,244,1,0.20000
6663,85.9250,280,1,0.20000
6664,87.1000,221,1,0.20000
6665,90.4750,166,1,0.20000
6666,86.1250,252,1,0.20000
6667,92.8750,115,1,0.20000
6668,87.8250,228,1,0.20000
6669,91.0000,176,1,0.20000
6670,84.1750,288,1,0.20000
6671,87.4000,244,1,0.20000
6672,88.2500,243,1,0.20000
6673,88.9000,213,1,0.20000
6674,87.3500,215,1,0.20000
6675,85.8500,257,1,0.20000
6676,87.6750,244,1,0.20000
6677,87.2500,249,1,0.20000
6678,73.1750,433,1,0.20000
6679,87.2250,234,1,0.20000
6680,82.1750,299,1,0.20000
6681,88.4000,204,1,0.20000
6682,84.5750,286,1,0.20000
6683,87.3750,233,1,0.20000
6684,91.9250,159,1,0.20000
6685,90.9250,178,1,0.20000
6686,88.3750,218,1,0.20000
6687,80.8250,306,1,0.20000
6688,90.9000,161,1,0.20000
6689,83.1000,320,1,0.20000
6690,92.1750,151,1,0.20000
6691,91.5250,157,1,0.20000
6692,85.6000,248,1,0.20000
6693,85.1500,248,1,0.20000
6694,88.8250,220,1,0.20000
6695,84.6250,257,1,0.20000
6696,88.6750,206,1,0.20000
6697,90.2750,179,1,0.20000
6698,89.0250,193,1,0.20000
6699,73.8000,455,1,0.20000
6700,89.8250,178,1,0.20000
6701,83.6000,281,1,0.20000
6702,86.9750,215,1,0.20000
6703,89.3000,189,1,0.20000
6704,88.9750,185,1,0.20000
6705,89.8750,162,1,0.20000
6706,74.0000,479,1,0.20000
6707,91.7000,157,1,0.20000
6708,92.2000,139,1,0.20000
6709,90.9750,136,1,0.20000
6710,87.3500,231,1,0.20000
6711,86.8250,237,1,0.20000
6712,90.3750,157,1,0.20000
6713,87.1500,235,1,0.20000
6714,88.0500,233,1,0.20000
6715,88.3750,243,1,0.20000
6716,91.7500,164,1,0.20000
6717,87.5500,250,1,0.20000
6718,91.8500,156,1,0.20000
6719,90.6250,169,1,0.20000
6720,87.8250,222,1,0.20000
6721,73.3000,523,1,0.20000
6722,77.1250,442,1,0.20000
6723,-50.6250,999,0,0.20000
6724,84.7000,283,1,0.20000
6725,90.5000,167,1,0.20000
6726,90.4750,156,1,0.20000
6727,91.5250,151,1,0.20000
6728,88.1750,232,1,0.20000
6729,92.2750,144,1,0.20000
6730,87.4250,219,1,0.20000
6731,88.5250,230,1,0.20000
6732,87.4500,243,1,0.20000
6733,91.3500,160,1,0.20000
6734,79.0750,422,1,0.20000
6735,87.7500,237,1,0.20000
6736,82.9000,346,1,0.20000
6737,87.9250,216,1,0.20000
6738,84.0250,309,1,0.20000
6739,86.9500,242,1,0.20000
6740,88.6000,238,1,0.20000
6741,75.6500,437,1,0.20000
6742,73.9500,501,1,0.20000
6743,88.3000,214,1,0.20000
6744,77.6000,415,1,0.20000
6745,88.2500,209,1,0.20000
6746,88.2250,214,1,0.20000
6747,83.3500,294,1,0.20000
6748,87.3500,254,1,0.20000
6749,78.1000,401,1,0.20000
6750,68.7250,602,1,0.20000
6751,61.7250,774,1,0.20000
6752,87.6000,226,1,0.20000
6753,86.9500,254,1,0.20000
6754,85.8000,285,1,0.20000
6755,86.2750,243,1,0.20000
6756,90.5750,169,1,0.20000
6757,86.5500,245,1,0.20000
6758,83.2000,292,1,0.20000
6759,75.2500,527,1,0.20000
6760,85.0000,249,1,0.20000
6761,84.3250,309,1,0.20000
6762,86.5500,263,1,0.20000
6763,89.4750,215,1,0.20000
6764,87.4750,267,1,0.20000
6765,84.9500,295,1,0.20000
6766,90.9500,175,1,0.20000
6767,88.4250,198,1,0.20000
6768,90.4000,202,1,0.20000
6769,90.0000,191,1,0.20000
6770,82.8500,328,1,0.20000
6771,86.1500,249,1,0.20000
6772,87.4000,233,1,0.20000
6773,82.9750,337,1,0.20000
6774,86.6750,270,1,0.20000
6775,84.8750,250,1,0.20000
6776,85.2750,261,1,0.20000
6777,81.8750,340,1,0.20000
6778,88.6500,231,1,0.20000
6779,88.9250,207,1,0.20000
6780,88.8000,245,1,0.20000
6781,89.9000,226,1,0.20000
6782,85.8750,270,1,0.20000
6783,79.1000,394,1,0.20000
6784,86.4500,266,1,0.20000
6785,82.3500,328,1,0.20000
6786,83.7250,345,1,0.20000
6787,87.4500,230,1,0.20000
6788,83.2750,362,1,0.20000
6789,87.2750,231,1,0.20000
6790,86.0500,264,1,0.20000
6791,88.2000,231,1,0.20000
6792,87.9250,227,1,0.20000
6793,86.0750,234,1,0.20000
6794,89.9000,165,1,0.20000
6795,89.8750,165,1,0.20000
6796,82.2500,298,1,0.20000
6797,87.5250,237,1,0.20000
6798,79.0000,382,1,0.20000
6799,86.9000,246,1,0.20000
6800,82.2750,327,1,0.20000
6801,90.7750,150,1,0.20000
6802,85.0500,271,1,0.20000
6803,87.8500,220,1,0.20000
6804,76.6000,462,1,0.20000
6805,84.4000,277,1,0.20000
6806,86.2250,264,1,0.20000
6807,85.7500,262,1,0.20000
6808,66.5000,660,1,0.20000
6809,83.9000,305,1,0.20000
6810,77.2500,465,1,0.20000
6811,87.2000,238,1,0.20000
6812,75.6500,453,1,0.20000
6813,87.6750,237,1,0.20000
6814,85.5500,298,1,0.20000
6815,89.1000,205,1,0.20000
6816,91.9250,158,1,0.20000
6817,89.0250,171,1,0.20000
6818,90.3000,189,1,0.20000
6819,81.3250,362,1,0.20000
6820,82.3000,346,1,0.20000
6821,88.3500,191,1,0.20000
6822,89.1250,192,1,0.20000
6823,89.3250,169,1,0.20000
6824,87.6000,239,1,0.20000
6825,75.5500,493,1,0.20000
6826,84.0000,320,1,0.20000
6827,81.7250,360,1,0.20000
6828,81.2000,364,1,0.20000
6829,83.6500,340,1,0.20000
6830,62.3500,693,1,0.20000
6831,83.8500,300,1,0.20000
6832,86.2500,239,1,0.20000
6833,87.8500,238,1,0.20000
6834,86.3000,240,1,0.20000
6835,86.8000,269,1,0.20000
6836,85.2250,280,1,0.20000
6837,85.4250,266,1,0.20000
6838,87.4500,227,1,0.20000
6839,84.8500,272,1,0.20000
6840,85.3750,270,1,0.20000
6841,80.6250,399,1,0.20000
6842,84.4250,281,1,0.20000
6843,85.4000,301,1,0.20000
6844,84.6500,328,1,0.20000
6845,88.1250,236,1,0.20000
6846,89.3750,232,1,0.20000
6847,88.7000,220,1,0.20000
6848,80.9000,366,1,0.20000
6849,82.9000,339,1,0.20000
6850,89.9250,210,1,0.20000
6851,66.6750,646,1,0.20000
6852,89.2000,193,1,0.20000
6853,89.8250,188,1,0.20000
6854,90.9000,160,1,0.20000
6855,86.1000,248,1,0.20000
6856,90.4000,162,1,0.20000
6857,88.9000,215,1,0.20000
6858,84.7000,315,1,0.20000
6859,83.9000,294,1,0.20000
6860,81.9250,331,1,0.20000
6861,82.5250,285,1,0.20000
6862,89.0500,199,1,0.20000
6863,88.3750,197,1,0.20000
6864,80.2000,370,1,0.20000
6865,89.3500,176,1,0.20000
6866,89.0750,191,1,0.20000
6867,86.1250,244,1,0.20000
6868,88.9250,203,1,0.20000
6869,90.1750,170,1,0.20000
6870,90.2000,197,1,0.20000
6871,86.5000,256,1,0.20000
6872,85.2250,282,1,0.20000
6873,89.2750,165,1,0.20000
6874,88.9750,185,1,0.20000
6875,89.1250,182,1,0.20000
6876,89.9750,179,1,0.20000
6877,89.6500,175,1,0.20000
6878,89.8750,182,1,0.20000
6879,72.1750,477,1,0.20000
6880,78.6000,415,1,0.20000
6881,84.6000,366,1,0.20000
6882,92.1500,158,1,0.20000
6883,84.4000,317,1,0.20000
6884,90.0500,177,1,0.20000
6885,86.0750,296,1,0.20000
6886,84.4000,301,1,0.20000
6887,72.5000,528,1,0.20000
6888,81.3500,343,1,0.20000
6889,84.8750,313,1,0.20000
6890,85.7250,267,1,0.20000
6891,86.8250,282,1,0.20000
6892,85.5500,273,1,0.20000
6893,83.4750,339,1,0.20000
6894,87.7750,198,1,0.20000
6895,87.7250,234,1,0.20000
6896,89.1500,223,1,0.20000
6897,89.2000,189,1,0.20000
6898,80.7250,379,1,0.20000
6899,88.6750,231,1,0.20000
6900,86.4250,283,1,0.20000
6901,84.7500,255,1,0.20000
6902,84.3250,302,1,0.20000
6903,86.1000,269,1,0.20000
6904,84.2000,300,1,0.20000
6905,90.2500,177,1,0.20000
6906,89.5750,192,1,0.20000
6907,87.8750,224,1,0.20000
6908,87.2250,251,1,0.20000
6909,87.5000,237,1,0.20000
6910,87.5000,249,1,0.20000
6911,90.5750,158,1,0.20000
6912,82.7500,328,1,0.20000
6913,86.2000,247,1,0.20000
6914,87.5250,233,1,0.20000
6915,88.2250,238,1,0.20000
6916,87.4000,248,1,0.20000
6917,86.1250,260,1,0.20000
6918,88.6000,230,1,0.20000
6919,89.2000,225,1,0.20000
6920,87.0250,223,1,0.20000
6921,87.5250,221,1,0.20000
6922,83.2250,307,1,0.20000
6923,90.0750,177,1,0.20000
6924,84.1000,318,1,0.20000
6925,79.8000,368,1,0.20000
6926,83.6500,282,1,0.20000
6927,84.2500,292,1,0.20000
6928,86.1750,253,1,0.20000
6929,79.3000,420,1,0.20000
6930,85.9750,274,1,0.20000
6931,88.2000,228,1,0.20000
6932,89.6000,189,1,0.20000
6933,83.1250,301,1,0.20000
6934,81.1250,337,1,0.20000
6935,90.8250,161,1,0.20000
6936,87.3500,223,1,0.20000
6937,90.2500,166,1,0.20000
6938,86.0750,247,1,0.20000
6939,85.3250,258,1,0.20000
6940,53.1750,916,1,0.20000
6941,82.3000,328,1,0.20000
6942,83.2000,316,1,0.20000
6943,81.2750,417,1,0.20000
6944,76.8250,450,1,0.20000
6945,89.7750,195,1,0.20000
6946,80.5500,401,1,0.20000
6947,80.0500,419,1,0.20000
6948,87.1750,250,1,0.20000
6949,85.7000,278,1,0.20000
6950,88.2500,230,1,0.20000
6951,87.3500,242,1,0.20000
6952,91.2500,161,1,0.20000
6953,83.0000,337,1,0.20000
6954,90.8250,178,1,0.20000
6955,86.1500,266,1,0.20000
6956,82.6750,318,1,0.20000
6957,88.3000,230,1,0.20000
6958,86.6000,261,1,0.20000
6959,87.0750,246,1,0.20000
6960,88.1000,222,1,0.20000
6961,89.9000,190,1,0.20000
6962,86.2250,265,1,0.20000
6963,80.7500,376,1,0.20000
6964,82.3750,380,1,0.20000
6965,89.2250,219,1,0.20000
6966,87.7750,238,1,0.20000
6967,87.9000,252,1,0.20000
6968,80.4000,422,1,0.20000
6969,82.9250,310,1,0.20000
6970,90.7750,180,1,0.20000
6971,91.2000,165,1,0.20000
6972,89.7500,192,1,0.20000
6973,90.5000,164,1,0.20000
6974,91.0500,165,1,0.20000
6975,90.3250,185,1,0.20000
6976,86.1750,254,1,0.20000
6977,90.3000,155,1,0.20000
6978,88.4750,184,1,0.20000
6979,90.3000,156,1,0.20000
6980,90.0750,159,1,0.20000
6981,90.0750,159,1,0.20000
6982,88.0500,190,1,0.20000
6983,89.6500,169,1,0.20000
6984,89.3750,171,1,0.20000
6985,91.4250,134,1,0.20000
6986,88.0000,214,1,0.20000
6987,87.5500,224,1,0.20000
6988,88.4000,221,1,0.20000
6989,86.3000,252,1,0.20000
6990,85.3500,279,1,0.20000
6991,88.4250,228,1,0.20000
6992,88.6750,224,1,0.20000
6993,87.4750,239,1,0.20000
6994,87.0750,248,1,0.20000
6995,84.5000,315,1,0.20000
6996,88.6000,220,1,0.20000
6997,91.3000,164,1,0.20000
6998,90.5750,165,1,0.20000
6999,88.7000,218,1,0.20000
7000,89.1750,227,1,0.20000
7001,84.3000,316,1,0.20000
7002,85.4000,294,1,0.20000
7003,89.3750,217,1,0.20000
7004,78.5500,405,1,0.20000
7005,55.0000,890,1,0.20000
7006,83.6000,289,1,0.20000
7007,87.8000,236,1,0.20000
7008,91.4250,165,1,0.20000
7009,83.4250,329,1,0.20000
7010,90.2500,169,1,0.20000
7011,88.3750,235,1,0.20000
7012,88.0500,241,1,0.20000
7013,90.8000,161,1,0.20000
7014,91.8000,161,1,0.20000
7015,89.8750,194,1,0.20000
7016,89.8500,188,1,0.20000
7017,89.2250,185,1,0.20000
7018,90.7000,182,1,0.20000
7019,90.5500,147,1,0.20000
7020,91.1000,146,1,0.20000
7021,84.0750,317,1,0.20000
7022,87.4250,243,1,0.20000
7023,88.5000,237,1,0.20000
7024,91.5750,167,1,0.20000
7025,87.2250,224,1,0.20000
7026,84.3000,289,1,0.20000
7027,84.7250,288,1,0.20000
7028,80.2000,375,1,0.20000
7029,88.7750,224,1,0.20000
7030,88.0500,215,1,0.20000
7031,83.8750,294,1,0.20000
7032,89.2500,172,1,0.20000
7033,85.7250,234,1,0.20000
7034,88.6250,196,1,0.20000
7035,86.5250,231,1,0.20000
7036,87.3750,205,1,0.20000
7037,87.1750,223,1,0.20000
7038,86.9250,228,1,0.20000
7039,85.9750,238,1,0.20000
7040,83.1500,319,1,0.20000
7041,81.1000,327,1,0.20000
7042,83.0250,338,1,0.20000
7043,84.7500,331,1,0.20000
7044,88.0750,224,1,0.20000
7045,89.0250,215,1,0.20000
7046,88.9750,221,1,0.20000
7047,89.0250,213,1,0.20000
7048,83.6000,288,1,0.20000
7049,91.5000,158,1,0.20000
7050,91.4250,155,1,0.20000
7051,86.2250,229,1,0.20000
7052,89.8000,182,1,0.20000
7053,85.7250,280,1,0.20000
7054,92.5500,150,1,0.20000
7055,92.0500,158,1,0.20000
7056,83.4750,292,1,0.20000
7057,84.9750,298,1,0.20000
7058,87.9250,208,1,0.20000
7059,89.6500,180,1,0.20000
7060,85.8000,242,1,0.20000
7061,82.5500,329,1,0.20000
7062,87.4500,231,1,0.20000
7063,89.8500,183,1,0.20000
7064,92.0000,154,1,0.20000
7065,84.9000,291,1,0.20000
7066,91.8500,154,1,0.20000
7067,88.6500,208,1,0.20000
7068,90.6250,158,1,0.20000
7069,86.1250,228,1,0.20000
7070,86.2500,271,1,0.20000
7071,82.2000,368,1,0.20000
7072,82.1000,325,1,0.20000
7073,90.2750,183,1,0.20000
7074,77.8750,439,1,0.20000
7075,87.1250,241,1,0.20000
7076,90.3500,168,1,0.20000
7077,89.3500,205,1,0.20000
7078,88.8500,203,1,0.20000
7079,72.9750,551,1,0.20000
7080,78.6500,419,1,0.20000
7081,77.6000,423,1,0.20000
7082,79.2500,408,1,0.20000
7083,81.1750,345,1,0.20000
7084,88.8250,234,1,0.20000
7085,67.3750,663,1,0.20000
7086,87.7250,215,1,0.20000
7087,87.3500,224,1,0.20000
7088,86.4000,261,1,0.20000
7089,86.6750,233,1,0.20000
7090,90.3000,200,1,0.20000
7091,64.6750,653,1,0.20000
7092,87.2250,248,1,0.20000
7093,75.0250,450,1,0.20000
7094,73.2750,512,1,0.20000
7095,90.2000,170,1,0.20000
7096,87.7250,247,1,0.20000
7097,52.9000,893,1,0.20000
7098,84.3250,312,1,0.20000
7099,80.5750,405,1,0.20000
7100,81.2250,367,1,0.20000
7101,80.4500,381,1,0.20000
7102,86.5750,254,1,0.20000
7103,77.7500,407,1,0.20000
7104,75.3750,519,1,0.20000
7105,74.5750,456,1,0.20000
7106,88.3500,234,1,0.20000
7107,85.4000,274,1,0.20000
7108,88.0500,232,1,0.20000
7109,81.9750,349,1,0.20000
7110,84.2000,297,1,0.20000
7111,86.8250,233,1,0.20000
7112,87.4500,223,1,0.20000
7113,87.8250,238,1,0.20000
7114,73.4750,496,1,0.20000
7115,84.7000,271,1,0.20000
7116,85.5750,247,1,0.20000
7117,79.5750,380,1,0.20000
7118,81.9500,351,1,0.20000
7119,84.8250,285,1,0.20000
7120,84.1500,305,1,0.20000
7121,82.6500,367,1,0.20000
7122,85.6500,258,1,0.20000
7123,87.9000,233,1,0.20000
7124,89.6250,196,1,0.20000
7125,83.0750,323,1,0.20000
7126,89.2750,202,1,0.20000
7127,84.5500,298,1,0.20000
7128,79.7000,388,1,0.20000
7129,90.3250,180,1,0.20000
7130,75.0500,463,1,0.20000
7131,86.1500,252,1,0.20000
7132,86.3000,258,1,0.20000
7133,87.8750,226,1,0.20000
7134,88.0250,229,1,0.20000
7135,77.9500,405,1,0.20000
7136,89.1500,189,1,0.20000
7137,87.7750,222,1,0.20000
7138,86.4500,231,1,0.20000
7139,81.3500,334,1,0.20000
7140,85.3250,281,1,0.20000
7141,86.5000,239,1,0.20000
7142,85.6250,271,1,0.20000
7143,81.5000,372,1,0.20000
7144,88.2750,199,1,0.20000
7145,87.3750,240,1,0.20000
7146,86.2000,253,1,0.20000
7147,87.2000,233,1,0.20000
7148,84.9750,248,1,0.20000
7149,89.4750,176,1,0.20000
7150,87.5250,226,1,0.20000
7151,89.9500,175,1,0.20000
7152,85.0500,265,1,0.20000
7153,88.4000,214,1,0.20000
7154,90.7000,164,1,0.20000
7155,90.9750,158,1,0.20000
7156,87.2750,235,1,0.20000
7157,88.0000,223,1,0.20000
7158,86.8250,249,1,0.20000
7159,80.4500,404,1,0.20000
7160,86.2750,250,1,0.20000
7161,84.0500,313,1,0.20000
7162,89.3750,232,1,0.20000
7163,85.3750,252,1,0.20000
7164,90.1500,218,1,0.20000
7165,87.8000,236,1,0.20000
7166,88.6000,206,1,0.20000
7167,89.3750,190,1,0.20000
7168,90.6250,166,1,0.20000
7169,91.1750,164,1,0.20000
7170,90.2750,182,1,0.20000
7171,89.7250,168,1,0.20000
7172,88.8750,188,1,0.20000
7173,85.9500,236,1,0.20000
7174,90.1750,179,1,0.20000
7175,89.8250,174,1,0.20000
7176,84.5000,277,1,0.20000
7177,89.3750,177,1,0.20000
7178,91.7750,154,1,0.20000
7179,82.2500,327,1,0.20000
7180,88.4500,229,1,0.20000
7181,84.7500,284,1,0.20000
7182,87.9750,230,1,0.20000
7183,88.0250,214,1,0.20000
7184,83.5000,306,1,0.20000
7185,84.6500,277,1,0.20000
7186,53.5250,863,1,0.20000
7187,86.6750,254,1,0.20000
7188,90.7500,176,1,0.20000
7189,82.7750,312,1,0.20000
7190,83.9250,344,1,0.20000
7191,92.2500,164,1,0.20000
7192,75.6500,466,1,0.20000
7193,84.2500,278,1,0.20000
7194,87.4000,237,1,0.20000
7195,87.3750,224,1,0.20000
7196,91.3250,164,1,0.20000
7197,89.5750,171,1,0.20000
7198,85.5250,272,1,0.20000
7199,85.8250,282,1,0.20000
7200,88.9500,230,1,0.20000
7201,82.7500,340,1,0.20000
7202,87.8500,228,1,0.20000
7203,87.4500,236,1,0.20000
7204,82.2250,312,1,0.20000
7205,88.5250,228,1,0.20000
7206,82.8000,351,1,0.20000
7207,88.0750,223,1,0.20000
7208,87.0500,250,1,0.20000
7209,84.4250,313,1,0.20000
7210,87.8000,235,1,0.20000
7211,90.0000,224,1,0.20000
7212,58.8250,842,1,0.20000
7213,84.3000,301,1,0.20000
7214,83.1000,345,1,0.20000
7215,80.1250,375,1,0.20000
7216,81.2000,378,1,0.20000
7217,82.7500,343,1,0.20000
7218,83.9250,318,1,0.20000
7219,86.3000,285,1,0.20000
7220,81.8000,379,1,0.20000
7221,87.8750,229,1,0.20000
7222,79.4250,380,1,0.20000
7223,83.9500,303,1,0.20000
7224,78.8250,448,1,0.20000
7225,60.5000,773,1,0.20000
7226,86.0500,291,1,0.20000
7227,87.1000,270,1,0.20000
7228,64.0250,692,1,0.20000
7229,70.9750,594,1,0.20000
7230,76.6750,439,1,0.20000
7231,87.3500,236,1,0.20000
7232,87.1750,243,1,0.20000
7233,81.0500,357,1,0.20000
7234,87.9000,213,1,0.20000
7235,87.2500,220,1,0.20000
7236,66.7750,656,1,0.20000
7237,86.9000,267,1,0.20000
7238,89.0750,231,1,0.20000
7239,88.7750,214,1,0.20000
7240,88.5500,208,1,0.20000
7241,79.4000,401,1,0.20000
7242,77.1500,472,1,0.20000
7243,85.8250,257,1,0.20000
7244,86.7750,246,1,0.20000
7245,75.5250,464,1,0.20000
7246,76.3500,428,1,0.20000
7247,74.1000,430,1,0.20000
7248,87.6750,229,1,0.20000
7249,90.9750,170,1,0.20000
7250,86.2000,250,1,0.20000
7251,84.7750,263,1,0.20000
7252,85.6750,256,1,0.20000
7253,90.9750,163,1,0.20000
7254,88.2000,250,1,0.20000
7255,84.9500,267,1,0.20000
7256,91.3250,177,1,0.20000
7257,90.1250,184,1,0.20000
7258,59.7500,749,1,0.20000
7259,90.1000,171,1,0.20000
7260,84.3500,281,1,0.20000
7261,89.8250,183,1,0.20000
7262,85.1250,280,1,0.20000
7263,90.7250,160,1,0.20000
7264,84.9500,248,1,0.20000
7265,83.7750,254,1,0.20000
7266,79.2000,379,1,0.20000
7267,85.3000,273,1,0.20000
7268,80.6750,399,1,0.20000
7269,85.3500,282,1,0.20000
7270,86.6500,261,1,0.20000
7271,86.9250,251,1,0.20000
7272,86.6000,281,1,0.20000
7273,90.3000,170,1,0.20000
7274,84.4000,263,1,0.20000
7275,91.2500,156,1,0.20000
7276,88.3250,215,1,0.20000
7277,92.2250,151,1,0.20000
7278,86.5250,260,1,0.20000
7279,82.6000,320,1,0.20000
7280,88.9250,224,1,0.20000
7281,-49.9750,999,0,0.20000
7282,87.5750,243,1,0.20000
7283,91.4750,157,1,0.20000
7284,93.1750,124,1,0.20000
7285,88.2500,196,1,0.20000
7286,87.8500,235,1,0.20000
7287,87.8250,212,1,0.20000
7288,86.8750,244,1,0.20000
7289,80.5500,334,1,0.20000
7290,84.0750,298,1,0.20000
7291,83.8750,305,1,0.20000
7292,84.8500,312,1,0.20000
7293,88.0000,236,1,0.20000
7294,84.3250,318,1,0.20000
7295,80.8500,373,1,0.20000
7296,60.9000,718,1,0.20000
7297,77.1750,407,1,0.20000
7298,79.5750,388,1,0.20000
7299,82.1750,327,1,0.20000
7300,87.3250,241,1,0.20000
7301,84.2250,260,1,0.20000
7302,83.2250,296,1,0.20000
7303,84.1500,321,1,0.20000
7304,87.4750,228,1,0.20000
7305,88.6750,194,1,0.20000
7306,89.7000,190,1,0.20000
7307,90.2750,170,1,0.20000
7308,83.0500,328,1,0.20000
7309,79.2000,491,1,0.20000
7310,74.2500,502,1,0.20000
7311,81.8000,378,1,0.20000
7312,85.1000,313,1,0.20000
7313,86.7250,229,1,0.20000
7314,83.7000,329,1,0.20000
7315,77.4250,459,1,0.20000
7316,88.6500,193,1,0.20000
7317,87.3000,214,1,0.20000
7318,86.9000,240,1,0.20000
7319,88.7250,175,1,0.20000
7320,86.7750,242,1,0.20000
7321,91.5500,151,1,0.20000
7322,88.3750,219,1,0.20000
7323,92.1500,154,1,0.20000
7324,86.1500,242,1,0.20000
7325,91.2500,170,1,0.20000
7326,89.3250,180,1,0.20000
7327,76.5000,454,1,0.20000
7328,86.6500,247,1,0.20000
7329,89.4750,219,1,0.20000
7330,86.3750,265,1,0.20000
7331,75.7250,512,1,0.20000
7332,91.5750,154,1,0.20000
7333,92.2250,157,1,0.20000
7334,85.2750,298,1,0.20000
7335,87.9000,240,1,0.20000
7336,85.8000,281,1,0.20000
7337,87.9750,227,1,0.20000
7338,81.6000,402,1,0.20000
7339,87.4750,261,1,0.20000
7340,93.5500,155,1,0.20000
7341,77.6500,453,1,0.20000
7342,88.4750,233,1,0.20000
7343,84.5000,287,1,0.20000
7344,89.1000,176,1,0.20000
7345,82.6750,344,1,0.20000
7346,84.2000,270,1,0.20000
7347,90.9250,163,1,0.20000
7348,81.9250,346,1,0.20000
7349,86.1000,301,1,0.20000
7350,86.0000,258,1,0.20000
7351,86.0500,247,1,0.20000
7352,89.5250,173,1,0.20000
7353,82.3000,327,1,0.20000
7354,84.8750,263,1,0.20000
7355,84.8000,271,1,0.20000
7356,86.4750,242,1,0.20000
7357,87.3000,224,1,0.20000
7358,86.8000,247,1,0.20000
7359,86.9500,228,1,0.20000
7360,88.1250,227,1,0.20000
7361,86.0500,268,1,0.20000
7362,86.9750,222,1,0.20000
7363,87.8000,229,1,0.20000
7364,80.9000,363,1,0.20000
7365,54.9250,906,1,0.20000
7366,84.6500,269,1,0.20000
7367,87.6500,222,1,0.20000
7368,88.2500,241,1,0.20000
7369,87.6750,228,1,0.20000
7370,87.4250,279,1,0.20000
7371,85.2500,278,1,0.20000
7372,91.8500,148,1,0.20000
7373,87.4500,237,1,0.20000
7374,89.1250,226,1,0.20000
7375,91.4250,161,1,0.20000
7376,76.6250,453,1,0.20000
7377,87.6000,260,1,0.20000
7378,76.5000,510,1,0.20000
7379,86.0000,261,1,0.20000
7380,81.1500,387,1,0.20000
7381,89.1500,197,1,0.20000
7382,87.9250,199,1,0.20000
7383,90.3750,169,1,0.20000
7384,87.9250,222,1,0.20000
7385,89.8500,163,1,0.20000
7386,87.5750,244,1,0.20000
7387,91.4500,158,1,0.20000
7388,88.7250,216,1,0.20000
7389,90.1000,181,1,0.20000
7390,86.2750,277,1,0.20000
7391,88.4000,236,1,0.20000
7392,87.8250,216,1,0.20000
7393,89.6250,187,1,0.20000
7394,80.3750,346,1,0.20000
7395,79.8500,391,1,0.20000
7396,89.2250,212,1,0.20000
7397,88.4000,234,1,0.20000
7398,91.0000,154,1,0.20000
7399,90.1500,187,1,0.20000
7400,91.8750,161,1,0.20000
7401,89.8000,195,1,0.20000
7402,88.5250,199,1,0.20000
7403,88.3750,247,1,0.20000
7404,90.7000,161,1,0.20000
7405,91.7250,154,1,0.20000
7406,91.0250,161,1,0.20000
7407,91.0500,168,1,0.20000
7408,91.5500,165,1,0.20000
7409,82.5000,336,1,0.20000
7410,85.4500,302,1,0.20000
7411,87.5250,226,1,0.20000
7412,92.5250,148,1,0.20000
7413,87.0750,236,1,0.20000
7414,89.0500,209,1,0.20000
7415,-50.6500,999,0,0.20000
7416,90.5750,186,1,0.20000
7417,87.1750,257,1,0.20000
7418,66.2000,651,1,0.20000
7419,77.5250,443,1,0.20000
7420,86.9750,254,1,0.20000
7421,83.6250,291,1,0.20000
7422,89.2750,211,1,0.20000
7423,90.9500,150,1,0.20000
7424,84.0000,286,1,0.20000
7425,74.3250,482,1,0.20000
7426,89.7750,213,1,0.20000
7427,87.0000,287,1,0.20000
7428,85.9500,287,1,0.20000
7429,60.1250,772,1,0.20000
7430,88.4500,220,1,0.20000
7431,82.2750,359,1,0.20000
7432,80.2750,400,1,0.20000
7433,90.7000,183,1,0.20000
7434,87.5000,225,1,0.20000
7435,91.8500,149,1,0.20000
7436,88.3500,217,1,0.20000
7437,82.7000,333,1,0.20000
7438,88.4250,227,1,0.20000
7439,89.1500,222,1,0.20000
7440,88.3250,230,1,0.20000
7441,88.2750,227,1,0.20000
7442,84.3000,325,1,0.20000
7443,88.9000,215,1,0.20000
7444,88.3500,221,1,0.20000
7445,83.7750,317,1,0.20000
7446,88.0250,248,1,0.20000
7447,87.7500,239,1,0.20000
7448,88.2750,237,1,0.20000
7449,78.0000,450,1,0.20000
7450,82.5750,338,1,0.20000
7451,83.5750,295,1,0.20000
7452,87.6000,226,1,0.20000
7453,91.1250,161,1,0.20000
7454,86.9000,254,1,0.20000
7455,88.1000,220,1,0.20000
7456,79.8250,376,1,0.20000
7457,88.1000,255,1,0.20000
7458,88.1250,231,1,0.20000
7459,87.8500,293,1,0.20000
7460,86.7250,270,1,0.20000
7461,86.7750,247,1,0.20000
7462,89.0000,226,1,0.20000
7463,88.7000,227,1,0.20000
7464,90.7000,163,1,0.20000
7465,87.2750,231,1,0.20000
7466,89.7750,162,1,0.20000
7467,88.5500,206,1,0.20000
7468,89.5500,154,1,0.20000
7469,87.0500,248,1,0.20000
7470,81.2500,340,1,0.20000
7471,87.0250,232,1,0.20000
7472,87.6250,231,1,0.20000
7473,89.2750,193,1,0.20000
7474,87.1000,251,1,0.20000
7475,87.3000,238,1,0.20000
7476,86.3750,253,1,0.20000
7477,88.7750,231,1,0.20000
7478,84.5000,311,1,0.20000
7479,89.0500,225,1,0.20000
7480,84.2750,311,1,0.20000
7481,87.4750,241,1,0.20000
7482,88.6750,230,1,0.20000
7483,85.2000,291,1,0.20000
7484,87.2500,233,1,0.20000
7485,87.4750,213,1,0.20000
7486,87.6750,226,1,0.20000
7487,87.4000,223,1,0.20000
7488,84.0500,296,1,0.20000
7489,75.8750,480,1,0.20000
7490,82.8000,352,1,0.20000
7491,91.2250,191,1,0.20000
7492,87.4750,242,1,0.20000
7493,90.2000,169,1,0.20000
7494,87.2000,239,1,0.20000
7495,85.9750,253,1,0.20000
7496,82.3500,322,1,0.20000
7497,91.5000,148,1,0.20000
7498,84.1250,307,1,0.20000
7499,80.4750,365,1,0.20000
7500,87.9500,233,1,0.20000
7501,89.0500,182,1,0.20000
7502,87.9250,206,1,0.20000
7503,91.3750,161,1,0.20000
7504,88.8000,173,1,0.20000
7505,85.9250,242,1,0.20000
7506,89.7750,175,1,0.20000
7507,87.2250,243,1,0.20000
7508,89.7500,175,1,0.20000
7509,87.4750,238,1,0.20000
7510,85.0000,294,1,0.20000
7511,87.6000,238,1,0.20000
7512,86.1750,252,1,0.20000
7513,88.8500,199,1,0.20000
7514,87.9500,225,1,0.20000
7515,86.5750,283,1,0.20000
7516,86.1500,272,1,0.20000
7517,87.8500,229,1,0.20000
7518,88.3250,208,1,0.20000
7519,89.7500,197,1,0.20000
7520,89.7250,194,1,0.20000
7521,80.3000,396,1,0.20000
7522,77.7750,424,1,0.20000
7523,84.9000,261,1,0.20000
7524,84.6250,261,1,0.20000
7525,88.7250,191,1,0.20000
7526,90.4750,184,1,0.20000
7527,89.4500,182,1,0.20000
7528,88.2000,225,1,0.20000
7529,91.9250,149,1,0.20000
7530,89.4000,184,1,0.20000
7531,85.9000,250,1,0.20000
7532,85.2500,269,1,0.20000
7533,91.8750,154,1,0.20000
7534,87.6750,231,1,0.20000
7535,87.9500,227,1,0.20000
7536,88.0000,223,1,0.20000
7537,92.0500,155,1,0.20000
7538,86.5750,254,1,0.20000
7539,87.0250,241,1,0.20000
7540,85.9250,250,1,0.20000
7541,88.3750,236,1,0.20000
7542,84.6000,297,1,0.20000
7543,88.3000,223,1,0.20000
7544,86.5750,238,1,0.20000
7545,87.2000,230,1,0.20000
7546,75.7750,441,1,0.20000
7547,80.8250,354,1,0.20000
7548,81.6500,363,1,0.20000
7549,90.2000,172,1,0.20000
7550,87.8000,245,1,0.20000
7551,90.9000,161,1,0.20000
7552,91.3250,168,1,0.20000
7553,76.3500,427,1,0.20000
7554,84.8000,257,1,0.20000
7555,87.8250,232,1,0.20000
7556,89.0500,194,1,0.20000
7557,74.5500,493,1,0.20000
7558,90.3750,169,1,0.20000
7559,90.8000,155,1,0.20000
7560,88.5000,191,1,0.20000
7561,68.1750,591,1,0.20000
7562,78.5250,402,1,0.20000
7563,81.5250,354,1,0.20000
7564,91.9750,147,1,0.20000
7565,87.7250,237,1,0.20000
7566,83.0250,329,1,0.20000
7567,89.5500,196,1,0.20000
7568,87.1500,244,1,0.20000
7569,87.4500,218,1,0.20000
7570,83.4750,305,1,0.20000
7571,87.0250,237,1,0.20000
7572,90.0000,199,1,0.20000
7573,84.0250,292,1,0.20000
7574,77.6750,471,1,0.20000
7575,90.0000,195,1,0.20000
7576,81.3250,353,1,0.20000
7577,89.9250,196,1,0.20000
7578,86.4250,230,1,0.20000
7579,85.1000,273,1,0.20000
7580,91.7000,171,1,0.20000
7581,83.2500,302,1,0.20000
7582,92.0000,162,1,0.20000
7583,90.8000,163,1,0.20000
7584,86.1750,248,1,0.20000
7585,69.8500,609,1,0.20000
7586,88.3500,200,1,0.20000
7587,87.7750,224,1,0.20000
7588,75.1000,455,1,0.20000
7589,87.7250,228,1,0.20000
7590,85.2500,282,1,0.20000
7591,87.6000,261,1,0.20000
7592,88.0000,242,1,0.20000
7593,88.7250,226,1,0.20000
7594,91.8250,153,1,0.20000
7595,87.4250,254,1,0.20000
7596,86.2500,258,1,0.20000
7597,86.2500,240,1,0.20000
7598,90.1250,213,1,0.20000
7599,91.2500,141,1,0.20000
7600,86.3000,248,1,0.20000
7601,89.7750,184,1,0.20000
7602,90.0750,188,1,0.20000
7603,92.0000,142,1,0.20000
7604,89.9500,184,1,0.20000
7605,87.2250,236,1,0.20000
7606,88.6000,214,1,0.20000
7607,90.6500,192,1,0.20000
7608,89.9750,180,1,0.20000
7609,91.1500,163,1,0.20000
7610,90.7000,186,1,0.20000
7611,89.6750,177,1,0.20000
7612,87.8500,219,1,0.20000
7613,86.1250,269,1,0.20000
7614,91.6000,173,1,0.20000
7615,91.3000,161,1,0.20000
7616,87.8250,245,1,0.20000
7617,86.0000,254,1,0.20000
7618,90.8750,183,1,0.20000
7619,92.7500,149,1,0.20000
7620,86.0250,251,1,0.20000
7621,87.8250,243,1,0.20000
7622,90.2250,159,1,0.20000
7623,88.3000,222,1,0.20000
7624,87.4000,237,1,0.20000
7625,86.2750,252,1,0.20000
7626,88.5750,211,1,0.20000
7627,85.7250,244,1,0.20000
7628,91.1250,158,1,0.20000
7629,87.3000,243,1,0.20000
7630,87.5250,226,1,0.20000
7631,82.3000,296,1,0.20000
7632,87.8500,227,1,0.20000
7633,86.9250,230,1,0.20000
7634,79.0500,389,1,0.20000
7635,88.1250,228,1,0.20000
7636,78.9250,430,1,0.20000
7637,73.6000,474,1,0.20000
7638,92.1750,157,1,0.20000
7639,84.2250,288,1,0.20000
7640,88.8000,233,1,0.20000
7641,80.6000,353,1,0.20000
7642,87.3250,237,1,0.20000
7643,82.6000,349,1,0.20000
7644,74.6750,454,1,0.20000
7645,87.5500,219,1,0.20000
7646,90.6000,181,1,0.20000
7647,87.3500,237,1,0.20000
7648,91.4250,162,1,0.20000
7649,89.8500,206,1,0.20000
7650,84.6750,310,1,0.20000
7651,90.2750,185,1,0.20000
7652,91.2000,167,1,0.20000
7653,92.4000,152,1,0.20000
7654,90.6500,159,1,0.20000
7655,91.6250,168,1,0.20000
7656,91.6250,155,1,0.20000
7657,92.4000,152,1,0.20000
7658,88.0500,224,1,0.20000
7659,88.1500,217,1,0.20000
7660,91.0500,153,1,0.20000
7661,86.1750,275,1,0.20000
7662,90.6000,155,1,0.20000
7663,71.1000,589,1,0.20000
7664,88.8500,230,1,0.20000
7665,89.1500,188,1,0.20000
7666,75.9500,459,1,0.20000
7667,81.3000,354,1,0.20000
7668,91.8500,156,1,0.20000
7669,90.8000,162,1,0.20000
7670,91.6750,148,1,0.20000
7671,86.9000,258,1,0.20000
7672,84.1250,258,1,0.20000
7673,86.1750,244,1,0.20000
7674,88.8750,194,1,0.20000
7675,87.2250,227,1,0.20000
7676,87.2500,224,1,0.20000
7677,86.6500,235,1,0.20000
7678,90.4250,157,1,0.20000
7679,84.9000,269,1,0.20000
7680,87.2000,248,1,0.20000
7681,86.2250,248,1,0.20000
7682,87.8000,219,1,0.20000
7683,87.7000,227,1,0.20000
7684,89.7000,168,1,0.20000
7685,89.6750,216,1,0.20000
7686,88.0750,224,1,0.20000
7687,92.2500,154,1,0.20000
7688,91.1250,149,1,0.20000
7689,89.5000,183,1,0.20000
7690,87.2500,217,1,0.20000
7691,87.8000,228,1,0.20000
7692,78.3750,427,1,0.20000
7693,85.5750,259,1,0.20000
7694,89.2250,233,1,0.20000
7695,92.8500,153,1,0.20000
7696,66.9750,689,1,0.20000
7697,87.8000,236,1,0.20000
7698,82.3750,327,1,0.20000
7699,87.8750,226,1,0.20000
7700,65.8750,661,1,0.20000
7701,88.9250,228,1,0.20000
7702,87.6500,232,1,0.20000
7703,84.2750,300,1,0.20000
7704,87.5500,258,1,0.20000
7705,89.9000,223,1,0.20000
7706,88.6750,234,1,0.20000
7707,89.2000,211,1,0.20000
7708,88.6000,216,1,0.20000
7709,89.1500,215,1,0.20000
7710,90.4250,182,1,0.20000
7711,91.8500,153,1,0.20000
7712,91.3500,161,1,0.20000
7713,91.1250,159,1,0.20000
7714,86.8000,244,1,0.20000
7715,85.6500,290,1,0.20000
7716,88.8250,222,1,0.20000
7717,85.4500,254,1,0.20000
7718,89.8250,162,1,0.20000
7719,89.7000,187,1,0.20000
7720,84.4000,274,1,0.20000
7721,86.9000,205,1,0.20000
7722,90.2750,156,1,0.20000
7723,79.9250,394,1,0.20000
7724,87.8250,206,1,0.20000
7725,90.7250,163,1,0.20000
7726,85.7250,266,1,0.20000
7727,91.0500,169,1,0.20000
7728,92.1250,153,1,0.20000
7729,87.7000,226,1,0.20000
7730,87.7000,231,1,0.20000
7731,84.2250,303,1,0.20000
7732,91.9500,152,1,0.20000
7733,88.4250,221,1,0.20000
7734,90.8750,165,1,0.20000
7735,91.0250,204,1,0.20000
7736,77.9500,396,1,0.20000
7737,86.6250,241,1,0.20000
7738,86.8750,272,1,0.20000
7739,88.5250,222,1,0.20000
7740,86.2250,243,1,0.20000
7741,87.9500,216,1,0.20000
7742,89.8750,174,1,0.20000
7743,87.5750,223,1,0.20000
7744,85.1750,249,1,0.20000
7745,85.6500,245,1,0.20000
7746,87.9500,215,1,0.20000
7747,85.2000,250,1,0.20000
7748,84.6500,278,1,0.20000
7749,90.2000,206,1,0.20000
7750,88.2750,209,1,0.20000
7751,50.9750,970,1,0.20000
7752,59.5000,757,1,0.20000
7753,74.2500,448,1,0.20000
7754,77.3000,384,1,0.20000
7755,69.6000,566,1,0.20000
7756,79.8000,345,1,0.20000
7757,88.6750,214,1,0.20000
7758,84.0750,346,1,0.20000
7759,85.2250,303,1,0.20000
7760,87.2000,229,1,0.20000
7761,74.7750,464,1,0.20000
7762,81.4000,335,1,0.20000
7763,82.7000,311,1,0.20000
7764,82.3750,328,1,0.20000
7765,86.7250,242,1,0.20000
7766,86.5750,238,1,0.20000
7767,88.7000,239,1,0.20000
7768,83.7000,319,1,0.20000
7769,83.5250,311,1,0.20000
7770,85.3000,256,1,0.20000
7771,85.7000,243,1,0.20000
7772,91.6000,145,1,0.20000
7773,89.6000,162,1,0.20000
7774,89.5500,163,1,0.20000
7775,85.2500,242,1,0.20000
7776,84.4000,298,1,0.20000
7777,86.0750,240,1,0.20000
7778,77.6250,416,1,0.20000
7779,88.3250,214,1,0.20000
7780,83.3750,305,1,0.20000
7781,85.1750,242,1,0.20000
7782,84.7500,303,1,0.20000
7783,86.0750,233,1,0.20000
7784,79.7750,328,1,0.20000
7785,89.7500,184,1,0.20000
7786,76.0250,414,1,0.20000
7787,75.3750,499,1,0.20000
7788,84.2250,290,1,0.20000
7789,75.8500,456,1,0.20000
7790,72.9750,530,1,0.20000
7791,80.7000,352,1,0.20000
7792,83.1000,313,1,0.20000
7793,87.4750,227,1,0.20000
7794,88.7500,204,1,0.20000
7795,87.0500,258,1,0.20000
7796,86.7000,243,1,0.20000
7797,89.0750,176,1,0.20000
7798,83.7500,272,1,0.20000
7799,87.2250,237,1,0.20000
7800,86.3000,261,1,0.20000
7801,86.4250,237,1,0.20000
7802,87.3250,227,1,0.20000
7803,87.0250,253,1,0.20000
7804,88.6250,174,1,0.20000
7805,85.8500,262,1,0.20000
7806,83.5000,289,1,0.20000
7807,85.7500,273,1,0.20000
7808,87.0000,243,1,0.20000
7809,87.8500,242,1,0.20000
7810,88.0000,207,1,0.20000
7811,85.8500,250,1,0.20000
7812,88.4000,225,1,0.20000
7813,86.9250,224,1,0.20000
7814,87.7250,225,1,0.20000
7815,81.9500,324,1,0.20000
7816,77.0000,450,1,0.20000
7817,82.2750,347,1,0.20000
7818,91.1000,167,1,0.20000
7819,88.1250,239,1,0.20000
7820,90.7250,170,1,0.20000
7821,91.0750,142,1,0.20000
7822,85.5250,275,1,0.20000
7823,91.2000,157,1,0.20000
7824,86.9500,264,1,0.20000
7825,88.1250,237,1,0.20000
7826,84.3000,294,1,0.20000
7827,89.0000,227,1,0.20000
7828,77.6500,412,1,0.20000
7829,91.3500,165,1,0.20000
7830,81.5000,372,1,0.20000
7831,82.4500,318,1,0.20000
7832,87.6000,218,1,0.20000
7833,90.7500,155,1,0.20000
7834,87.6000,227,1,0.20000
7835,89.8500,175,1,0.20000
7836,86.0500,218,1,0.20000
7837,81.1750,340,1,0.20000
7838,89.6250,179,1,0.20000
7839,90.3250,181,1,0.20000
7840,90.6500,168,1,0.20000
7841,91.2250,180,1,0.20000
7842,85.9750,260,1,0.20000
7843,84.1500,268,1,0.20000
7844,90.8250,163,1,0.20000
7845,88.5500,204,1,0.20000
7846,90.1250,156,1,0.20000
7847,86.7250,217,1,0.20000
7848,80.4250,370,1,0.20000
7849,90.1250,177,1,0.20000
7850,90.6750,156,1,0.20000
7851,90.6000,159,1,0.20000
7852,83.7750,294,1,0.20000
7853,90.7750,163,1,0.20000
7854,88.9750,190,1,0.20000
7855,89.5750,171,1,0.20000
7856,91.7500,149,1,0.20000
7857,91.9000,151,1,0.20000
7858,90.3750,171,1,0.20000
7859,91.4250,158,1,0.20000
7860,91.0750,161,1,0.20000
7861,80.0500,390,1,0.20000
7862,90.7750,161,1,0.20000
7863,91.6250,153,1,0.20000
7864,90.8750,163,1,0.20000
7865,86.9500,238,1,0.20000
7866,84.4500,286,1,0.20000
7867,85.7500,281,1,0.20000
7868,91.9000,151,1,0.20000
7869,85.7250,276,1,0.20000
7870,83.5500,302,1,0.20000
7871,89.0250,214,1,0.20000
7872,82.7000,328,1,0.20000
7873,92.5750,156,1,0.20000
7874,82.6750,364,1,0.20000
7875,91.8000,161,1,0.20000
7876,85.7750,272,1,0.20000
7877,86.0750,266,1,0.20000
7878,90.5000,172,1,0.20000
7879,88.0750,233,1,0.20000
7880,91.6250,168,1,0.20000
7881,90.6500,154,1,0.20000
7882,89.8500,170,1,0.20000
7883,85.4750,263,1,0.20000
7884,87.0750,228,1,0.20000
7885,76.8250,449,1,0.20000
7886,85.3250,307,1,0.20000
7887,87.0500,239,1,0.20000
7888,89.1250,229,1,0.20000
7889,85.9500,247,1,0.20000
7890,88.9750,182,1,0.20000
7891,86.0750,259,1,0.20000
7892,87.8500,223,1,0.20000
7893,87.9750,222,1,0.20000
7894,87.8750,234,1,0.20000
7895,86.8750,223,1,0.20000
7896,82.9000,313,1,0.20000
7897,84.5750,282,1,0.20000
7898,88.3750,223,1,0.20000
7899,86.4750,233,1,0.20000
7900,84.4750,279,1,0.20000
7901,81.1500,371,1,0.20000
7902,85.9250,255,1,0.20000
7903,81.3500,353,1,0.20000
7904,71.5750,520,1,0.20000
7905,89.3250,202,1,0.20000
7906,89.5250,165,1,0.20000
7907,88.5500,182,1,0.20000
7908,87.3750,229,1,0.20000
7909,76.6250,412,1,0.20000
7910,84.3250,309,1,0.20000
7911,88.2250,224,1,0.20000
7912,83.0750,314,1,0.20000
7913,86.5750,259,1,0.20000
7914,89.8500,177,1,0.20000
7915,84.6500,287,1,0.20000
7916,87.9250,223,1,0.20000
7917,89.3500,163,1,0.20000
7918,89.5000,186,1,0.20000
7919,90.7000,166,1,0.20000
7920,89.2750,194,1,0.20000
7921,88.2250,240,1,0.20000
7922,87.7000,232,1,0.20000
7923,86.2000,268,1,0.20000
7924,67.3750,613,1,0.20000
7925,89.0000,201,1,0.20000
7926,88.9750,166,1,0.20000
7927,79.8000,334,1,0.20000
7928,85.2750,256,1,0.20000
7929,75.5750,430,1,0.20000
7930,60.0500,748,1,0.20000
7931,88.5500,213,1,0.20000
7932,80.6500,379,1,0.20000
7933,79.2500,401,1,0.20000
7934,64.7500,673,1,0.20000
7935,83.8750,307,1,0.20000
7936,73.7000,518,1,0.20000
7937,82.7000,371,1,0.20000
7938,84.9500,313,1,0.20000
7939,87.6000,244,1,0.20000
7940,84.3000,323,1,0.20000
7941,84.2500,314,1,0.20000
7942,82.8250,318,1,0.20000
7943,80.3000,343,1,0.20000
7944,86.4750,229,1,0.20000
7945,82.7750,310,1,0.20000
7946,87.3750,221,1,0.20000
7947,86.7750,251,1,0.20000
7948,75.9250,451,1,0.20000
7949,82.4500,322,1,0.20000
7950,84.7500,274,1,0.20000
7951,86.2250,242,1,0.20000
7952,78.8250,382,1,0.20000
7953,69.6250,577,1,0.20000
7954,72.7250,528,1,0.20000
7955,88.6500,231,1,0.20000
7956,87.3500,255,1,0.20000
7957,88.3500,221,1,0.20000
7958,86.4500,265,1,0.20000
7959,84.0250,332,1,0.20000
7960,89.6000,206,1,0.20000
7961,84.6250,294,1,0.20000
7962,83.7500,315,1,0.20000
7963,90.0500,188,1,0.20000
7964,88.2750,206,1,0.20000
7965,86.6250,223,1,0.20000
7966,92.1000,163,1,0.20000
7967,80.8750,333,1,0.20000
7968,85.5250,276,1,0.20000
7969,89.3000,219,1,0.20000
7970,84.2000,280,1,0.20000
7971,88.6750,203,1,0.20000
7972,83.5000,317,1,0.20000
7973,89.7000,187,1,0.20000
7974,87.5500,232,1,0.20000
7975,88.9750,182,1,0.20000
7976,85.2500,253,1,0.20000
7977,73.3750,525,1,0.20000
7978,88.1500,219,1,0.20000
7979,88.8000,212,1,0.20000
7980,80.6500,349,1,0.20000
7981,82.3250,339,1,0.20000
7982,84.9750,279,1,0.20000
7983,89.4000,188,1,0.20000
7984,81.3000,345,1,0.20000
7985,84.9000,309,1,0.20000
7986,77.7500,396,1,0.20000
7987,86.5500,260,1,0.20000
7988,79.8750,371,1,0.20000
7989,78.7500,379,1,0.20000
7990,78.1250,403,1,0.20000
7991,83.6250,282,1,0.20000
7992,86.6750,250,1,0.20000
7993,86.9250,233,1,0.20000
7994,87.3500,222,1,0.20000
7995,89.1000,202,1,0.20000
7996,89.0500,208,1,0.20000
7997,80.6000,366,1,0.20000
7998,81.9000,340,1,0.20000
7999,88.4750,236,1,0.20000
